process,model,seed,horizon,z_mean,z_var,psi,psi_theory,n_eff_pert,n_eff_emp,R_frobenius
WN,ORACLE,0,1,0.08861984108864181,0.9675138532889733,0.0,0.0,32.0,33.26788440942166,1.3949388584094449
WN,ORACLE,0,2,0.052948197844138796,0.9572673699896541,0.0,0.0,32.0,33.26788440942166,1.3949388584094449
WN,ORACLE,0,3,-0.027128423869128372,1.0031020697261657,0.0,0.0,32.0,33.26788440942166,1.3949388584094449
WN,ORACLE,0,4,0.00478305308890216,0.9905520743172208,0.0,0.0,32.0,33.26788440942166,1.3949388584094449
WN,ORACLE,0,5,0.015446679098469198,0.8568899529089996,0.0,0.0,32.0,33.26788440942166,1.3949388584094449
WN,ORACLE,0,6,0.03323263143773361,1.0424624766888626,0.0,0.0,32.0,33.26788440942166,1.3949388584094449
WN,ORACLE,0,7,-0.07112895126642084,0.9612305034109744,0.0,0.0,32.0,33.26788440942166,1.3949388584094449
WN,ORACLE,0,8,-0.1221435412978385,1.0159404307696227,0.0,0.0,32.0,33.26788440942166,1.3949388584094449
WN,ORACLE,0,9,0.00028832487016721586,0.8333332366022808,0.0,0.0,32.0,33.26788440942166,1.3949388584094449
WN,ORACLE,0,10,-0.01118685776490964,0.8274475863256712,0.0,0.0,32.0,33.26788440942166,1.3949388584094449
WN,ORACLE,0,11,0.005451378019937167,1.012017950625085,0.0,0.0,32.0,33.26788440942166,1.3949388584094449
WN,ORACLE,0,12,0.0008794057495219458,0.9314077433350129,0.0,0.0,32.0,33.26788440942166,1.3949388584094449
WN,ORACLE,0,13,-0.010449033376661395,0.913627943135491,0.0,0.0,32.0,33.26788440942166,1.3949388584094449
WN,ORACLE,0,14,-0.05138216362712296,0.924315535486702,0.0,0.0,32.0,33.26788440942166,1.3949388584094449
WN,ORACLE,0,15,-0.019360780253777903,0.8698117422310293,0.0,0.0,32.0,33.26788440942166,1.3949388584094449
WN,ORACLE,0,16,-0.12738523023136467,0.9268782366139608,0.0,0.0,32.0,33.26788440942166,1.3949388584094449
WN,ORACLE,0,17,-0.04831844123800295,0.9150020812084495,0.0,0.0,32.0,33.26788440942166,1.3949388584094449
WN,ORACLE,0,18,-0.008178564234321778,0.949482533246246,0.0,0.0,32.0,33.26788440942166,1.3949388584094449
WN,ORACLE,0,19,-0.027271723729824046,0.9986710159762314,0.0,0.0,32.0,33.26788440942166,1.3949388584094449
WN,ORACLE,0,20,-0.01842106594708912,1.0215804667702544,0.0,0.0,32.0,33.26788440942166,1.3949388584094449
WN,ORACLE,0,21,-0.03289261176601733,0.9563816651092759,0.0,0.0,32.0,33.26788440942166,1.3949388584094449
WN,ORACLE,0,22,0.07877974370245919,0.889080145441369,0.0,0.0,32.0,33.26788440942166,1.3949388584094449
WN,ORACLE,0,23,0.007798966910346193,0.9255916710132365,0.0,0.0,32.0,33.26788440942166,1.3949388584094449
WN,ORACLE,0,24,-0.09020158570374281,1.0226891614729614,0.0,0.0,32.0,33.26788440942166,1.3949388584094449
WN,ORACLE,0,25,0.04576028580913398,0.9871806826824443,0.0,0.0,32.0,33.26788440942166,1.3949388584094449
WN,ORACLE,0,26,-0.03581834081099728,1.0069798848337062,0.0,0.0,32.0,33.26788440942166,1.3949388584094449
WN,ORACLE,0,27,-0.025160970837227528,0.9690404533558847,0.0,0.0,32.0,33.26788440942166,1.3949388584094449
WN,ORACLE,0,28,0.06451531994011504,1.013675923841724,0.0,0.0,32.0,33.26788440942166,1.3949388584094449
WN,ORACLE,0,29,0.011852603704612935,0.9450072596728141,0.0,0.0,32.0,33.26788440942166,1.3949388584094449
WN,ORACLE,0,30,-0.007994165424591582,0.9640027891711918,0.0,0.0,32.0,33.26788440942166,1.3949388584094449
WN,ORACLE,0,31,-0.009899652195373016,1.0189934105962069,0.0,0.0,32.0,33.26788440942166,1.3949388584094449
WN,ORACLE,0,32,0.047442274036601575,0.8489145930843813,0.0,0.0,32.0,33.26788440942166,1.3949388584094449
RW,ORACLE,0,1,0.04250860709041467,0.9558721036081337,1.0000000000000093,1.0,1.934552334479488,1.980799137460906,0.7680929566779057
RW,ORACLE,0,2,-0.056332146429802506,0.932770269758884,1.0000000000000093,1.0,1.934552334479488,1.980799137460906,0.7680929566779057
RW,ORACLE,0,3,-0.06543095615569684,0.8535079737265437,1.0000000000000093,1.0,1.934552334479488,1.980799137460906,0.7680929566779057
RW,ORACLE,0,4,-0.03481883477755952,0.9151728667833599,1.0000000000000093,1.0,1.934552334479488,1.980799137460906,0.7680929566779057
RW,ORACLE,0,5,-0.008494277515552387,0.9538008944612504,1.0000000000000093,1.0,1.934552334479488,1.980799137460906,0.7680929566779057
RW,ORACLE,0,6,0.003912843968474444,1.0740236796591167,1.0000000000000093,1.0,1.934552334479488,1.980799137460906,0.7680929566779057
RW,ORACLE,0,7,0.01407139866741747,1.0676085202490846,1.0000000000000093,1.0,1.934552334479488,1.980799137460906,0.7680929566779057
RW,ORACLE,0,8,-0.026385122954156782,1.0206418157371018,1.0000000000000093,1.0,1.934552334479488,1.980799137460906,0.7680929566779057
RW,ORACLE,0,9,-0.037197497209775665,1.040399345910246,1.0000000000000093,1.0,1.934552334479488,1.980799137460906,0.7680929566779057
RW,ORACLE,0,10,-0.012529861903372463,1.0471254380130708,1.0000000000000093,1.0,1.934552334479488,1.980799137460906,0.7680929566779057
RW,ORACLE,0,11,0.013673220134836251,1.0297089709561524,1.0000000000000093,1.0,1.934552334479488,1.980799137460906,0.7680929566779057
RW,ORACLE,0,12,-0.00015053740800096804,0.990768840601089,1.0000000000000093,1.0,1.934552334479488,1.980799137460906,0.7680929566779057
RW,ORACLE,0,13,0.008256733795714835,0.9612576022132687,1.0000000000000093,1.0,1.934552334479488,1.980799137460906,0.7680929566779057
RW,ORACLE,0,14,-0.006223844794154812,0.9926501746559447,1.0000000000000093,1.0,1.934552334479488,1.980799137460906,0.7680929566779057
RW,ORACLE,0,15,0.012854126436307635,1.0363533989694138,1.0000000000000093,1.0,1.934552334479488,1.980799137460906,0.7680929566779057
RW,ORACLE,0,16,0.02436668572229315,1.0470029544471393,1.0000000000000093,1.0,1.934552334479488,1.980799137460906,0.7680929566779057
RW,ORACLE,0,17,0.02063336327331394,1.035476862534339,1.0000000000000093,1.0,1.934552334479488,1.980799137460906,0.7680929566779057
RW,ORACLE,0,18,0.009887948277221078,1.042584854118675,1.0000000000000093,1.0,1.934552334479488,1.980799137460906,0.7680929566779057
RW,ORACLE,0,19,0.0007343788482994078,1.020009337599326,1.0000000000000093,1.0,1.934552334479488,1.980799137460906,0.7680929566779057
RW,ORACLE,0,20,-0.002604897685866153,0.9831458306883197,1.0000000000000093,1.0,1.934552334479488,1.980799137460906,0.7680929566779057
RW,ORACLE,0,21,0.007576147752708081,0.9788418312517437,1.0000000000000093,1.0,1.934552334479488,1.980799137460906,0.7680929566779057
RW,ORACLE,0,22,-0.013715593548308869,0.9726166179972483,1.0000000000000093,1.0,1.934552334479488,1.980799137460906,0.7680929566779057
RW,ORACLE,0,23,-0.014988493031759541,1.0060495086494519,1.0000000000000093,1.0,1.934552334479488,1.980799137460906,0.7680929566779057
RW,ORACLE,0,24,0.0028175680493719123,1.0019807680351418,1.0000000000000093,1.0,1.934552334479488,1.980799137460906,0.7680929566779057
RW,ORACLE,0,25,0.012525067253605405,0.9851079619089456,1.0000000000000093,1.0,1.934552334479488,1.980799137460906,0.7680929566779057
RW,ORACLE,0,26,0.0020353254997810275,0.9502536329964338,1.0000000000000093,1.0,1.934552334479488,1.980799137460906,0.7680929566779057
RW,ORACLE,0,27,0.0041431512859272865,0.949918551640017,1.0000000000000093,1.0,1.934552334479488,1.980799137460906,0.7680929566779057
RW,ORACLE,0,28,0.002829502354252413,0.9850432073906458,1.0000000000000093,1.0,1.934552334479488,1.980799137460906,0.7680929566779057
RW,ORACLE,0,29,0.014684806538576935,0.9923031763412659,1.0000000000000093,1.0,1.934552334479488,1.980799137460906,0.7680929566779057
RW,ORACLE,0,30,0.013688220636678228,0.9989808504896361,1.0000000000000093,1.0,1.934552334479488,1.980799137460906,0.7680929566779057
RW,ORACLE,0,31,0.013028010004498446,1.0311021823343942,1.0000000000000093,1.0,1.934552334479488,1.980799137460906,0.7680929566779057
RW,ORACLE,0,32,0.013070417383659726,1.0192029657684347,1.0000000000000093,1.0,1.934552334479488,1.980799137460906,0.7680929566779057
AR1,ORACLE,0,1,0.08370632049841835,0.9423860129938919,0.7000000000000002,0.7,6.887301804084823,7.467817140147089,1.2159430124980137
AR1,ORACLE,0,2,0.054151011242329926,0.9269526356455386,0.4900000000000001,0.48999999999999994,6.887301804084823,7.467817140147089,1.2159430124980137
AR1,ORACLE,0,3,-0.03473471303669458,0.9854086325221505,0.343,0.3429999999999999,6.887301804084823,7.467817140147089,1.2159430124980137
AR1,ORACLE,0,4,0.04253598310370676,0.9615973787097206,0.2401,0.24009999999999992,6.887301804084823,7.467817140147089,1.2159430124980137
AR1,ORACLE,0,5,-0.0023280383433525033,1.0848044119534097,0.16806999999999997,0.16806999999999994,6.887301804084823,7.467817140147089,1.2159430124980137
AR1,ORACLE,0,6,-0.028073273411409326,1.0154004504161689,0.11764899999999999,0.11764899999999996,6.887301804084823,7.467817140147089,1.2159430124980137
AR1,ORACLE,0,7,0.027640931551360735,0.9850214338262087,0.08235429999999998,0.08235429999999996,6.887301804084823,7.467817140147089,1.2159430124980137
AR1,ORACLE,0,8,-0.004965988240840241,0.9052022297371364,0.057648009999999986,0.05764800999999997,6.887301804084823,7.467817140147089,1.2159430124980137
AR1,ORACLE,0,9,-0.005761514636137738,0.9400936505159149,0.040353606999999986,0.04035360699999998,6.887301804084823,7.467817140147089,1.2159430124980137
AR1,ORACLE,0,10,0.0322971821482309,0.9723297903429727,0.02824752489999998,0.02824752489999998,6.887301804084823,7.467817140147089,1.2159430124980137
AR1,ORACLE,0,11,-0.019279883648575382,1.0045269167938249,0.01977326742999999,0.019773267429999988,6.887301804084823,7.467817140147089,1.2159430124980137
AR1,ORACLE,0,12,-0.04187800314112258,1.0209834878562967,0.013841287200999993,0.01384128720099999,6.887301804084823,7.467817140147089,1.2159430124980137
AR1,ORACLE,0,13,-0.11613096165488714,0.9084245570796838,0.009688901040699993,0.009688901040699992,6.887301804084823,7.467817140147089,1.2159430124980137
AR1,ORACLE,0,14,-0.07301000699631899,0.9409935139389258,0.006782230728489998,0.006782230728489994,6.887301804084823,7.467817140147089,1.2159430124980137
AR1,ORACLE,0,15,-0.06096721542535449,0.9920056750719073,0.0047475615099429975,0.004747561509942996,6.887301804084823,7.467817140147089,1.2159430124980137
AR1,ORACLE,0,16,-0.06529630645198488,1.018261624887037,0.0033232930569600974,0.0033232930569600965,6.887301804084823,7.467817140147089,1.2159430124980137
AR1,ORACLE,0,17,-0.06309097532179105,1.0234318640127318,0.002326305139872068,0.0023263051398720674,6.887301804084823,7.467817140147089,1.2159430124980137
AR1,ORACLE,0,18,-0.07109462915543051,0.9082817548326659,0.001628413597910447,0.001628413597910447,6.887301804084823,7.467817140147089,1.2159430124980137
AR1,ORACLE,0,19,-0.06966883234000894,1.0378585073888915,0.0011398895185373132,0.001139889518537313,6.887301804084823,7.467817140147089,1.2159430124980137
AR1,ORACLE,0,20,-0.05111045951148635,1.031138350184169,0.0007979226629761192,0.0007979226629761189,6.887301804084823,7.467817140147089,1.2159430124980137
AR1,ORACLE,0,21,-0.05745122520526266,1.026815358969611,0.0005585458640832835,0.0005585458640832833,6.887301804084823,7.467817140147089,1.2159430124980137
AR1,ORACLE,0,22,-0.081240197554023,0.9999801246234505,0.0003909821048582983,0.00039098210485829826,6.887301804084823,7.467817140147089,1.2159430124980137
AR1,ORACLE,0,23,-0.07313557495354046,0.9565289460540074,0.0002736874734008089,0.0002736874734008088,6.887301804084823,7.467817140147089,1.2159430124980137
AR1,ORACLE,0,24,-0.03140019009542832,0.9752267804124689,0.00019158123138056615,0.00019158123138056612,6.887301804084823,7.467817140147089,1.2159430124980137
AR1,ORACLE,0,25,-0.021862877060076252,1.0246286812715957,0.0001341068619663963,0.00013410686196639628,6.887301804084823,7.467817140147089,1.2159430124980137
AR1,ORACLE,0,26,0.032394246048857,0.9191745099859719,9.387480337647742e-05,9.387480337647739e-05,6.887301804084823,7.467817140147089,1.2159430124980137
AR1,ORACLE,0,27,0.08501202359339895,0.994777792515157,6.571236236353418e-05,6.571236236353417e-05,6.887301804084823,7.467817140147089,1.2159430124980137
AR1,ORACLE,0,28,0.06979786763947365,0.9575916142962452,4.599865365447393e-05,4.5998653654473914e-05,6.887301804084823,7.467817140147089,1.2159430124980137
AR1,ORACLE,0,29,0.07161723848871672,0.9643003047127786,3.2199057558131744e-05,3.219905755813174e-05,6.887301804084823,7.467817140147089,1.2159430124980137
AR1,ORACLE,0,30,0.052467079709000115,0.9261564116410838,2.253934029069222e-05,2.2539340290692216e-05,6.887301804084823,7.467817140147089,1.2159430124980137
AR1,ORACLE,0,31,0.11578146389387257,0.815764430399259,1.5777538203484554e-05,1.5777538203484548e-05,6.887301804084823,7.467817140147089,1.2159430124980137
AR1,ORACLE,0,32,0.09776403906132737,0.8336141243398278,1.1044276742439186e-05,1.1044276742439184e-05,6.887301804084823,7.467817140147089,1.2159430124980137
SEAS,ORACLE,0,1,0.0754969385474527,0.9549417239625014,0.6999999999999994,0.7,6.887301804084823,7.660918976875877,1.2136849603760058
SEAS,ORACLE,0,2,-0.008988278727114688,0.9099853091482593,0.4899999999999996,0.48999999999999994,6.887301804084823,7.660918976875877,1.2136849603760058
SEAS,ORACLE,0,3,-0.01241278830450766,0.9537845206348398,0.3429999999999997,0.3429999999999999,6.887301804084823,7.660918976875877,1.2136849603760058
SEAS,ORACLE,0,4,0.07752462766986744,0.8748647595514971,0.24009999999999976,0.24009999999999992,6.887301804084823,7.660918976875877,1.2136849603760058
SEAS,ORACLE,0,5,0.03293535190298227,0.8718387453185122,0.1680699999999999,0.16806999999999994,6.887301804084823,7.660918976875877,1.2136849603760058
SEAS,ORACLE,0,6,0.07060144778072806,0.9214958815684052,0.11764899999999998,0.11764899999999996,6.887301804084823,7.660918976875877,1.2136849603760058
SEAS,ORACLE,0,7,0.012793666456601247,0.7954239061488052,0.08235429999999998,0.08235429999999996,6.887301804084823,7.660918976875877,1.2136849603760058
SEAS,ORACLE,0,8,-0.01852275356401396,0.8087828446614446,0.057648009999999986,0.05764800999999997,6.887301804084823,7.660918976875877,1.2136849603760058
SEAS,ORACLE,0,9,0.05749679989270052,0.863834920223104,0.04035360699999996,0.04035360699999998,6.887301804084823,7.660918976875877,1.2136849603760058
SEAS,ORACLE,0,10,0.09483106513009097,0.9219158736191575,0.028247524899999946,0.02824752489999998,6.887301804084823,7.660918976875877,1.2136849603760058
SEAS,ORACLE,0,11,0.052762546263228384,0.9303269752341974,0.019773267429999995,0.019773267429999988,6.887301804084823,7.660918976875877,1.2136849603760058
SEAS,ORACLE,0,12,0.05719915101147039,0.8921853294231012,0.01384128720100011,0.01384128720099999,6.887301804084823,7.660918976875877,1.2136849603760058
SEAS,ORACLE,0,13,-0.06985249235935692,0.9607478561930888,0.009688901040699945,0.009688901040699992,6.887301804084823,7.660918976875877,1.2136849603760058
SEAS,ORACLE,0,14,-0.05333705394452544,0.9441207279208701,0.006782230728489956,0.006782230728489994,6.887301804084823,7.660918976875877,1.2136849603760058
SEAS,ORACLE,0,15,-0.07331536202766584,0.9521712036361157,0.004747561509942991,0.004747561509942996,6.887301804084823,7.660918976875877,1.2136849603760058
SEAS,ORACLE,0,16,0.02076729762194733,0.9728392669752925,0.003323293056960027,0.0033232930569600965,6.887301804084823,7.660918976875877,1.2136849603760058
SEAS,ORACLE,0,17,-0.011319926557889609,0.9843616526310011,0.0023263051398720296,0.0023263051398720674,6.887301804084823,7.660918976875877,1.2136849603760058
SEAS,ORACLE,0,18,-0.03317186197021139,0.8898198463907473,0.0016284135979105377,0.001628413597910447,6.887301804084823,7.660918976875877,1.2136849603760058
SEAS,ORACLE,0,19,0.026161293213717306,0.9355697522472057,0.0011398895185372566,0.001139889518537313,6.887301804084823,7.660918976875877,1.2136849603760058
SEAS,ORACLE,0,20,0.04939393585949561,0.8607115895399939,0.0007979226629761418,0.0007979226629761189,6.887301804084823,7.660918976875877,1.2136849603760058
SEAS,ORACLE,0,21,0.04943041064106009,1.0391537198587535,0.0005585458640832825,0.0005585458640832833,6.887301804084823,7.660918976875877,1.2136849603760058
SEAS,ORACLE,0,22,-0.004519973389828693,1.0771472043554737,0.00039098210485820074,0.00039098210485829826,6.887301804084823,7.660918976875877,1.2136849603760058
SEAS,ORACLE,0,23,0.009725498700731078,1.0402465031316688,0.0002736874734008193,0.0002736874734008088,6.887301804084823,7.660918976875877,1.2136849603760058
SEAS,ORACLE,0,24,-0.02790008452514846,0.9984506533183438,0.00019158123138055246,0.00019158123138056612,6.887301804084823,7.660918976875877,1.2136849603760058
SEAS,ORACLE,0,25,0.0018173253192974995,0.9314854157029856,0.00013410686196642447,0.00013410686196639628,6.887301804084823,7.660918976875877,1.2136849603760058
SEAS,ORACLE,0,26,-0.035513523738589875,0.948750955182135,9.387480337654396e-05,9.387480337647739e-05,6.887301804084823,7.660918976875877,1.2136849603760058
SEAS,ORACLE,0,27,0.041230685079479655,0.9835029472242828,6.57123623635433e-05,6.571236236353417e-05,6.887301804084823,7.660918976875877,1.2136849603760058
SEAS,ORACLE,0,28,0.009028195809690066,0.8800599037599898,4.599865365441549e-05,4.5998653654473914e-05,6.887301804084823,7.660918976875877,1.2136849603760058
SEAS,ORACLE,0,29,-0.07474181935532556,0.7492793346462442,3.2199057558012096e-05,3.219905755813174e-05,6.887301804084823,7.660918976875877,1.2136849603760058
SEAS,ORACLE,0,30,-0.12955298474530696,0.8404144453579755,2.2539340290767975e-05,2.2539340290692216e-05,6.887301804084823,7.660918976875877,1.2136849603760058
SEAS,ORACLE,0,31,-0.11243346646107703,0.8172676539512534,1.5777538203409514e-05,1.5777538203484548e-05,6.887301804084823,7.660918976875877,1.2136849603760058
SEAS,ORACLE,0,32,-0.10572380692925946,0.8744440800481773,1.1044276742446443e-05,1.1044276742439184e-05,6.887301804084823,7.660918976875877,1.2136849603760058
WN,ORACLE,1,1,-0.010062861137897764,0.9043067954934016,0.0,0.0,32.0,33.467164838314254,1.370333982286322
WN,ORACLE,1,2,0.0003908278483510467,0.8960518421582723,0.0,0.0,32.0,33.467164838314254,1.370333982286322
WN,ORACLE,1,3,0.057499906429369765,0.8267471652478693,0.0,0.0,32.0,33.467164838314254,1.370333982286322
WN,ORACLE,1,4,0.009906439260996434,0.7964143980463176,0.0,0.0,32.0,33.467164838314254,1.370333982286322
WN,ORACLE,1,5,-0.0008968305576365024,0.9465160396710975,0.0,0.0,32.0,33.467164838314254,1.370333982286322
WN,ORACLE,1,6,-0.05657929171819607,0.9788537382251339,0.0,0.0,32.0,33.467164838314254,1.370333982286322
WN,ORACLE,1,7,0.07852994703960012,0.941541740700664,0.0,0.0,32.0,33.467164838314254,1.370333982286322
WN,ORACLE,1,8,0.12685494197954023,0.9825318412013958,0.0,0.0,32.0,33.467164838314254,1.370333982286322
WN,ORACLE,1,9,-0.08596168462904034,0.8776459294587846,0.0,0.0,32.0,33.467164838314254,1.370333982286322
WN,ORACLE,1,10,-0.08051628981207107,0.9372033120935889,0.0,0.0,32.0,33.467164838314254,1.370333982286322
WN,ORACLE,1,11,-0.011461281616102678,0.9770961041709376,0.0,0.0,32.0,33.467164838314254,1.370333982286322
WN,ORACLE,1,12,-0.0045300482687188675,1.0132968022061073,0.0,0.0,32.0,33.467164838314254,1.370333982286322
WN,ORACLE,1,13,-0.003337337066153842,1.0414318041408577,0.0,0.0,32.0,33.467164838314254,1.370333982286322
WN,ORACLE,1,14,0.03100474351822724,0.888567978128565,0.0,0.0,32.0,33.467164838314254,1.370333982286322
WN,ORACLE,1,15,0.03342703601748687,0.9136871735796743,0.0,0.0,32.0,33.467164838314254,1.370333982286322
WN,ORACLE,1,16,0.09480456696657018,0.9368228310269492,0.0,0.0,32.0,33.467164838314254,1.370333982286322
WN,ORACLE,1,17,-0.06575960002185152,0.9915879150880766,0.0,0.0,32.0,33.467164838314254,1.370333982286322
WN,ORACLE,1,18,0.020709638510357495,0.941603699970021,0.0,0.0,32.0,33.467164838314254,1.370333982286322
WN,ORACLE,1,19,0.02939117739461744,1.0024265838353978,0.0,0.0,32.0,33.467164838314254,1.370333982286322
WN,ORACLE,1,20,-0.0520837601628708,0.9243734388452807,0.0,0.0,32.0,33.467164838314254,1.370333982286322
WN,ORACLE,1,21,-0.0009060449548341324,0.8986982164837222,0.0,0.0,32.0,33.467164838314254,1.370333982286322
WN,ORACLE,1,22,-0.011762079715106658,0.921938735642812,0.0,0.0,32.0,33.467164838314254,1.370333982286322
WN,ORACLE,1,23,0.09952189877606647,0.968884058093284,0.0,0.0,32.0,33.467164838314254,1.370333982286322
WN,ORACLE,1,24,0.024237919958913175,0.997261959975256,0.0,0.0,32.0,33.467164838314254,1.370333982286322
WN,ORACLE,1,25,0.026452586813535583,0.9900052127882845,0.0,0.0,32.0,33.467164838314254,1.370333982286322
WN,ORACLE,1,26,-0.08723715563756933,0.8738082519991143,0.0,0.0,32.0,33.467164838314254,1.370333982286322
WN,ORACLE,1,27,-0.07050181615987788,1.0824285652573806,0.0,0.0,32.0,33.467164838314254,1.370333982286322
WN,ORACLE,1,28,-0.06321890545491826,1.004010512293389,0.0,0.0,32.0,33.467164838314254,1.370333982286322
WN,ORACLE,1,29,-0.008107059380804292,1.0626562941349802,0.0,0.0,32.0,33.467164838314254,1.370333982286322
WN,ORACLE,1,30,0.054765803478911364,1.0240585597011493,0.0,0.0,32.0,33.467164838314254,1.370333982286322
WN,ORACLE,1,31,-0.034571294954161565,1.0113156439117332,0.0,0.0,32.0,33.467164838314254,1.370333982286322
WN,ORACLE,1,32,-0.025664653680818005,1.0596745257875544,0.0,0.0,32.0,33.467164838314254,1.370333982286322
RW,ORACLE,1,1,-0.022863690751903556,0.9308333763651061,1.0000000000000069,1.0,1.9345523344794882,2.0041898014429806,0.5820532281581097
RW,ORACLE,1,2,0.051113236573973625,0.9572895683479279,1.0000000000000069,1.0,1.9345523344794882,2.0041898014429806,0.5820532281581097
RW,ORACLE,1,3,0.07101082440358744,0.9920455365385639,1.0000000000000069,1.0,1.9345523344794882,2.0041898014429806,0.5820532281581097
RW,ORACLE,1,4,0.04742853845337007,0.9771690239925855,1.0000000000000069,1.0,1.9345523344794882,2.0041898014429806,0.5820532281581097
RW,ORACLE,1,5,0.029515723381364822,0.9837243880288841,1.0000000000000069,1.0,1.9345523344794882,2.0041898014429806,0.5820532281581097
RW,ORACLE,1,6,0.021873977367462806,0.981204730996594,1.0000000000000069,1.0,1.9345523344794882,2.0041898014429806,0.5820532281581097
RW,ORACLE,1,7,-0.03163439719880812,1.0111234072320372,1.0000000000000069,1.0,1.9345523344794882,2.0041898014429806,0.5820532281581097
RW,ORACLE,1,8,-0.019340910904596508,1.0189415401901647,1.0000000000000069,1.0,1.9345523344794882,2.0041898014429806,0.5820532281581097
RW,ORACLE,1,9,-0.017849783207037305,1.0188465313809387,1.0000000000000069,1.0,1.9345523344794882,2.0041898014429806,0.5820532281581097
RW,ORACLE,1,10,-0.034107510252998775,1.0097843010341379,1.0000000000000069,1.0,1.9345523344794882,2.0041898014429806,0.5820532281581097
RW,ORACLE,1,11,-0.025785894795463834,0.9743165491986241,1.0000000000000069,1.0,1.9345523344794882,2.0041898014429806,0.5820532281581097
RW,ORACLE,1,12,-0.012842360306958624,0.9258763708744118,1.0000000000000069,1.0,1.9345523344794882,2.0041898014429806,0.5820532281581097
RW,ORACLE,1,13,-0.03478004420044115,0.9194034459620957,1.0000000000000069,1.0,1.9345523344794882,2.0041898014429806,0.5820532281581097
RW,ORACLE,1,14,-0.015186344886869254,0.9138761397184701,1.0000000000000069,1.0,1.9345523344794882,2.0041898014429806,0.5820532281581097
RW,ORACLE,1,15,-0.009369641317061717,0.8903683264369623,1.0000000000000069,1.0,1.9345523344794882,2.0041898014429806,0.5820532281581097
RW,ORACLE,1,16,-0.004993080630842334,0.9244831782499981,1.0000000000000069,1.0,1.9345523344794882,2.0041898014429806,0.5820532281581097
RW,ORACLE,1,17,-0.0209803074770815,0.9088987744310786,1.0000000000000069,1.0,1.9345523344794882,2.0041898014429806,0.5820532281581097
RW,ORACLE,1,18,-0.026080530171388616,0.92058293817777,1.0000000000000069,1.0,1.9345523344794882,2.0041898014429806,0.5820532281581097
RW,ORACLE,1,19,-0.03249173592304665,0.9172882812004232,1.0000000000000069,1.0,1.9345523344794882,2.0041898014429806,0.5820532281581097
RW,ORACLE,1,20,-0.03430309408958842,0.9219642549044681,1.0000000000000069,1.0,1.9345523344794882,2.0041898014429806,0.5820532281581097
RW,ORACLE,1,21,-0.03851564058544461,0.8934403483388729,1.0000000000000069,1.0,1.9345523344794882,2.0041898014429806,0.5820532281581097
RW,ORACLE,1,22,-0.03693083396332219,0.8825111241454549,1.0000000000000069,1.0,1.9345523344794882,2.0041898014429806,0.5820532281581097
RW,ORACLE,1,23,-0.030966609841818146,0.8584372758058343,1.0000000000000069,1.0,1.9345523344794882,2.0041898014429806,0.5820532281581097
RW,ORACLE,1,24,-0.029069447119050875,0.8739467088024422,1.0000000000000069,1.0,1.9345523344794882,2.0041898014429806,0.5820532281581097
RW,ORACLE,1,25,-0.015536508811279163,0.9385027541427207,1.0000000000000069,1.0,1.9345523344794882,2.0041898014429806,0.5820532281581097
RW,ORACLE,1,26,-0.019702494783496702,0.9262867249046055,1.0000000000000069,1.0,1.9345523344794882,2.0041898014429806,0.5820532281581097
RW,ORACLE,1,27,-0.014673800522738525,0.9723536126857998,1.0000000000000069,1.0,1.9345523344794882,2.0041898014429806,0.5820532281581097
RW,ORACLE,1,28,-0.0027774105345983193,0.9945688662940351,1.0000000000000069,1.0,1.9345523344794882,2.0041898014429806,0.5820532281581097
RW,ORACLE,1,29,-0.0020504987220978034,0.9771240956223574,1.0000000000000069,1.0,1.9345523344794882,2.0041898014429806,0.5820532281581097
RW,ORACLE,1,30,-0.017298019691533432,0.9621035870174486,1.0000000000000069,1.0,1.9345523344794882,2.0041898014429806,0.5820532281581097
RW,ORACLE,1,31,-0.019212749569828696,0.9695130089425303,1.0000000000000069,1.0,1.9345523344794882,2.0041898014429806,0.5820532281581097
RW,ORACLE,1,32,-0.03047063806313466,0.94590556041822,1.0000000000000069,1.0,1.9345523344794882,2.0041898014429806,0.5820532281581097
AR1,ORACLE,1,1,0.002149241280655148,0.898477885018454,0.7,0.7,6.887301804084823,7.589920646459048,1.242399942239376
AR1,ORACLE,1,2,-0.017672736911403072,0.9620455483123108,0.49,0.48999999999999994,6.887301804084823,7.589920646459048,1.242399942239376
AR1,ORACLE,1,3,0.004116075593986886,0.9168148805346515,0.34299999999999986,0.3429999999999999,6.887301804084823,7.589920646459048,1.242399942239376
AR1,ORACLE,1,4,-0.020319050751185605,0.9348364734208714,0.24009999999999995,0.24009999999999992,6.887301804084823,7.589920646459048,1.242399942239376
AR1,ORACLE,1,5,-0.010099039788091424,0.8394864941960706,0.16806999999999991,0.16806999999999994,6.887301804084823,7.589920646459048,1.242399942239376
AR1,ORACLE,1,6,0.020956010323750718,0.7994431892062123,0.11764899999999998,0.11764899999999996,6.887301804084823,7.589920646459048,1.242399942239376
AR1,ORACLE,1,7,-0.038627180684479234,0.8657768595274346,0.08235429999999996,0.08235429999999996,6.887301804084823,7.589920646459048,1.242399942239376
AR1,ORACLE,1,8,-0.021133826529855616,0.8396001720176136,0.057648009999999986,0.05764800999999997,6.887301804084823,7.589920646459048,1.242399942239376
AR1,ORACLE,1,9,0.04330815174545089,0.9067952775882905,0.04035360699999998,0.04035360699999998,6.887301804084823,7.589920646459048,1.242399942239376
AR1,ORACLE,1,10,0.034842382359444805,0.9021383257386536,0.02824752489999998,0.02824752489999998,6.887301804084823,7.589920646459048,1.242399942239376
AR1,ORACLE,1,11,-0.016554841178764122,0.9009163238972341,0.019773267429999988,0.019773267429999988,6.887301804084823,7.589920646459048,1.242399942239376
AR1,ORACLE,1,12,0.005687129598953139,1.0021639786063468,0.01384128720099999,0.01384128720099999,6.887301804084823,7.589920646459048,1.242399942239376
AR1,ORACLE,1,13,0.054323240619710424,0.8862724407163997,0.009688901040699992,0.009688901040699992,6.887301804084823,7.589920646459048,1.242399942239376
AR1,ORACLE,1,14,0.02499363996541715,0.9953485830740192,0.006782230728489994,0.006782230728489994,6.887301804084823,7.589920646459048,1.242399942239376
AR1,ORACLE,1,15,0.037509224844502566,0.9261042445029635,0.004747561509942996,0.004747561509942996,6.887301804084823,7.589920646459048,1.242399942239376
AR1,ORACLE,1,16,0.03563579825106146,0.901777605015188,0.003323293056960097,0.0033232930569600965,6.887301804084823,7.589920646459048,1.242399942239376
AR1,ORACLE,1,17,0.02050283424953576,0.9094699782590858,0.002326305139872067,0.0023263051398720674,6.887301804084823,7.589920646459048,1.242399942239376
AR1,ORACLE,1,18,0.016930631016487147,0.8974992842235925,0.0016284135979104468,0.001628413597910447,6.887301804084823,7.589920646459048,1.242399942239376
AR1,ORACLE,1,19,0.05656220885902639,0.978675677818833,0.0011398895185373132,0.001139889518537313,6.887301804084823,7.589920646459048,1.242399942239376
AR1,ORACLE,1,20,0.053144820778310994,1.06924011589964,0.0007979226629761188,0.0007979226629761189,6.887301804084823,7.589920646459048,1.242399942239376
AR1,ORACLE,1,21,0.09196857129777135,0.9675537810436955,0.0005585458640832831,0.0005585458640832833,6.887301804084823,7.589920646459048,1.242399942239376
AR1,ORACLE,1,22,0.11463273142971762,1.0088386452622493,0.00039098210485829826,0.00039098210485829826,6.887301804084823,7.589920646459048,1.242399942239376
AR1,ORACLE,1,23,0.011755174387211192,0.9151982710756806,0.0002736874734008088,0.0002736874734008088,6.887301804084823,7.589920646459048,1.242399942239376
AR1,ORACLE,1,24,-0.015498551487913884,1.0474308699913932,0.00019158123138056615,0.00019158123138056612,6.887301804084823,7.589920646459048,1.242399942239376
AR1,ORACLE,1,25,0.01827418151350555,0.9119440732261808,0.00013410686196639626,0.00013410686196639628,6.887301804084823,7.589920646459048,1.242399942239376
AR1,ORACLE,1,26,-0.0008442171700731087,0.9383082518028719,9.387480337647739e-05,9.387480337647739e-05,6.887301804084823,7.589920646459048,1.242399942239376
AR1,ORACLE,1,27,-0.06280540095138737,1.0410241499350767,6.571236236353417e-05,6.571236236353417e-05,6.887301804084823,7.589920646459048,1.242399942239376
AR1,ORACLE,1,28,0.01138710133595656,1.0145765258452155,4.599865365447391e-05,4.5998653654473914e-05,6.887301804084823,7.589920646459048,1.242399942239376
AR1,ORACLE,1,29,-0.023387923967887816,0.935757723419718,3.219905755813173e-05,3.219905755813174e-05,6.887301804084823,7.589920646459048,1.242399942239376
AR1,ORACLE,1,30,-0.01270159842759512,0.8843589720285744,2.2539340290692216e-05,2.2539340290692216e-05,6.887301804084823,7.589920646459048,1.242399942239376
AR1,ORACLE,1,31,-0.0005033319939548075,0.9048701923332332,1.577753820348455e-05,1.5777538203484548e-05,6.887301804084823,7.589920646459048,1.242399942239376
AR1,ORACLE,1,32,0.05519971560814823,1.0283710093606835,1.1044276742439184e-05,1.1044276742439184e-05,6.887301804084823,7.589920646459048,1.242399942239376
SEAS,ORACLE,1,1,-0.00868858516954458,1.0586327144467442,0.6999999999999994,0.7,6.887301804084824,7.862125116884533,1.2347348601595107
SEAS,ORACLE,1,2,0.0040957748515020485,0.9444709526187932,0.4899999999999996,0.48999999999999994,6.887301804084824,7.862125116884533,1.2347348601595107
SEAS,ORACLE,1,3,0.04509464822386897,0.8745087303308937,0.3429999999999998,0.3429999999999999,6.887301804084824,7.862125116884533,1.2347348601595107
SEAS,ORACLE,1,4,0.002375764230176727,1.0412713451762454,0.24009999999999976,0.24009999999999992,6.887301804084824,7.862125116884533,1.2347348601595107
SEAS,ORACLE,1,5,0.08300918522018849,0.8607197537230513,0.1680699999999998,0.16806999999999994,6.887301804084824,7.862125116884533,1.2347348601595107
SEAS,ORACLE,1,6,0.056011517680475055,0.8690944465816411,0.11764899999999978,0.11764899999999996,6.887301804084824,7.862125116884533,1.2347348601595107
SEAS,ORACLE,1,7,0.11179409826913977,0.9432582635078642,0.08235429999999992,0.08235429999999996,6.887301804084824,7.862125116884533,1.2347348601595107
SEAS,ORACLE,1,8,0.07557131886667923,1.0099555559357218,0.05764800999999992,0.05764800999999997,6.887301804084824,7.862125116884533,1.2347348601595107
SEAS,ORACLE,1,9,0.07015818912120525,1.066660448260513,0.04035360699999994,0.04035360699999998,6.887301804084824,7.862125116884533,1.2347348601595107
SEAS,ORACLE,1,10,0.16623045988118265,1.0624032629426332,0.02824752489999999,0.02824752489999998,6.887301804084824,7.862125116884533,1.2347348601595107
SEAS,ORACLE,1,11,0.12115305715013025,0.9349065776540071,0.019773267430000067,0.019773267429999988,6.887301804084824,7.862125116884533,1.2347348601595107
SEAS,ORACLE,1,12,0.13373854131477858,1.0041403111246228,0.013841287200999848,0.01384128720099999,6.887301804084824,7.862125116884533,1.2347348601595107
SEAS,ORACLE,1,13,0.08465561065990145,0.9690880776097549,0.009688901040699957,0.009688901040699992,6.887301804084824,7.862125116884533,1.2347348601595107
SEAS,ORACLE,1,14,0.05056338394264523,0.9716534512716929,0.006782230728489965,0.006782230728489994,6.887301804084824,7.862125116884533,1.2347348601595107
SEAS,ORACLE,1,15,0.04244378100259442,0.9862433950064317,0.004747561509943006,0.004747561509942996,6.887301804084824,7.862125116884533,1.2347348601595107
SEAS,ORACLE,1,16,0.05771836344129128,0.8879624242576896,0.003323293056960158,0.0033232930569600965,6.887301804084824,7.862125116884533,1.2347348601595107
SEAS,ORACLE,1,17,0.015964718893134222,0.890915167774884,0.002326305139872109,0.0023263051398720674,6.887301804084824,7.862125116884533,1.2347348601595107
SEAS,ORACLE,1,18,0.02600266037084601,0.9428255363186645,0.001628413597910372,0.001628413597910447,6.887301804084824,7.862125116884533,1.2347348601595107
SEAS,ORACLE,1,19,0.04496502141912346,0.8606058136265612,0.0011398895185371666,0.001139889518537313,6.887301804084824,7.862125116884533,1.2347348601595107
SEAS,ORACLE,1,20,0.07429017688358336,0.8439329116080391,0.0007979226629762704,0.0007979226629761189,6.887301804084824,7.862125116884533,1.2347348601595107
SEAS,ORACLE,1,21,0.027543785794611177,0.9691605435167173,0.0005585458640833312,0.0005585458640832833,6.887301804084824,7.862125116884533,1.2347348601595107
SEAS,ORACLE,1,22,-0.038211571535842384,0.9428497440202309,0.00039098210485837085,0.00039098210485829826,6.887301804084824,7.862125116884533,1.2347348601595107
SEAS,ORACLE,1,23,0.05365640095072453,0.9244965697476277,0.00027368747340074525,0.0002736874734008088,6.887301804084824,7.862125116884533,1.2347348601595107
SEAS,ORACLE,1,24,0.056317860453061606,0.9769665718931969,0.00019158123138060193,0.00019158123138056612,6.887301804084824,7.862125116884533,1.2347348601595107
SEAS,ORACLE,1,25,-0.01011034017168677,0.9907572045847818,0.00013410686196633118,0.00013410686196639628,6.887301804084824,7.862125116884533,1.2347348601595107
SEAS,ORACLE,1,26,-0.021653318957751005,0.9678420658187671,9.387480337640444e-05,9.387480337647739e-05,6.887301804084824,7.862125116884533,1.2347348601595107
SEAS,ORACLE,1,27,-0.012539357528562872,0.9500829372699751,6.57123623634453e-05,6.571236236353417e-05,6.887301804084824,7.862125116884533,1.2347348601595107
SEAS,ORACLE,1,28,0.006353034673744684,1.0279898876684472,4.599865365447883e-05,4.5998653654473914e-05,6.887301804084824,7.862125116884533,1.2347348601595107
SEAS,ORACLE,1,29,-0.02405327942713859,1.1003815219879653,3.219905755807684e-05,3.219905755813174e-05,6.887301804084824,7.862125116884533,1.2347348601595107
SEAS,ORACLE,1,30,0.013939004558345574,1.0575477765914336,2.253934029061119e-05,2.2539340290692216e-05,6.887301804084824,7.862125116884533,1.2347348601595107
SEAS,ORACLE,1,31,-0.03215021970016226,0.9249683926744571,1.5777538203537135e-05,1.5777538203484548e-05,6.887301804084824,7.862125116884533,1.2347348601595107
SEAS,ORACLE,1,32,-0.0022946157671110703,0.9110561946863136,1.1044276742404617e-05,1.1044276742439184e-05,6.887301804084824,7.862125116884533,1.2347348601595107
WN,ORACLE,2,1,0.102341757720923,1.0147138901110389,0.0,0.0,32.0,32.067483878726875,1.3284755414776672
WN,ORACLE,2,2,-0.01798127227476258,0.9390758569062805,0.0,0.0,32.0,32.067483878726875,1.3284755414776672
WN,ORACLE,2,3,0.04552559032476783,0.8530247546787354,0.0,0.0,32.0,32.067483878726875,1.3284755414776672
WN,ORACLE,2,4,0.013238321477212557,1.0080518033015722,0.0,0.0,32.0,32.067483878726875,1.3284755414776672
WN,ORACLE,2,5,0.043860826946588,0.9642711704570953,0.0,0.0,32.0,32.067483878726875,1.3284755414776672
WN,ORACLE,2,6,0.0037843301244014486,0.9456578452950365,0.0,0.0,32.0,32.067483878726875,1.3284755414776672
WN,ORACLE,2,7,-0.10929025449421267,0.834709690996641,0.0,0.0,32.0,32.067483878726875,1.3284755414776672
WN,ORACLE,2,8,0.02764798454258597,0.982076183510815,0.0,0.0,32.0,32.067483878726875,1.3284755414776672
WN,ORACLE,2,9,-0.056905339903217396,0.8264920708073266,0.0,0.0,32.0,32.067483878726875,1.3284755414776672
WN,ORACLE,2,10,0.005130209969426076,0.8330798628399717,0.0,0.0,32.0,32.067483878726875,1.3284755414776672
WN,ORACLE,2,11,-0.06241427007891874,0.7853268250396478,0.0,0.0,32.0,32.067483878726875,1.3284755414776672
WN,ORACLE,2,12,0.018367890273687973,1.082723230052507,0.0,0.0,32.0,32.067483878726875,1.3284755414776672
WN,ORACLE,2,13,-0.004550986368485736,0.8401245696805795,0.0,0.0,32.0,32.067483878726875,1.3284755414776672
WN,ORACLE,2,14,-0.004701538983566943,1.0519588743610992,0.0,0.0,32.0,32.067483878726875,1.3284755414776672
WN,ORACLE,2,15,0.017448653715216842,0.9731348349118996,0.0,0.0,32.0,32.067483878726875,1.3284755414776672
WN,ORACLE,2,16,-0.021844803338884503,1.0614558226742796,0.0,0.0,32.0,32.067483878726875,1.3284755414776672
WN,ORACLE,2,17,-0.07786615817011072,0.922859201915857,0.0,0.0,32.0,32.067483878726875,1.3284755414776672
WN,ORACLE,2,18,0.026956283387189986,1.0185863950414265,0.0,0.0,32.0,32.067483878726875,1.3284755414776672
WN,ORACLE,2,19,-0.02973646888546191,0.8545711192747126,0.0,0.0,32.0,32.067483878726875,1.3284755414776672
WN,ORACLE,2,20,0.03490901769291018,0.8476820918416594,0.0,0.0,32.0,32.067483878726875,1.3284755414776672
WN,ORACLE,2,21,0.008574271755925124,0.9327596247985711,0.0,0.0,32.0,32.067483878726875,1.3284755414776672
WN,ORACLE,2,22,-0.016747393911160077,1.145158074828568,0.0,0.0,32.0,32.067483878726875,1.3284755414776672
WN,ORACLE,2,23,0.025533797386603628,0.8866676065530976,0.0,0.0,32.0,32.067483878726875,1.3284755414776672
WN,ORACLE,2,24,-0.008363968578225224,0.8847232214567267,0.0,0.0,32.0,32.067483878726875,1.3284755414776672
WN,ORACLE,2,25,0.04050866105997655,1.0870604071825083,0.0,0.0,32.0,32.067483878726875,1.3284755414776672
WN,ORACLE,2,26,0.029665656806631233,0.975896845516552,0.0,0.0,32.0,32.067483878726875,1.3284755414776672
WN,ORACLE,2,27,-0.01622170006540125,0.9249297739152879,0.0,0.0,32.0,32.067483878726875,1.3284755414776672
WN,ORACLE,2,28,-0.023879077549094983,0.9068282803949982,0.0,0.0,32.0,32.067483878726875,1.3284755414776672
WN,ORACLE,2,29,-0.09302079304898316,1.0370245669177336,0.0,0.0,32.0,32.067483878726875,1.3284755414776672
WN,ORACLE,2,30,0.004158230712830493,0.9905884313395116,0.0,0.0,32.0,32.067483878726875,1.3284755414776672
WN,ORACLE,2,31,-0.05112131439845033,0.8783746091701825,0.0,0.0,32.0,32.067483878726875,1.3284755414776672
WN,ORACLE,2,32,0.0531480681659426,0.8033748291923744,0.0,0.0,32.0,32.067483878726875,1.3284755414776672
RW,ORACLE,2,1,-0.006255088337143079,0.95739723972634,1.0000000000000024,1.0,1.9345523344794893,1.872986737918615,1.1042842081601285
RW,ORACLE,2,2,0.0004953712508325466,0.9457348805808298,1.0000000000000024,1.0,1.9345523344794893,1.872986737918615,1.1042842081601285
RW,ORACLE,2,3,0.03135383391897232,0.9860568000405673,1.0000000000000024,1.0,1.9345523344794893,1.872986737918615,1.1042842081601285
RW,ORACLE,2,4,0.0550914883067771,0.9912035074879609,1.0000000000000024,1.0,1.9345523344794893,1.872986737918615,1.1042842081601285
RW,ORACLE,2,5,0.07798131951877502,0.9459799797482477,1.0000000000000024,1.0,1.9345523344794893,1.872986737918615,1.1042842081601285
RW,ORACLE,2,6,0.08545262341540329,0.9518303327872284,1.0000000000000024,1.0,1.9345523344794893,1.872986737918615,1.1042842081601285
RW,ORACLE,2,7,0.07677683376840996,1.003539986094244,1.0000000000000024,1.0,1.9345523344794893,1.872986737918615,1.1042842081601285
RW,ORACLE,2,8,0.04883704528145858,0.9601341723945486,1.0000000000000024,1.0,1.9345523344794893,1.872986737918615,1.1042842081601285
RW,ORACLE,2,9,0.043146568622238576,0.95438412553772,1.0000000000000024,1.0,1.9345523344794893,1.872986737918615,1.1042842081601285
RW,ORACLE,2,10,0.02087413534039819,0.9748517508148586,1.0000000000000024,1.0,1.9345523344794893,1.872986737918615,1.1042842081601285
RW,ORACLE,2,11,0.0635276046124838,0.9580901449340031,1.0000000000000024,1.0,1.9345523344794893,1.872986737918615,1.1042842081601285
RW,ORACLE,2,12,0.09125081026071614,1.019104046160749,1.0000000000000024,1.0,1.9345523344794893,1.872986737918615,1.1042842081601285
RW,ORACLE,2,13,0.08101079785075162,0.9866059505251719,1.0000000000000024,1.0,1.9345523344794893,1.872986737918615,1.1042842081601285
RW,ORACLE,2,14,0.07817419395511793,0.9218954020969167,1.0000000000000024,1.0,1.9345523344794893,1.872986737918615,1.1042842081601285
RW,ORACLE,2,15,0.08928064070742003,0.9036043504564563,1.0000000000000024,1.0,1.9345523344794893,1.872986737918615,1.1042842081601285
RW,ORACLE,2,16,0.10483475636296133,0.9343207605127118,1.0000000000000024,1.0,1.9345523344794893,1.872986737918615,1.1042842081601285
RW,ORACLE,2,17,0.0976932243338333,0.9649240143058709,1.0000000000000024,1.0,1.9345523344794893,1.872986737918615,1.1042842081601285
RW,ORACLE,2,18,0.09076864169802298,0.9562877427690152,1.0000000000000024,1.0,1.9345523344794893,1.872986737918615,1.1042842081601285
RW,ORACLE,2,19,0.08998800758008839,0.9636991670981374,1.0000000000000024,1.0,1.9345523344794893,1.872986737918615,1.1042842081601285
RW,ORACLE,2,20,0.09527441767089556,0.9622310110686677,1.0000000000000024,1.0,1.9345523344794893,1.872986737918615,1.1042842081601285
RW,ORACLE,2,21,0.08091792565525836,0.9646255126947365,1.0000000000000024,1.0,1.9345523344794893,1.872986737918615,1.1042842081601285
RW,ORACLE,2,22,0.07542108919729971,0.9559558837944092,1.0000000000000024,1.0,1.9345523344794893,1.872986737918615,1.1042842081601285
RW,ORACLE,2,23,0.09235627812683253,0.9481077972215102,1.0000000000000024,1.0,1.9345523344794893,1.872986737918615,1.1042842081601285
RW,ORACLE,2,24,0.08818136859550994,0.9660522666290259,1.0000000000000024,1.0,1.9345523344794893,1.872986737918615,1.1042842081601285
RW,ORACLE,2,25,0.07814788382504932,0.9747567920026302,1.0000000000000024,1.0,1.9345523344794893,1.872986737918615,1.1042842081601285
RW,ORACLE,2,26,0.07113269833639912,0.9559962244176389,1.0000000000000024,1.0,1.9345523344794893,1.872986737918615,1.1042842081601285
RW,ORACLE,2,27,0.07189153787545514,0.9396716614510884,1.0000000000000024,1.0,1.9345523344794893,1.872986737918615,1.1042842081601285
RW,ORACLE,2,28,0.056017997482337226,0.9356357872306974,1.0000000000000024,1.0,1.9345523344794893,1.872986737918615,1.1042842081601285
RW,ORACLE,2,29,0.045712957719567425,0.9093721652493154,1.0000000000000024,1.0,1.9345523344794893,1.872986737918615,1.1042842081601285
RW,ORACLE,2,30,0.04159028529403952,0.936118420106657,1.0000000000000024,1.0,1.9345523344794893,1.872986737918615,1.1042842081601285
RW,ORACLE,2,31,0.04658939246123591,0.943663428027794,1.0000000000000024,1.0,1.9345523344794893,1.872986737918615,1.1042842081601285
RW,ORACLE,2,32,0.05439796744984259,0.9412276056617482,1.0000000000000024,1.0,1.9345523344794893,1.872986737918615,1.1042842081601285
AR1,ORACLE,2,1,-0.022151721960619975,0.9430595645895914,0.7000000000000002,0.7,6.887301804084822,6.7407447302287835,1.2608445643042274
AR1,ORACLE,2,2,-0.02831775498290705,0.9113969249608451,0.4900000000000001,0.48999999999999994,6.887301804084822,6.7407447302287835,1.2608445643042274
AR1,ORACLE,2,3,0.025405250975736805,0.8727710282942825,0.343,0.3429999999999999,6.887301804084822,6.7407447302287835,1.2608445643042274
AR1,ORACLE,2,4,0.04767501623825615,0.9355388792856911,0.2401,0.24009999999999992,6.887301804084822,6.7407447302287835,1.2608445643042274
AR1,ORACLE,2,5,0.020512422050033348,0.9183100795959673,0.16807,0.16806999999999994,6.887301804084822,6.7407447302287835,1.2608445643042274
AR1,ORACLE,2,6,0.02183174805639359,1.0217659803438779,0.11764900000000002,0.11764899999999996,6.887301804084822,6.7407447302287835,1.2608445643042274
AR1,ORACLE,2,7,-0.04791341140504915,0.9705821352548554,0.08235429999999999,0.08235429999999996,6.887301804084822,6.7407447302287835,1.2608445643042274
AR1,ORACLE,2,8,-0.013815051977982185,0.8827223275433298,0.057648009999999986,0.05764800999999997,6.887301804084822,6.7407447302287835,1.2608445643042274
AR1,ORACLE,2,9,0.02491607715936585,0.8229659163264843,0.04035360699999999,0.04035360699999998,6.887301804084822,6.7407447302287835,1.2608445643042274
AR1,ORACLE,2,10,0.039053030468101727,0.8041776647713061,0.028247524899999987,0.02824752489999998,6.887301804084822,6.7407447302287835,1.2608445643042274
AR1,ORACLE,2,11,-0.014716060505147498,0.9752385817277562,0.019773267429999995,0.019773267429999988,6.887301804084822,6.7407447302287835,1.2608445643042274
AR1,ORACLE,2,12,-0.03229834399131852,1.0578796284210314,0.013841287200999993,0.01384128720099999,6.887301804084822,6.7407447302287835,1.2608445643042274
AR1,ORACLE,2,13,-0.04825761254525595,1.0021532144152596,0.009688901040699993,0.009688901040699992,6.887301804084822,6.7407447302287835,1.2608445643042274
AR1,ORACLE,2,14,-0.10755758907016513,0.9241854884468675,0.006782230728489996,0.006782230728489994,6.887301804084822,6.7407447302287835,1.2608445643042274
AR1,ORACLE,2,15,-0.10855779136456813,1.0146766959757474,0.004747561509942997,0.004747561509942996,6.887301804084822,6.7407447302287835,1.2608445643042274
AR1,ORACLE,2,16,-0.003245114864268454,0.9671096181905725,0.003323293056960097,0.0033232930569600965,6.887301804084822,6.7407447302287835,1.2608445643042274
AR1,ORACLE,2,17,-0.003932668288232625,0.9395643133336059,0.002326305139872068,0.0023263051398720674,6.887301804084822,6.7407447302287835,1.2608445643042274
AR1,ORACLE,2,18,0.0632679908037134,0.9619205648612136,0.0016284135979104475,0.001628413597910447,6.887301804084822,6.7407447302287835,1.2608445643042274
AR1,ORACLE,2,19,0.058806849087226686,1.0436953280431396,0.0011398895185373134,0.001139889518537313,6.887301804084822,6.7407447302287835,1.2608445643042274
AR1,ORACLE,2,20,0.060888579061472964,1.0012234822123358,0.0007979226629761192,0.0007979226629761189,6.887301804084822,6.7407447302287835,1.2608445643042274
AR1,ORACLE,2,21,0.02146228313399629,0.8459463248328211,0.0005585458640832834,0.0005585458640832833,6.887301804084822,6.7407447302287835,1.2608445643042274
AR1,ORACLE,2,22,-0.02780478384046132,0.9087643796879851,0.0003909821048582983,0.00039098210485829826,6.887301804084822,6.7407447302287835,1.2608445643042274
AR1,ORACLE,2,23,0.03182010578458926,0.9769413779403671,0.00027368747340080884,0.0002736874734008088,6.887301804084822,6.7407447302287835,1.2608445643042274
AR1,ORACLE,2,24,-0.009469433892940148,0.9072960765158726,0.00019158123138056618,0.00019158123138056612,6.887301804084822,6.7407447302287835,1.2608445643042274
AR1,ORACLE,2,25,0.0033273202308391615,0.9164531484546514,0.0001341068619663963,0.00013410686196639628,6.887301804084822,6.7407447302287835,1.2608445643042274
AR1,ORACLE,2,26,0.037999438382935284,0.8307711342625392,9.387480337647742e-05,9.387480337647739e-05,6.887301804084822,6.7407447302287835,1.2608445643042274
AR1,ORACLE,2,27,0.06605683157762432,0.818304962074538,6.57123623635342e-05,6.571236236353417e-05,6.887301804084822,6.7407447302287835,1.2608445643042274
AR1,ORACLE,2,28,0.053484987153923726,0.9408957200282496,4.599865365447392e-05,4.5998653654473914e-05,6.887301804084822,6.7407447302287835,1.2608445643042274
AR1,ORACLE,2,29,0.049693624000819996,0.8668546290982245,3.219905755813174e-05,3.219905755813174e-05,6.887301804084822,6.7407447302287835,1.2608445643042274
AR1,ORACLE,2,30,0.011324185172083109,0.8427698014597392,2.253934029069222e-05,2.2539340290692216e-05,6.887301804084822,6.7407447302287835,1.2608445643042274
AR1,ORACLE,2,31,0.0017190696674342742,0.9595550951573855,1.5777538203484554e-05,1.5777538203484548e-05,6.887301804084822,6.7407447302287835,1.2608445643042274
AR1,ORACLE,2,32,0.10538689519839212,0.9146292606500276,1.1044276742439186e-05,1.1044276742439184e-05,6.887301804084822,6.7407447302287835,1.2608445643042274
SEAS,ORACLE,2,1,0.03764280311473182,1.060069849317402,0.6999999999999994,0.7,6.887301804084824,6.619411457105108,1.364015469519437
SEAS,ORACLE,2,2,-0.028857446618842097,1.0029908273722534,0.4899999999999996,0.48999999999999994,6.887301804084824,6.619411457105108,1.364015469519437
SEAS,ORACLE,2,3,0.02567830060474875,0.9615160825012949,0.34299999999999975,0.3429999999999999,6.887301804084824,6.619411457105108,1.364015469519437
SEAS,ORACLE,2,4,0.038545441178720545,0.9217782647317125,0.2400999999999998,0.24009999999999992,6.887301804084824,6.619411457105108,1.364015469519437
SEAS,ORACLE,2,5,0.016465445393480008,0.7990106567436198,0.16806999999999964,0.16806999999999994,6.887301804084824,6.619411457105108,1.364015469519437
SEAS,ORACLE,2,6,0.0006743678946281643,0.8215079154329405,0.11764899999999992,0.11764899999999996,6.887301804084824,6.619411457105108,1.364015469519437
SEAS,ORACLE,2,7,0.04464560035260911,1.0061788331529296,0.08235430000000006,0.08235429999999996,6.887301804084824,6.619411457105108,1.364015469519437
SEAS,ORACLE,2,8,0.00831971412726664,1.0800015150444158,0.05764800999999987,0.05764800999999997,6.887301804084824,6.619411457105108,1.364015469519437
SEAS,ORACLE,2,9,0.017387085405599044,0.9407619715383068,0.04035360699999975,0.04035360699999998,6.887301804084824,6.619411457105108,1.364015469519437
SEAS,ORACLE,2,10,0.0027634746076690467,0.9871728492593089,0.028247524900000064,0.02824752489999998,6.887301804084824,6.619411457105108,1.364015469519437
SEAS,ORACLE,2,11,0.038646833490499084,0.9214609193909943,0.019773267429999995,0.019773267429999988,6.887301804084824,6.619411457105108,1.364015469519437
SEAS,ORACLE,2,12,-0.005222583890706685,1.0926163121311077,0.013841287200999947,0.01384128720099999,6.887301804084824,6.619411457105108,1.364015469519437
SEAS,ORACLE,2,13,0.005076399264796601,0.9571057330328928,0.009688901040700037,0.009688901040699992,6.887301804084824,6.619411457105108,1.364015469519437
SEAS,ORACLE,2,14,0.016684835823042306,0.9772879835703113,0.006782230728490024,0.006782230728489994,6.887301804084824,6.619411457105108,1.364015469519437
SEAS,ORACLE,2,15,0.015379748377565262,0.8934813027537791,0.004747561509942981,0.004747561509942996,6.887301804084824,6.619411457105108,1.364015469519437
SEAS,ORACLE,2,16,-0.005913526504989974,0.8728600620458324,0.0033232930569599578,0.0033232930569600965,6.887301804084824,6.619411457105108,1.364015469519437
SEAS,ORACLE,2,17,-0.07127913925605235,0.9200116623185234,0.002326305139872047,0.0023263051398720674,6.887301804084824,6.619411457105108,1.364015469519437
SEAS,ORACLE,2,18,-0.038848418909199246,0.9071989595382858,0.0016284135979104586,0.001628413597910447,6.887301804084824,6.619411457105108,1.364015469519437
SEAS,ORACLE,2,19,-0.06319168212523744,0.9093476793068036,0.0011398895185373245,0.001139889518537313,6.887301804084824,6.619411457105108,1.364015469519437
SEAS,ORACLE,2,20,-0.10797460807551232,0.9904486713434147,0.0007979226629763512,0.0007979226629761189,6.887301804084824,6.619411457105108,1.364015469519437
SEAS,ORACLE,2,21,-0.06166386568941263,1.1023025909632642,0.0005585458640832934,0.0005585458640832833,6.887301804084824,6.619411457105108,1.364015469519437
SEAS,ORACLE,2,22,-0.03309351743972616,1.2085102850094558,0.00039098210485827696,0.00039098210485829826,6.887301804084824,6.619411457105108,1.364015469519437
SEAS,ORACLE,2,23,-0.062087588006775135,1.0309264122794521,0.0002736874734007868,0.0002736874734008088,6.887301804084824,6.619411457105108,1.364015469519437
SEAS,ORACLE,2,24,0.002658519356325503,0.9123403801650719,0.0001915812313806116,0.00019158123138056612,6.887301804084824,6.619411457105108,1.364015469519437
SEAS,ORACLE,2,25,0.02656543276453694,0.8942033450846038,0.0001341068619663983,0.00013410686196639628,6.887301804084824,6.619411457105108,1.364015469519437
SEAS,ORACLE,2,26,-0.0859565568098684,0.7966965124737431,9.387480337648985e-05,9.387480337647739e-05,6.887301804084824,6.619411457105108,1.364015469519437
SEAS,ORACLE,2,27,-0.06561406848654507,0.8717479388409314,6.571236236349096e-05,6.571236236353417e-05,6.887301804084824,6.619411457105108,1.364015469519437
SEAS,ORACLE,2,28,-0.005431766712798509,0.8632794204100613,4.599865365451909e-05,4.5998653654473914e-05,6.887301804084824,6.619411457105108,1.364015469519437
SEAS,ORACLE,2,29,-0.02821366844697972,0.9141120074230681,3.219905755808329e-05,3.219905755813174e-05,6.887301804084824,6.619411457105108,1.364015469519437
SEAS,ORACLE,2,30,0.013027066354459617,0.8431839910806945,2.2539340290728e-05,2.2539340290692216e-05,6.887301804084824,6.619411457105108,1.364015469519437
SEAS,ORACLE,2,31,0.005039530744812909,0.9518623617179257,1.5777538203493252e-05,1.5777538203484548e-05,6.887301804084824,6.619411457105108,1.364015469519437
SEAS,ORACLE,2,32,0.0030815199177725403,0.9441721009843369,1.1044276742422572e-05,1.1044276742439184e-05,6.887301804084824,6.619411457105108,1.364015469519437
WN,MLPQR,0,1,0.05866000834168754,1.4794001576014923,0.2128498794504845,0.0,132.78402435596715,8.986440010616098,3.047470251050544
WN,MLPQR,0,2,0.08254715237131102,1.528994473825261,0.052530377460585774,0.0,132.78402435596715,8.986440010616098,3.047470251050544
WN,MLPQR,0,3,-0.07167697749183113,1.3975172938154015,-0.0038279634058133133,0.0,132.78402435596715,8.986440010616098,3.047470251050544
WN,MLPQR,0,4,-0.048159794904243644,1.5120461584187601,-0.001945411803688087,0.0,132.78402435596715,8.986440010616098,3.047470251050544
WN,MLPQR,0,5,-0.032342852840015396,1.5600368345624251,0.02033253052215891,0.0,132.78402435596715,8.986440010616098,3.047470251050544
WN,MLPQR,0,6,-0.046400280825476974,1.5853728283554074,0.03443579774651262,0.0,132.78402435596715,8.986440010616098,3.047470251050544
WN,MLPQR,0,7,-0.19668133341865057,1.4926399666776407,0.05263539291620134,0.0,132.78402435596715,8.986440010616098,3.047470251050544
WN,MLPQR,0,8,-0.18352165401459902,1.6120205659007387,0.04528892025685338,0.0,132.78402435596715,8.986440010616098,3.047470251050544
WN,MLPQR,0,9,-0.026380117486919635,1.4226626302585181,0.03073860739208784,0.0,132.78402435596715,8.986440010616098,3.047470251050544
WN,MLPQR,0,10,-0.02110722337576241,1.4761505541095556,0.036862729817631855,0.0,132.78402435596715,8.986440010616098,3.047470251050544
WN,MLPQR,0,11,0.04055953069944854,1.6269370579484201,0.05516044934086591,0.0,132.78402435596715,8.986440010616098,3.047470251050544
WN,MLPQR,0,12,0.03723116826397069,1.6051908753166393,0.03324770972584249,0.0,132.78402435596715,8.986440010616098,3.047470251050544
WN,MLPQR,0,13,0.04045379811306184,1.5744971698511467,0.046808068233385056,0.0,132.78402435596715,8.986440010616098,3.047470251050544
WN,MLPQR,0,14,-0.01840524467465639,1.6748019539323138,0.06955512094772677,0.0,132.78402435596715,8.986440010616098,3.047470251050544
WN,MLPQR,0,15,-0.022979278490937217,1.563894053574414,0.06143282238082006,0.0,132.78402435596715,8.986440010616098,3.047470251050544
WN,MLPQR,0,16,-0.12448528290845975,1.658719424064023,0.06308595082769107,0.0,132.78402435596715,8.986440010616098,3.047470251050544
WN,MLPQR,0,17,-0.04748283731664862,1.6201949711547239,0.06623183982327588,0.0,132.78402435596715,8.986440010616098,3.047470251050544
WN,MLPQR,0,18,-0.010458601060165622,1.5187268859598846,0.04661321006893444,0.0,132.78402435596715,8.986440010616098,3.047470251050544
WN,MLPQR,0,19,-0.03637657742599124,1.649194628784599,0.030425070190621947,0.0,132.78402435596715,8.986440010616098,3.047470251050544
WN,MLPQR,0,20,-0.037153347142511124,1.7562210584182578,0.01892331156669066,0.0,132.78402435596715,8.986440010616098,3.047470251050544
WN,MLPQR,0,21,-0.06917891824618656,1.582898646831343,-0.004143943475345365,0.0,132.78402435596715,8.986440010616098,3.047470251050544
WN,MLPQR,0,22,0.05733554740212561,1.5979299255531063,0.004119540357636125,0.0,132.78402435596715,8.986440010616098,3.047470251050544
WN,MLPQR,0,23,-0.009327874500750998,1.514482375668102,0.03738108420024437,0.0,132.78402435596715,8.986440010616098,3.047470251050544
WN,MLPQR,0,24,-0.08099517691798805,1.6079741745384124,0.03834277501932867,0.0,132.78402435596715,8.986440010616098,3.047470251050544
WN,MLPQR,0,25,0.06025543290987125,1.6962161840400574,0.018852811276559092,0.0,132.78402435596715,8.986440010616098,3.047470251050544
WN,MLPQR,0,26,-0.04486154265028497,1.5780613636775118,0.04149709868751057,0.0,132.78402435596715,8.986440010616098,3.047470251050544
WN,MLPQR,0,27,-0.04810462129696306,1.6533338000826936,0.05634195856533001,0.0,132.78402435596715,8.986440010616098,3.047470251050544
WN,MLPQR,0,28,0.04313670227864392,1.5896716155638038,0.07577316995428823,0.0,132.78402435596715,8.986440010616098,3.047470251050544
WN,MLPQR,0,29,-0.012632746013395106,1.5949363485371535,0.048425764107027584,0.0,132.78402435596715,8.986440010616098,3.047470251050544
WN,MLPQR,0,30,-0.04118667350631892,1.6287540080141545,0.07385889903080639,0.0,132.78402435596715,8.986440010616098,3.047470251050544
WN,MLPQR,0,31,-0.015758787360983573,1.6929828523488182,0.07234331572819462,0.0,132.78402435596715,8.986440010616098,3.047470251050544
WN,MLPQR,0,32,0.02109114858764316,1.232066350086625,0.05867335203960688,0.0,132.78402435596715,8.986440010616098,3.047470251050544
RW,MLPQR,0,1,0.06882651189899891,1.1456482942646862,0.7580226316697484,1.0,2.1380611311357716,1.8034277027074215,3.111718307947499
RW,MLPQR,0,2,-0.02306265340426974,1.2868894159657482,0.760486113159774,1.0,2.1380611311357716,1.8034277027074215,3.111718307947499
RW,MLPQR,0,3,0.0011906334406207126,1.38119916162226,0.7550258814503034,1.0,2.1380611311357716,1.8034277027074215,3.111718307947499
RW,MLPQR,0,4,0.04088082235164123,1.46914858858852,0.7550189288039479,1.0,2.1380611311357716,1.8034277027074215,3.111718307947499
RW,MLPQR,0,5,0.08450550282676582,1.6294553975968467,0.7421193688475983,1.0,2.1380611311357716,1.8034277027074215,3.111718307947499
RW,MLPQR,0,6,0.07520693605953369,1.7373209050062985,0.7315247118193101,1.0,2.1380611311357716,1.8034277027074215,3.111718307947499
RW,MLPQR,0,7,0.07105759815262758,1.8143745178705155,0.7294637252238576,1.0,2.1380611311357716,1.8034277027074215,3.111718307947499
RW,MLPQR,0,8,0.014563128515986398,1.7784795019194455,0.7220635038478158,1.0,2.1380611311357716,1.8034277027074215,3.111718307947499
RW,MLPQR,0,9,-0.012407826611735194,1.9480268500990217,0.7042318552954923,1.0,2.1380611311357716,1.8034277027074215,3.111718307947499
RW,MLPQR,0,10,0.005101304003619026,1.9919354699300986,0.6885525493708072,1.0,2.1380611311357716,1.8034277027074215,3.111718307947499
RW,MLPQR,0,11,0.05231100215927436,2.053862244690912,0.6722102574968118,1.0,2.1380611311357716,1.8034277027074215,3.111718307947499
RW,MLPQR,0,12,0.02707520956650887,2.102507310392387,0.6679573095204031,1.0,2.1380611311357716,1.8034277027074215,3.111718307947499
RW,MLPQR,0,13,0.015232347168644533,2.14950896489541,0.6693318416695437,1.0,2.1380611311357716,1.8034277027074215,3.111718307947499
RW,MLPQR,0,14,0.007612669916576896,2.248199706589323,0.6768615475389786,1.0,2.1380611311357716,1.8034277027074215,3.111718307947499
RW,MLPQR,0,15,0.028268274764531434,2.380730419189691,0.6812813396857308,1.0,2.1380611311357716,1.8034277027074215,3.111718307947499
RW,MLPQR,0,16,0.03914049447502761,2.37433001494049,0.6827203206423138,1.0,2.1380611311357716,1.8034277027074215,3.111718307947499
RW,MLPQR,0,17,0.028356093653655552,2.40545438004945,0.684765856719545,1.0,2.1380611311357716,1.8034277027074215,3.111718307947499
RW,MLPQR,0,18,0.030654822067592635,2.3974061571287035,0.675812694503601,1.0,2.1380611311357716,1.8034277027074215,3.111718307947499
RW,MLPQR,0,19,0.044188248194542805,2.476208132660567,0.6857951691442945,1.0,2.1380611311357716,1.8034277027074215,3.111718307947499
RW,MLPQR,0,20,0.03914313381723853,2.50862200234276,0.6733411064043694,1.0,2.1380611311357716,1.8034277027074215,3.111718307947499
RW,MLPQR,0,21,0.035182328982520904,2.576813145969354,0.6705749571738248,1.0,2.1380611311357716,1.8034277027074215,3.111718307947499
RW,MLPQR,0,22,0.030597865045298402,2.5770446910426017,0.6654464308184893,1.0,2.1380611311357716,1.8034277027074215,3.111718307947499
RW,MLPQR,0,23,0.006165438913245662,2.653336929948256,0.6672182484447474,1.0,2.1380611311357716,1.8034277027074215,3.111718307947499
RW,MLPQR,0,24,0.01951237877762199,2.5926450276755526,0.6624804652847113,1.0,2.1380611311357716,1.8034277027074215,3.111718307947499
RW,MLPQR,0,25,0.05194086855776801,2.581518335480336,0.6600957130933487,1.0,2.1380611311357716,1.8034277027074215,3.111718307947499
RW,MLPQR,0,26,0.0699964747636155,2.497985380221398,0.6553105291706035,1.0,2.1380611311357716,1.8034277027074215,3.111718307947499
RW,MLPQR,0,27,0.057293389610921654,2.4936219703680185,0.6598712345316055,1.0,2.1380611311357716,1.8034277027074215,3.111718307947499
RW,MLPQR,0,28,0.06342604584546736,2.4269330937316145,0.6680586092918769,1.0,2.1380611311357716,1.8034277027074215,3.111718307947499
RW,MLPQR,0,29,0.06187281819212457,2.4275265110362305,0.6728659688513571,1.0,2.1380611311357716,1.8034277027074215,3.111718307947499
RW,MLPQR,0,30,0.0736448877477772,2.282916428133446,0.6747305561884535,1.0,2.1380611311357716,1.8034277027074215,3.111718307947499
RW,MLPQR,0,31,0.06371483093031463,2.2078508714199487,0.6770477300771562,1.0,2.1380611311357716,1.8034277027074215,3.111718307947499
RW,MLPQR,0,32,0.0794063307691892,2.0312725898146042,0.6693555213436782,1.0,2.1380611311357716,1.8034277027074215,3.111718307947499
AR1,MLPQR,0,1,0.08421030230745798,1.256066253329592,0.5174728446160791,0.7,59.36278464388539,5.204887112668167,1.8138937123089476
AR1,MLPQR,0,2,0.08346341652573767,1.6131362614328473,0.40339475926454527,0.48999999999999994,59.36278464388539,5.204887112668167,1.8138937123089476
AR1,MLPQR,0,3,-0.013949254408574715,1.8756968993053769,0.31122404323374475,0.3429999999999999,59.36278464388539,5.204887112668167,1.8138937123089476
AR1,MLPQR,0,4,0.11745974822531821,2.141318914665219,0.24517937873729187,0.24009999999999992,59.36278464388539,5.204887112668167,1.8138937123089476
AR1,MLPQR,0,5,0.06229385429722413,2.3987282046021194,0.201026795670853,0.16806999999999994,59.36278464388539,5.204887112668167,1.8138937123089476
AR1,MLPQR,0,6,0.08463157617162044,2.2771123099970456,0.16496758826139027,0.11764899999999996,59.36278464388539,5.204887112668167,1.8138937123089476
AR1,MLPQR,0,7,0.14625329815939814,2.3429216248858036,0.14197459171776516,0.08235429999999996,59.36278464388539,5.204887112668167,1.8138937123089476
AR1,MLPQR,0,8,0.11825094088856801,1.9817707880719975,0.1251193378560804,0.05764800999999997,59.36278464388539,5.204887112668167,1.8138937123089476
AR1,MLPQR,0,9,0.10235724643579906,2.1296565232398796,0.11010296556149422,0.04035360699999998,59.36278464388539,5.204887112668167,1.8138937123089476
AR1,MLPQR,0,10,0.1685655472131423,2.2846152352025926,0.08447979108460668,0.02824752489999998,59.36278464388539,5.204887112668167,1.8138937123089476
AR1,MLPQR,0,11,0.13260757969975615,2.368993304399568,0.08190806853453149,0.019773267429999988,59.36278464388539,5.204887112668167,1.8138937123089476
AR1,MLPQR,0,12,0.08517327962331106,2.461017405902972,0.058945604530394935,0.01384128720099999,59.36278464388539,5.204887112668167,1.8138937123089476
AR1,MLPQR,0,13,-0.07239596332855809,2.2852120455372718,0.04514749988226793,0.009688901040699992,59.36278464388539,5.204887112668167,1.8138937123089476
AR1,MLPQR,0,14,0.004930035981816433,2.317050753579355,0.0352158196986122,0.006782230728489994,59.36278464388539,5.204887112668167,1.8138937123089476
AR1,MLPQR,0,15,0.010621110296005286,2.264812898133614,0.024938855736970293,0.004747561509942996,59.36278464388539,5.204887112668167,1.8138937123089476
AR1,MLPQR,0,16,-0.030650357995966118,2.3630690391412847,0.021348178273175943,0.0033232930569600965,59.36278464388539,5.204887112668167,1.8138937123089476
AR1,MLPQR,0,17,0.025345031068822847,2.435782348259632,0.017298964454771894,0.0023263051398720674,59.36278464388539,5.204887112668167,1.8138937123089476
AR1,MLPQR,0,18,0.004765354493309116,2.3615313107523948,0.020550574478279245,0.001628413597910447,59.36278464388539,5.204887112668167,1.8138937123089476
AR1,MLPQR,0,19,0.00057968827357142,2.472450873501719,0.029457322565319626,0.001139889518537313,59.36278464388539,5.204887112668167,1.8138937123089476
AR1,MLPQR,0,20,-0.016745134316465342,2.5476246786578747,0.021512173766157678,0.0007979226629761189,59.36278464388539,5.204887112668167,1.8138937123089476
AR1,MLPQR,0,21,-0.010005347189539927,2.4942614223384765,0.01019684524795385,0.0005585458640832833,59.36278464388539,5.204887112668167,1.8138937123089476
AR1,MLPQR,0,22,-0.04462348790752216,2.333442080475871,0.016082400431377132,0.00039098210485829826,59.36278464388539,5.204887112668167,1.8138937123089476
AR1,MLPQR,0,23,0.02473355582310615,2.2692943927916915,0.030032790154060116,0.0002736874734008088,59.36278464388539,5.204887112668167,1.8138937123089476
AR1,MLPQR,0,24,0.06296104860724473,2.5282251451333986,0.03001480018243066,0.00019158123138056612,59.36278464388539,5.204887112668167,1.8138937123089476
AR1,MLPQR,0,25,0.0484646703937798,2.4285145676911766,0.01731072516905145,0.00013410686196639628,59.36278464388539,5.204887112668167,1.8138937123089476
AR1,MLPQR,0,26,0.09416187854439614,2.366911692435652,0.022998752794036306,9.387480337647739e-05,59.36278464388539,5.204887112668167,1.8138937123089476
AR1,MLPQR,0,27,0.15944347778600967,2.5192829912230805,0.01732698755725403,6.571236236353417e-05,59.36278464388539,5.204887112668167,1.8138937123089476
AR1,MLPQR,0,28,0.14278931862531236,2.5371192115977594,0.0298132517302276,4.5998653654473914e-05,59.36278464388539,5.204887112668167,1.8138937123089476
AR1,MLPQR,0,29,0.1814951136038266,2.3986825555859994,0.022811806331508505,3.219905755813174e-05,59.36278464388539,5.204887112668167,1.8138937123089476
AR1,MLPQR,0,30,0.1597581270246914,2.352470327692015,0.028910795966330838,2.2539340290692216e-05,59.36278464388539,5.204887112668167,1.8138937123089476
AR1,MLPQR,0,31,0.21635093964436589,2.1762516913120233,0.041169144335404015,1.5777538203484548e-05,59.36278464388539,5.204887112668167,1.8138937123089476
AR1,MLPQR,0,32,0.18005240475106418,1.9388462285038224,0.028342495196311993,1.1044276742439184e-05,59.36278464388539,5.204887112668167,1.8138937123089476
SEAS,MLPQR,0,1,0.07860544435520121,1.2194483920387615,0.4168693884744535,0.7,60.013414673357886,5.648278172516513,3.7883435229094324
SEAS,MLPQR,0,2,-0.11579873103924518,1.4399262390406165,0.3015498247539454,0.48999999999999994,60.013414673357886,5.648278172516513,3.7883435229094324
SEAS,MLPQR,0,3,-0.0826166243122922,1.7636446940824582,0.21463666054037944,0.3429999999999999,60.013414673357886,5.648278172516513,3.7883435229094324
SEAS,MLPQR,0,4,-0.007773210889584566,1.7559487148195077,0.1295478843099979,0.24009999999999992,60.013414673357886,5.648278172516513,3.7883435229094324
SEAS,MLPQR,0,5,-0.05915935118407333,1.8327513885842037,0.07664468634508757,0.16806999999999994,60.013414673357886,5.648278172516513,3.7883435229094324
SEAS,MLPQR,0,6,-0.022522980389846906,2.004548447306233,0.04191878121955191,0.11764899999999996,60.013414673357886,5.648278172516513,3.7883435229094324
SEAS,MLPQR,0,7,-0.13027598150121222,1.9547925163065103,0.01509448135649086,0.08235429999999996,60.013414673357886,5.648278172516513,3.7883435229094324
SEAS,MLPQR,0,8,-0.1650627402851685,1.8451066448142244,-0.011201412241368053,0.05764800999999997,60.013414673357886,5.648278172516513,3.7883435229094324
SEAS,MLPQR,0,9,-0.08457013827607142,1.9057903346038647,-0.015652239657502783,0.04035360699999998,60.013414673357886,5.648278172516513,3.7883435229094324
SEAS,MLPQR,0,10,-0.019577729270890736,2.0269962790176432,-0.02998792683068145,0.02824752489999998,60.013414673357886,5.648278172516513,3.7883435229094324
SEAS,MLPQR,0,11,-0.030462931328778465,2.046540603136471,-0.02713380866926504,0.019773267429999988,60.013414673357886,5.648278172516513,3.7883435229094324
SEAS,MLPQR,0,12,-0.004870379396870236,1.9405030198951303,-0.05196981074295735,0.01384128720099999,60.013414673357886,5.648278172516513,3.7883435229094324
SEAS,MLPQR,0,13,-0.19172134371964814,2.300049976363673,-0.04704855263451098,0.009688901040699992,60.013414673357886,5.648278172516513,3.7883435229094324
SEAS,MLPQR,0,14,-0.06224769654715672,2.241241868998615,-0.0559930499858845,0.006782230728489994,60.013414673357886,5.648278172516513,3.7883435229094324
SEAS,MLPQR,0,15,-0.08241491604410485,2.174636501517394,-0.06662361692425033,0.004747561509942996,60.013414673357886,5.648278172516513,3.7883435229094324
SEAS,MLPQR,0,16,0.07992583953473212,2.243749993894989,-0.05043057326096658,0.0033232930569600965,60.013414673357886,5.648278172516513,3.7883435229094324
SEAS,MLPQR,0,17,0.034428848153936376,2.2400627063347813,-0.033636743412432925,0.0023263051398720674,60.013414673357886,5.648278172516513,3.7883435229094324
SEAS,MLPQR,0,18,0.021305525011199936,1.9021469744568682,-0.009398218068244523,0.001628413597910447,60.013414673357886,5.648278172516513,3.7883435229094324
SEAS,MLPQR,0,19,0.1692418611415323,1.8993190244524123,0.028583131430830324,0.001139889518537313,60.013414673357886,5.648278172516513,3.7883435229094324
SEAS,MLPQR,0,20,0.12144028296896721,2.1060841567377184,0.046944127474343546,0.0007979226629761189,60.013414673357886,5.648278172516513,3.7883435229094324
SEAS,MLPQR,0,21,0.127446971434992,2.2545531006390003,0.024954515922501606,0.0005585458640832833,60.013414673357886,5.648278172516513,3.7883435229094324
SEAS,MLPQR,0,22,0.03808044179746294,2.2072716717203376,0.02552571647701687,0.00039098210485829826,60.013414673357886,5.648278172516513,3.7883435229094324
SEAS,MLPQR,0,23,0.009060154401316313,2.2191383990638034,0.06172962633892875,0.0002736874734008088,60.013414673357886,5.648278172516513,3.7883435229094324
SEAS,MLPQR,0,24,-0.06282448651884665,2.3307535232159005,0.06738151181094747,0.00019158123138056612,60.013414673357886,5.648278172516513,3.7883435229094324
SEAS,MLPQR,0,25,0.08510608433853734,2.2546237187178626,0.048996559350415685,0.00013410686196639628,60.013414673357886,5.648278172516513,3.7883435229094324
SEAS,MLPQR,0,26,-0.06180649940658056,2.1701060725057464,0.045634430677473824,9.387480337647739e-05,60.013414673357886,5.648278172516513,3.7883435229094324
SEAS,MLPQR,0,27,0.015746499654344544,2.1871575102287,0.023342387073940363,6.571236236353417e-05,60.013414673357886,5.648278172516513,3.7883435229094324
SEAS,MLPQR,0,28,-0.05265832281996441,2.0293081481845014,0.010209544028428668,4.5998653654473914e-05,60.013414673357886,5.648278172516513,3.7883435229094324
SEAS,MLPQR,0,29,-0.18173670327181735,1.9278887651765202,0.03607768313661006,3.219905755813174e-05,60.013414673357886,5.648278172516513,3.7883435229094324
SEAS,MLPQR,0,30,-0.20399502777390302,1.999436858563475,0.03352428394071291,2.2539340290692216e-05,60.013414673357886,5.648278172516513,3.7883435229094324
SEAS,MLPQR,0,31,-0.08148672161301834,1.8437192931798472,0.02375749631289573,1.5777538203484548e-05,60.013414673357886,5.648278172516513,3.7883435229094324
SEAS,MLPQR,0,32,-0.13619951450317888,1.5647142892239179,-0.025774085889415595,1.1044276742439184e-05,60.013414673357886,5.648278172516513,3.7883435229094324
WN,MLPQR,1,1,-0.02116319739083918,1.4361605206389478,0.20987962310993943,0.0,122.49287520011211,7.985535521051545,2.568238115322664
WN,MLPQR,1,2,0.05897836461598082,1.3922038979802878,0.03385358358622745,0.0,122.49287520011211,7.985535521051545,2.568238115322664
WN,MLPQR,1,3,0.08738839165955853,1.3714590666788724,-0.012262411973435939,0.0,122.49287520011211,7.985535521051545,2.568238115322664
WN,MLPQR,1,4,0.08702305182004363,1.3530675904156566,-0.01089028983066971,0.0,122.49287520011211,7.985535521051545,2.568238115322664
WN,MLPQR,1,5,0.05506413978183699,1.3909533860865277,0.01722835388954199,0.0,122.49287520011211,7.985535521051545,2.568238115322664
WN,MLPQR,1,6,-0.029959265007153384,1.437555675013231,0.040937186628781784,0.0,122.49287520011211,7.985535521051545,2.568238115322664
WN,MLPQR,1,7,0.0669961752893097,1.421522720330374,0.056254026031441653,0.0,122.49287520011211,7.985535521051545,2.568238115322664
WN,MLPQR,1,8,0.15559624267379796,1.5633899243802485,0.049711586066264656,0.0,122.49287520011211,7.985535521051545,2.568238115322664
WN,MLPQR,1,9,-0.054925196066764624,1.3695688392511016,0.0357237092856582,0.0,122.49287520011211,7.985535521051545,2.568238115322664
WN,MLPQR,1,10,-0.05817302646754027,1.5542819709131641,0.03814643606158356,0.0,122.49287520011211,7.985535521051545,2.568238115322664
WN,MLPQR,1,11,-0.011778876633781172,1.4958297977768442,0.05809161870532435,0.0,122.49287520011211,7.985535521051545,2.568238115322664
WN,MLPQR,1,12,-0.011936790484925712,1.5749767751911619,0.03265311511597214,0.0,122.49287520011211,7.985535521051545,2.568238115322664
WN,MLPQR,1,13,0.012732138128685235,1.6137337812986625,0.04951775276207463,0.0,122.49287520011211,7.985535521051545,2.568238115322664
WN,MLPQR,1,14,0.007951738655733556,1.5090117940094592,0.08320535563743216,0.0,122.49287520011211,7.985535521051545,2.568238115322664
WN,MLPQR,1,15,0.004850226561688737,1.5901932564110055,0.07201477037801193,0.0,122.49287520011211,7.985535521051545,2.568238115322664
WN,MLPQR,1,16,0.10743902699443171,1.5942452388164279,0.06346082106781482,0.0,122.49287520011211,7.985535521051545,2.568238115322664
WN,MLPQR,1,17,-0.053033452501967164,1.4987307480748402,0.0549346600331547,0.0,122.49287520011211,7.985535521051545,2.568238115322664
WN,MLPQR,1,18,0.006630791878198578,1.610736502805681,0.034857578578933165,0.0,122.49287520011211,7.985535521051545,2.568238115322664
WN,MLPQR,1,19,0.013020677788984318,1.646286876643327,0.020824140745708982,0.0,122.49287520011211,7.985535521051545,2.568238115322664
WN,MLPQR,1,20,-0.06971320666758124,1.3500862094157968,0.021886061716665656,0.0,122.49287520011211,7.985535521051545,2.568238115322664
WN,MLPQR,1,21,0.0015424033049218386,1.5503655575084259,0.0016058389108481081,0.0,122.49287520011211,7.985535521051545,2.568238115322664
WN,MLPQR,1,22,-0.005115451987904684,1.5500322497266203,0.013078699874770672,0.0,122.49287520011211,7.985535521051545,2.568238115322664
WN,MLPQR,1,23,0.08577022275794866,1.5817467542511792,0.03912666402254427,0.0,122.49287520011211,7.985535521051545,2.568238115322664
WN,MLPQR,1,24,0.021970733001158635,1.6298836146310218,0.04207035420153361,0.0,122.49287520011211,7.985535521051545,2.568238115322664
WN,MLPQR,1,25,0.05998028048669384,1.5397384469715876,0.021015367259177853,0.0,122.49287520011211,7.985535521051545,2.568238115322664
WN,MLPQR,1,26,-0.0991240618658759,1.4648629570413347,0.04505038590320068,0.0,122.49287520011211,7.985535521051545,2.568238115322664
WN,MLPQR,1,27,-0.11377617880235727,1.5026941098011,0.05207905638564993,0.0,122.49287520011211,7.985535521051545,2.568238115322664
WN,MLPQR,1,28,-0.09901691852911161,1.548286709097805,0.06570107365681378,0.0,122.49287520011211,7.985535521051545,2.568238115322664
WN,MLPQR,1,29,-0.029298344409017952,1.6230136198815535,0.037896431698296665,0.0,122.49287520011211,7.985535521051545,2.568238115322664
WN,MLPQR,1,30,0.028742400780057166,1.6468346677739025,0.06570840451204778,0.0,122.49287520011211,7.985535521051545,2.568238115322664
WN,MLPQR,1,31,-0.062458423362128895,1.5438476253902438,0.05891294823123947,0.0,122.49287520011211,7.985535521051545,2.568238115322664
WN,MLPQR,1,32,-0.029209602469839478,1.5589020502855162,0.04704623869087918,0.0,122.49287520011211,7.985535521051545,2.568238115322664
RW,MLPQR,1,1,-0.051442024317983524,1.2083972957676985,0.7589653208301717,1.0,2.1485380394907954,2.0323624696590135,1.8499224226708533
RW,MLPQR,1,2,0.01795160150427251,1.4200291160549539,0.7601434363939858,1.0,2.1485380394907954,2.0323624696590135,1.8499224226708533
RW,MLPQR,1,3,0.07309330447926633,1.6218084339899066,0.7563974150122842,1.0,2.1485380394907954,2.0323624696590135,1.8499224226708533
RW,MLPQR,1,4,0.08231418513355147,1.7045959742287426,0.7563689213285849,1.0,2.1485380394907954,2.0323624696590135,1.8499224226708533
RW,MLPQR,1,5,0.10407957033769555,1.6957939943525884,0.7443717126316048,1.0,2.1485380394907954,2.0323624696590135,1.8499224226708533
RW,MLPQR,1,6,0.13158363764878758,1.810175947954452,0.7324566003393139,1.0,2.1485380394907954,2.0323624696590135,1.8499224226708533
RW,MLPQR,1,7,0.04287815686303184,1.8976095815247769,0.7331770613920232,1.0,2.1485380394907954,2.0323624696590135,1.8499224226708533
RW,MLPQR,1,8,0.08432689314058778,1.9315041054390918,0.7262007809078092,1.0,2.1485380394907954,2.0323624696590135,1.8499224226708533
RW,MLPQR,1,9,0.08176622034220124,2.0948835347803985,0.7115052928657165,1.0,2.1485380394907954,2.0323624696590135,1.8499224226708533
RW,MLPQR,1,10,0.06253092749210892,2.139136851383364,0.6951505943834323,1.0,2.1485380394907954,2.0323624696590135,1.8499224226708533
RW,MLPQR,1,11,0.087911608715077,2.1606098246682133,0.6776517385284143,1.0,2.1485380394907954,2.0323624696590135,1.8499224226708533
RW,MLPQR,1,12,0.07721524993153066,2.1192711133788156,0.670727321153153,1.0,2.1485380394907954,2.0323624696590135,1.8499224226708533
RW,MLPQR,1,13,0.036073943349514026,2.2449947017197482,0.6674335817758049,1.0,2.1485380394907954,2.0323624696590135,1.8499224226708533
RW,MLPQR,1,14,0.06237787864476488,2.2828256280424783,0.6666713931166486,1.0,2.1485380394907954,2.0323624696590135,1.8499224226708533
RW,MLPQR,1,15,0.05521181539330044,2.327181709025749,0.6661184222542809,1.0,2.1485380394907954,2.0323624696590135,1.8499224226708533
RW,MLPQR,1,16,0.08463854800323269,2.349835362516551,0.6657250845009276,1.0,2.1485380394907954,2.0323624696590135,1.8499224226708533
RW,MLPQR,1,17,0.06141463927319709,2.434887692904454,0.6660297554578479,1.0,2.1485380394907954,2.0323624696590135,1.8499224226708533
RW,MLPQR,1,18,0.07352323123227379,2.366615070962752,0.6636283826922172,1.0,2.1485380394907954,2.0323624696590135,1.8499224226708533
RW,MLPQR,1,19,0.08346696146860902,2.3830856307966166,0.6785699787865511,1.0,2.1485380394907954,2.0323624696590135,1.8499224226708533
RW,MLPQR,1,20,0.0879410083891999,2.477188354135555,0.6704925084917487,1.0,2.1485380394907954,2.0323624696590135,1.8499224226708533
RW,MLPQR,1,21,0.07145133678067943,2.5012095333406097,0.666818822991522,1.0,2.1485380394907954,2.0323624696590135,1.8499224226708533
RW,MLPQR,1,22,0.07821003413992943,2.485529282418865,0.6589762488847816,1.0,2.1485380394907954,2.0323624696590135,1.8499224226708533
RW,MLPQR,1,23,0.07926366920951637,2.529041330244056,0.6568883388177346,1.0,2.1485380394907954,2.0323624696590135,1.8499224226708533
RW,MLPQR,1,24,0.05651254415254371,2.533140113433672,0.6501061418500051,1.0,2.1485380394907954,2.0323624696590135,1.8499224226708533
RW,MLPQR,1,25,0.07344338200799698,2.607731572216865,0.6455270261932867,1.0,2.1485380394907954,2.0323624696590135,1.8499224226708533
RW,MLPQR,1,26,0.08613135076622626,2.5584294263397553,0.6456557534471602,1.0,2.1485380394907954,2.0323624696590135,1.8499224226708533
RW,MLPQR,1,27,0.08407154654065138,2.6075136431039634,0.6506057497356994,1.0,2.1485380394907954,2.0323624696590135,1.8499224226708533
RW,MLPQR,1,28,0.1270189766046742,2.542063574006903,0.6604729559126649,1.0,2.1485380394907954,2.0323624696590135,1.8499224226708533
RW,MLPQR,1,29,0.11098047606832462,2.5147017789887016,0.6626356068864263,1.0,2.1485380394907954,2.0323624696590135,1.8499224226708533
RW,MLPQR,1,30,0.108741431351699,2.4164076341385785,0.6632122875974857,1.0,2.1485380394907954,2.0323624696590135,1.8499224226708533
RW,MLPQR,1,31,0.10767110079328546,2.355768147297677,0.6639473151957431,1.0,2.1485380394907954,2.0323624696590135,1.8499224226708533
RW,MLPQR,1,32,0.10437706503923391,2.0795842304910077,0.651984395093877,1.0,2.1485380394907954,2.0323624696590135,1.8499224226708533
AR1,MLPQR,1,1,-0.024028123338827333,1.408956897034332,0.5226831925646753,0.7,57.97415368456183,5.425493128241903,1.9309807795913376
AR1,MLPQR,1,2,-0.03645232448096043,1.8726722496064254,0.4056971662283031,0.48999999999999994,57.97415368456183,5.425493128241903,1.9309807795913376
AR1,MLPQR,1,3,0.012082068128658594,1.9951507856626434,0.3145426757730131,0.3429999999999999,57.97415368456183,5.425493128241903,1.9309807795913376
AR1,MLPQR,1,4,-0.005192600158752191,2.0152624795362932,0.24761892145187558,0.24009999999999992,57.97415368456183,5.425493128241903,1.9309807795913376
AR1,MLPQR,1,5,0.04139487989241149,1.970311210192384,0.20220620048620447,0.16806999999999994,57.97415368456183,5.425493128241903,1.9309807795913376
AR1,MLPQR,1,6,0.06190201122773535,1.9689835806943763,0.15813426678807194,0.11764899999999996,57.97415368456183,5.425493128241903,1.9309807795913376
AR1,MLPQR,1,7,0.0005327159990953145,2.123958465645312,0.12170147349368877,0.08235429999999996,57.97415368456183,5.425493128241903,1.9309807795913376
AR1,MLPQR,1,8,-0.018778852153124432,2.0251307613809284,0.0948392844674698,0.05764800999999997,57.97415368456183,5.425493128241903,1.9309807795913376
AR1,MLPQR,1,9,0.06651235769829224,2.1069256372106113,0.0737329051643441,0.04035360699999998,57.97415368456183,5.425493128241903,1.9309807795913376
AR1,MLPQR,1,10,0.046054373296145784,2.25576166260908,0.05373837802305343,0.02824752489999998,57.97415368456183,5.425493128241903,1.9309807795913376
AR1,MLPQR,1,11,-0.010122682074397656,2.287907249854805,0.058217612117864824,0.019773267429999988,57.97415368456183,5.425493128241903,1.9309807795913376
AR1,MLPQR,1,12,-0.0132409750872289,2.4410700224578807,0.05098494034187445,0.01384128720099999,57.97415368456183,5.425493128241903,1.9309807795913376
AR1,MLPQR,1,13,0.0813301920640649,2.4791064716569515,0.05927542165314191,0.009688901040699992,57.97415368456183,5.425493128241903,1.9309807795913376
AR1,MLPQR,1,14,0.06297966322975336,2.448214220256974,0.051820577480544104,0.006782230728489994,57.97415368456183,5.425493128241903,1.9309807795913376
AR1,MLPQR,1,15,0.07608427106938552,2.310718898146359,0.044055621771679876,0.004747561509942996,57.97415368456183,5.425493128241903,1.9309807795913376
AR1,MLPQR,1,16,0.04938175041998152,2.231282536627934,0.04040798316983883,0.0033232930569600965,57.97415368456183,5.425493128241903,1.9309807795913376
AR1,MLPQR,1,17,0.02849494958235418,2.24110033259919,0.04111299122600751,0.0023263051398720674,57.97415368456183,5.425493128241903,1.9309807795913376
AR1,MLPQR,1,18,0.056741518622269414,2.1763961679870194,0.03784253957332603,0.001628413597910447,57.97415368456183,5.425493128241903,1.9309807795913376
AR1,MLPQR,1,19,0.13954517427521385,2.1985939118469324,0.05055149053142897,0.001139889518537313,57.97415368456183,5.425493128241903,1.9309807795913376
AR1,MLPQR,1,20,0.13023593435452915,2.520448192283337,0.04689137504559213,0.0007979226629761189,57.97415368456183,5.425493128241903,1.9309807795913376
AR1,MLPQR,1,21,0.1521947286307908,2.4812195813898286,0.03629423569259809,0.0005585458640832833,57.97415368456183,5.425493128241903,1.9309807795913376
AR1,MLPQR,1,22,0.16931597084978278,2.4790601018978538,0.047291044100156804,0.00039098210485829826,57.97415368456183,5.425493128241903,1.9309807795913376
AR1,MLPQR,1,23,0.051007366487812004,2.428979930931603,0.0623420583877126,0.0002736874734008088,57.97415368456183,5.425493128241903,1.9309807795913376
AR1,MLPQR,1,24,-0.011157955829313514,2.710739099968843,0.06046704928821034,0.00019158123138056612,57.97415368456183,5.425493128241903,1.9309807795913376
AR1,MLPQR,1,25,0.06007856635338553,2.577930026797325,0.05075215944226663,0.00013410686196639628,57.97415368456183,5.425493128241903,1.9309807795913376
AR1,MLPQR,1,26,0.0002813544622807266,2.4760967480456944,0.056775287792358305,9.387480337647739e-05,57.97415368456183,5.425493128241903,1.9309807795913376
AR1,MLPQR,1,27,-0.09066532661415991,2.6351541781269185,0.03695524230228918,6.571236236353417e-05,57.97415368456183,5.425493128241903,1.9309807795913376
AR1,MLPQR,1,28,0.023352494070035833,2.5864332713367184,0.041658070409537076,4.5998653654473914e-05,57.97415368456183,5.425493128241903,1.9309807795913376
AR1,MLPQR,1,29,-0.012779614449539256,2.4971152688878777,0.029174261474995227,3.219905755813174e-05,57.97415368456183,5.425493128241903,1.9309807795913376
AR1,MLPQR,1,30,0.05610633373769745,2.331560598221282,0.025316232139885885,2.2539340290692216e-05,57.97415368456183,5.425493128241903,1.9309807795913376
AR1,MLPQR,1,31,0.014234689373342834,2.1621536112527386,0.03313500953905579,1.5777538203484548e-05,57.97415368456183,5.425493128241903,1.9309807795913376
AR1,MLPQR,1,32,0.032129653484896145,1.987363694325539,0.032309569649605206,1.1044276742439184e-05,57.97415368456183,5.425493128241903,1.9309807795913376
SEAS,MLPQR,1,1,-0.03263908402758203,1.46817391206551,0.4327400668262476,0.7,56.547130009400256,5.582687072940188,3.551236890260528
SEAS,MLPQR,1,2,-0.10807816021154279,1.6108972281347516,0.32964304054649973,0.48999999999999994,56.547130009400256,5.582687072940188,3.551236890260528
SEAS,MLPQR,1,3,-0.046555289236578534,1.8082103334965136,0.2422069707449353,0.3429999999999999,56.547130009400256,5.582687072940188,3.551236890260528
SEAS,MLPQR,1,4,-0.08391446356816595,1.948429995483923,0.14783234420254657,0.24009999999999992,56.547130009400256,5.582687072940188,3.551236890260528
SEAS,MLPQR,1,5,-0.03710080752817992,1.734375071156118,0.08599208306723938,0.16806999999999994,56.547130009400256,5.582687072940188,3.551236890260528
SEAS,MLPQR,1,6,-0.1273665821617729,1.9629340045777606,0.05040009795127881,0.11764899999999996,56.547130009400256,5.582687072940188,3.551236890260528
SEAS,MLPQR,1,7,-0.09187071726128318,1.9668254312931783,0.02199309918409811,0.08235429999999996,56.547130009400256,5.582687072940188,3.551236890260528
SEAS,MLPQR,1,8,-0.09539475262358349,1.93578076861103,-0.0048815379356430925,0.05764800999999997,56.547130009400256,5.582687072940188,3.551236890260528
SEAS,MLPQR,1,9,-0.06914492767757376,2.1580099862725532,-0.007456251558995897,0.04035360699999998,56.547130009400256,5.582687072940188,3.551236890260528
SEAS,MLPQR,1,10,0.10872139009429534,2.1997854883302246,-0.019073794490129973,0.02824752489999998,56.547130009400256,5.582687072940188,3.551236890260528
SEAS,MLPQR,1,11,0.10131022769602391,2.1160057333288416,-0.025878227597207648,0.019773267429999988,56.547130009400256,5.582687072940188,3.551236890260528
SEAS,MLPQR,1,12,0.09209240388326254,2.085386667369622,-0.04119330372243558,0.01384128720099999,56.547130009400256,5.582687072940188,3.551236890260528
SEAS,MLPQR,1,13,0.06480644369843339,2.171162196945579,-0.04598328166593976,0.009688901040699992,56.547130009400256,5.582687072940188,3.551236890260528
SEAS,MLPQR,1,14,0.026453906198778902,2.141631417743338,-0.0436263031021197,0.006782230728489994,56.547130009400256,5.582687072940188,3.551236890260528
SEAS,MLPQR,1,15,0.005895184714407667,2.0694710744367515,-0.04697105810404012,0.004747561509942996,56.547130009400256,5.582687072940188,3.551236890260528
SEAS,MLPQR,1,16,0.04958526098676159,1.99504106319544,-0.03066532072932495,0.0033232930569600965,56.547130009400256,5.582687072940188,3.551236890260528
SEAS,MLPQR,1,17,0.007448831453204612,1.9394463222942409,-0.012154367794716974,0.0023263051398720674,56.547130009400256,5.582687072940188,3.551236890260528
SEAS,MLPQR,1,18,-0.0035533505160758178,2.0045079973447186,0.0139820253468568,0.001628413597910447,56.547130009400256,5.582687072940188,3.551236890260528
SEAS,MLPQR,1,19,0.11858062668870066,2.0264219999160673,0.04926124904572943,0.001139889518537313,56.547130009400256,5.582687072940188,3.551236890260528
SEAS,MLPQR,1,20,0.12577589235665443,2.2425356101825833,0.06566659649247167,0.0007979226629761189,56.547130009400256,5.582687072940188,3.551236890260528
SEAS,MLPQR,1,21,0.1047872075395823,2.1430805115062412,0.04931555087267668,0.0005585458640832833,56.547130009400256,5.582687072940188,3.551236890260528
SEAS,MLPQR,1,22,0.03623764686610093,2.178927793534134,0.05032302601896144,0.00039098210485829826,56.547130009400256,5.582687072940188,3.551236890260528
SEAS,MLPQR,1,23,0.10514569535989032,2.3697551406795907,0.06963224829300384,0.0002736874734008088,56.547130009400256,5.582687072940188,3.551236890260528
SEAS,MLPQR,1,24,0.09999614149935532,2.347969002068249,0.068462108863824,0.00019158123138056612,56.547130009400256,5.582687072940188,3.551236890260528
SEAS,MLPQR,1,25,0.13803156737436553,2.287609070189938,0.04509325570313877,0.00013410686196639628,56.547130009400256,5.582687072940188,3.551236890260528
SEAS,MLPQR,1,26,0.0273487570877983,2.218204934660134,0.040223298107066006,9.387480337647739e-05,56.547130009400256,5.582687072940188,3.551236890260528
SEAS,MLPQR,1,27,0.027678494645245497,2.2564349752030024,0.011384838367767864,6.571236236353417e-05,56.547130009400256,5.582687072940188,3.551236890260528
SEAS,MLPQR,1,28,0.04519935945482044,2.2120365968001297,-0.0034840784725399163,4.5998653654473914e-05,56.547130009400256,5.582687072940188,3.551236890260528
SEAS,MLPQR,1,29,-0.011182480355536813,2.3766967823206224,0.009187090022856222,3.219905755813174e-05,56.547130009400256,5.582687072940188,3.551236890260528
SEAS,MLPQR,1,30,0.12988923479155,2.2029198126971106,-0.0036562094665846486,2.2539340290692216e-05,56.547130009400256,5.582687072940188,3.551236890260528
SEAS,MLPQR,1,31,0.1356246670033129,2.131467007914922,-0.017014230531677145,1.5777538203484548e-05,56.547130009400256,5.582687072940188,3.551236890260528
SEAS,MLPQR,1,32,0.05941631345548926,1.7589692260704097,-0.06060063211839296,1.1044276742439184e-05,56.547130009400256,5.582687072940188,3.551236890260528
WN,MLPQR,2,1,0.08829497862365251,1.565751729453447,0.21685992595075865,0.0,126.46874620582288,8.119631525017057,2.974729486114093
WN,MLPQR,2,2,0.013064893658478637,1.4268380950543778,0.056378858892414424,0.0,126.46874620582288,8.119631525017057,2.974729486114093
WN,MLPQR,2,3,0.043584449262490416,1.4085468943751944,-0.00246465900381307,0.0,126.46874620582288,8.119631525017057,2.974729486114093
WN,MLPQR,2,4,0.007211733664442713,1.5596593810424955,-0.004924286928186979,0.0,126.46874620582288,8.119631525017057,2.974729486114093
WN,MLPQR,2,5,0.016639783639036638,1.5322747631292175,0.0163239653450237,0.0,126.46874620582288,8.119631525017057,2.974729486114093
WN,MLPQR,2,6,-0.08056780927099746,1.461581980979229,0.03916132693617892,0.0,126.46874620582288,8.119631525017057,2.974729486114093
WN,MLPQR,2,7,-0.18750996778511006,1.386284905056161,0.05880286450369886,0.0,126.46874620582288,8.119631525017057,2.974729486114093
WN,MLPQR,2,8,-0.030706793792420792,1.5149316143735938,0.05602131116148937,0.0,126.46874620582288,8.119631525017057,2.974729486114093
WN,MLPQR,2,9,-0.10928958496464887,1.4270900714422117,0.047884310036690476,0.0,126.46874620582288,8.119631525017057,2.974729486114093
WN,MLPQR,2,10,-0.0588750662816458,1.4863854366138525,0.053492830103698194,0.0,126.46874620582288,8.119631525017057,2.974729486114093
WN,MLPQR,2,11,-0.12432808564926319,1.3321486047947433,0.07474761445835021,0.0,126.46874620582288,8.119631525017057,2.974729486114093
WN,MLPQR,2,12,-0.06823893052537723,1.6078652927709827,0.05115619423842439,0.0,126.46874620582288,8.119631525017057,2.974729486114093
WN,MLPQR,2,13,-0.05547024141257445,1.484387905881034,0.07769226907182768,0.0,126.46874620582288,8.119631525017057,2.974729486114093
WN,MLPQR,2,14,-0.07418799654757595,1.4844497129291658,0.09515529466792293,0.0,126.46874620582288,8.119631525017057,2.974729486114093
WN,MLPQR,2,15,-0.0750043251807064,1.5905250278681176,0.08278112329073974,0.0,126.46874620582288,8.119631525017057,2.974729486114093
WN,MLPQR,2,16,-0.12040613971818583,1.6444801864245777,0.06814636561900696,0.0,126.46874620582288,8.119631525017057,2.974729486114093
WN,MLPQR,2,17,-0.15219269114495118,1.516945428690677,0.062475501612114404,0.0,126.46874620582288,8.119631525017057,2.974729486114093
WN,MLPQR,2,18,-0.027416464206387044,1.6928934530523576,0.03953290522321711,0.0,126.46874620582288,8.119631525017057,2.974729486114093
WN,MLPQR,2,19,-0.08867265915924151,1.4688783290248357,0.03036930537246399,0.0,126.46874620582288,8.119631525017057,2.974729486114093
WN,MLPQR,2,20,-0.03274902351076219,1.361386005551592,0.028017224193527212,0.0,126.46874620582288,8.119631525017057,2.974729486114093
WN,MLPQR,2,21,-0.05135055695804811,1.4231083773671844,0.007472278591097557,0.0,126.46874620582288,8.119631525017057,2.974729486114093
WN,MLPQR,2,22,-0.05102201670060972,1.8569766188550334,0.020371313939281897,0.0,126.46874620582288,8.119631525017057,2.974729486114093
WN,MLPQR,2,23,0.0011388507086034967,1.3786521964249538,0.05305356363517477,0.0,126.46874620582288,8.119631525017057,2.974729486114093
WN,MLPQR,2,24,-0.033353766728599674,1.4633321523603309,0.06280363788226394,0.0,126.46874620582288,8.119631525017057,2.974729486114093
WN,MLPQR,2,25,0.024093905019909774,1.6318585442474403,0.044103842511680647,0.0,126.46874620582288,8.119631525017057,2.974729486114093
WN,MLPQR,2,26,0.00553563525131079,1.4687641683774388,0.06875298977661197,0.0,126.46874620582288,8.119631525017057,2.974729486114093
WN,MLPQR,2,27,-0.07349601370444617,1.380862723139559,0.07648228748754429,0.0,126.46874620582288,8.119631525017057,2.974729486114093
WN,MLPQR,2,28,-0.08819575025347838,1.5374620452721823,0.08978195160956699,0.0,126.46874620582288,8.119631525017057,2.974729486114093
WN,MLPQR,2,29,-0.15950364708535592,1.7663791443086716,0.06706940237208817,0.0,126.46874620582288,8.119631525017057,2.974729486114093
WN,MLPQR,2,30,-0.06438985270692515,1.5930483135246494,0.08853959246780134,0.0,126.46874620582288,8.119631525017057,2.974729486114093
WN,MLPQR,2,31,-0.11952582572242378,1.4481198768314634,0.1017573800964175,0.0,126.46874620582288,8.119631525017057,2.974729486114093
WN,MLPQR,2,32,0.011343887625235501,1.273165942250348,0.08941626060428146,0.0,126.46874620582288,8.119631525017057,2.974729486114093
RW,MLPQR,2,1,-0.026706092598190973,1.1686062344271515,0.7574114251097487,1.0,2.160106356621239,1.7803030197826035,3.1860142474751596
RW,MLPQR,2,2,-0.03778705941318179,1.3998770782550882,0.7560807890825838,1.0,2.160106356621239,1.7803030197826035,3.1860142474751596
RW,MLPQR,2,3,-0.006635746028132875,1.5125490726683823,0.7481719482916231,1.0,2.160106356621239,1.7803030197826035,3.1860142474751596
RW,MLPQR,2,4,0.03215879486105591,1.6059954109001269,0.7454870308887147,1.0,2.160106356621239,1.7803030197826035,3.1860142474751596
RW,MLPQR,2,5,0.0846623373214528,1.61307647597292,0.732356210927565,1.0,2.160106356621239,1.7803030197826035,3.1860142474751596
RW,MLPQR,2,6,0.10673863613225587,1.602403811998509,0.7185480056700728,1.0,2.160106356621239,1.7803030197826035,3.1860142474751596
RW,MLPQR,2,7,0.11448580884420594,1.7644706157207464,0.7177604416490163,1.0,2.160106356621239,1.7803030197826035,3.1860142474751596
RW,MLPQR,2,8,0.10275314296025453,1.8709260301614348,0.7072583218935993,1.0,2.160106356621239,1.7803030197826035,3.1860142474751596
RW,MLPQR,2,9,0.10444055353261343,1.9275367186280559,0.6905721101150604,1.0,2.160106356621239,1.7803030197826035,3.1860142474751596
RW,MLPQR,2,10,0.0752620796370948,2.0229721247577332,0.6748637683680827,1.0,2.160106356621239,1.7803030197826035,3.1860142474751596
RW,MLPQR,2,11,0.11784292616854636,2.118731740458198,0.6579010871917375,1.0,2.160106356621239,1.7803030197826035,3.1860142474751596
RW,MLPQR,2,12,0.12520023482075313,2.2161166655951274,0.6534935172984397,1.0,2.160106356621239,1.7803030197826035,3.1860142474751596
RW,MLPQR,2,13,0.08599706382710037,2.3671075153304857,0.6509623838382943,1.0,2.160106356621239,1.7803030197826035,3.1860142474751596
RW,MLPQR,2,14,0.08094047712276527,2.4226420655403484,0.6546897540957235,1.0,2.160106356621239,1.7803030197826035,3.1860142474751596
RW,MLPQR,2,15,0.07254536000637937,2.491714650857077,0.6558455455834408,1.0,2.160106356621239,1.7803030197826035,3.1860142474751596
RW,MLPQR,2,16,0.11970195857136354,2.5334614780655342,0.6584427971433502,1.0,2.160106356621239,1.7803030197826035,3.1860142474751596
RW,MLPQR,2,17,0.09830345254524735,2.623580413432495,0.6594904833606872,1.0,2.160106356621239,1.7803030197826035,3.1860142474751596
RW,MLPQR,2,18,0.1066504940629153,2.604080001864968,0.6516400662058519,1.0,2.160106356621239,1.7803030197826035,3.1860142474751596
RW,MLPQR,2,19,0.12106715590559039,2.5478162772971378,0.6643397168840111,1.0,2.160106356621239,1.7803030197826035,3.1860142474751596
RW,MLPQR,2,20,0.11672314295697196,2.599755853174897,0.6554421719092615,1.0,2.160106356621239,1.7803030197826035,3.1860142474751596
RW,MLPQR,2,21,0.12607386594432485,2.668162641157372,0.6503038824001363,1.0,2.160106356621239,1.7803030197826035,3.1860142474751596
RW,MLPQR,2,22,0.12779400485528328,2.643083190430979,0.6384073760065561,1.0,2.160106356621239,1.7803030197826035,3.1860142474751596
RW,MLPQR,2,23,0.12295192792236007,2.5945544444136144,0.634995846977643,1.0,2.160106356621239,1.7803030197826035,3.1860142474751596
RW,MLPQR,2,24,0.11889071608096474,2.612311452723889,0.6243691063834759,1.0,2.160106356621239,1.7803030197826035,3.1860142474751596
RW,MLPQR,2,25,0.13539954185782843,2.6065881550536116,0.6201935816449063,1.0,2.160106356621239,1.7803030197826035,3.1860142474751596
RW,MLPQR,2,26,0.15030949871816693,2.541742858165203,0.6165008936336863,1.0,2.160106356621239,1.7803030197826035,3.1860142474751596
RW,MLPQR,2,27,0.13845068050448883,2.5520563475680365,0.6197123212323444,1.0,2.160106356621239,1.7803030197826035,3.1860142474751596
RW,MLPQR,2,28,0.1183753577696064,2.4808446712985393,0.6283869403246322,1.0,2.160106356621239,1.7803030197826035,3.1860142474751596
RW,MLPQR,2,29,0.08463772431439066,2.4592800095457004,0.6319025700193521,1.0,2.160106356621239,1.7803030197826035,3.1860142474751596
RW,MLPQR,2,30,0.09419812954979785,2.418515109716105,0.6321643317320471,1.0,2.160106356621239,1.7803030197826035,3.1860142474751596
RW,MLPQR,2,31,0.08807383974757102,2.266738428544625,0.6365182922111222,1.0,2.160106356621239,1.7803030197826035,3.1860142474751596
RW,MLPQR,2,32,0.10292190064698571,2.0369101257734097,0.6299635540219098,1.0,2.160106356621239,1.7803030197826035,3.1860142474751596
AR1,MLPQR,2,1,0.03487390652402129,1.4335575625437753,0.5257789749692097,0.7,55.69028298480302,5.251130182910145,1.9140936244687374
AR1,MLPQR,2,2,0.0383284154408953,1.8759398574796797,0.4120634198623966,0.48999999999999994,55.69028298480302,5.251130182910145,1.9140936244687374
AR1,MLPQR,2,3,0.08825110740717283,1.9592543588734002,0.3204823168409318,0.3429999999999999,55.69028298480302,5.251130182910145,1.9140936244687374
AR1,MLPQR,2,4,0.13891887866333205,2.0122693999244916,0.2542631953360561,0.24009999999999992,55.69028298480302,5.251130182910145,1.9140936244687374
AR1,MLPQR,2,5,0.07313394507008253,2.198473886719185,0.2133916209633988,0.16806999999999994,55.69028298480302,5.251130182910145,1.9140936244687374
AR1,MLPQR,2,6,0.11291044922418658,2.4559690072187896,0.17935140756567972,0.11764899999999996,55.69028298480302,5.251130182910145,1.9140936244687374
AR1,MLPQR,2,7,-0.03417034310669765,2.3286242827717754,0.1461055712509272,0.08235429999999996,55.69028298480302,5.251130182910145,1.9140936244687374
AR1,MLPQR,2,8,0.02126958795463065,2.235930963801762,0.12359586449250978,0.05764800999999997,55.69028298480302,5.251130182910145,1.9140936244687374
AR1,MLPQR,2,9,0.07193378580033052,2.10542773315884,0.10662281009745238,0.04035360699999998,55.69028298480302,5.251130182910145,1.9140936244687374
AR1,MLPQR,2,10,0.060953203237078535,2.0613230835039733,0.08933136608196407,0.02824752489999998,55.69028298480302,5.251130182910145,1.9140936244687374
AR1,MLPQR,2,11,0.038379519681430725,2.2912304793021474,0.10015711921191661,0.019773267429999988,55.69028298480302,5.251130182910145,1.9140936244687374
AR1,MLPQR,2,12,0.05427940569113127,2.2550145735751315,0.08612751605970365,0.01384128720099999,55.69028298480302,5.251130182910145,1.9140936244687374
AR1,MLPQR,2,13,0.06487379383748165,2.4485057998118775,0.09210387357476035,0.009688901040699992,55.69028298480302,5.251130182910145,1.9140936244687374
AR1,MLPQR,2,14,-0.0453297712036041,2.370828610196905,0.08903838944889565,0.006782230728489994,55.69028298480302,5.251130182910145,1.9140936244687374
AR1,MLPQR,2,15,-0.0671969388438618,2.2673491452179126,0.08142255000921127,0.004747561509942996,55.69028298480302,5.251130182910145,1.9140936244687374
AR1,MLPQR,2,16,0.053979547204994274,2.1613806992783946,0.07611815231119641,0.0033232930569600965,55.69028298480302,5.251130182910145,1.9140936244687374
AR1,MLPQR,2,17,0.07258986307062458,2.334684658150641,0.06820341183758151,0.0023263051398720674,55.69028298480302,5.251130182910145,1.9140936244687374
AR1,MLPQR,2,18,0.12242572615880891,2.2398605046317113,0.05726717777741573,0.001628413597910447,55.69028298480302,5.251130182910145,1.9140936244687374
AR1,MLPQR,2,19,0.13922282996282084,2.416223697001455,0.05929554982096145,0.001139889518537313,55.69028298480302,5.251130182910145,1.9140936244687374
AR1,MLPQR,2,20,0.1207994510404825,2.3837284782742603,0.05427406979785671,0.0007979226629761189,55.69028298480302,5.251130182910145,1.9140936244687374
AR1,MLPQR,2,21,0.11051320086971633,2.1831469483057337,0.040132654905822907,0.0005585458640832833,55.69028298480302,5.251130182910145,1.9140936244687374
AR1,MLPQR,2,22,0.10402399850058879,2.2483268599206774,0.04464359860129175,0.00039098210485829826,55.69028298480302,5.251130182910145,1.9140936244687374
AR1,MLPQR,2,23,0.17949663821170941,2.2746994797773756,0.05302669444764033,0.0002736874734008088,55.69028298480302,5.251130182910145,1.9140936244687374
AR1,MLPQR,2,24,0.10873960998813478,2.2265129927798313,0.04525857506502307,0.00019158123138056612,55.69028298480302,5.251130182910145,1.9140936244687374
AR1,MLPQR,2,25,0.1328873409231834,2.283309470853378,0.030077246242342367,0.00013410686196639628,55.69028298480302,5.251130182910145,1.9140936244687374
AR1,MLPQR,2,26,0.1652681539843909,2.265216805646935,0.0347128107063417,9.387480337647739e-05,55.69028298480302,5.251130182910145,1.9140936244687374
AR1,MLPQR,2,27,0.14621442551506877,2.3031389585007167,0.03304858661132652,6.571236236353417e-05,55.69028298480302,5.251130182910145,1.9140936244687374
AR1,MLPQR,2,28,0.1673762066993118,2.5017133210401274,0.044581927894042965,4.5998653654473914e-05,55.69028298480302,5.251130182910145,1.9140936244687374
AR1,MLPQR,2,29,0.16801320551618915,2.4919929471678945,0.03782376617175118,3.219905755813174e-05,55.69028298480302,5.251130182910145,1.9140936244687374
AR1,MLPQR,2,30,0.12762942777318506,2.2521646512379294,0.04760921527254741,2.2539340290692216e-05,55.69028298480302,5.251130182910145,1.9140936244687374
AR1,MLPQR,2,31,0.0993798763079981,2.3136706568024565,0.060971461937351076,1.5777538203484548e-05,55.69028298480302,5.251130182910145,1.9140936244687374
AR1,MLPQR,2,32,0.1897036185709378,2.0111617730511893,0.054464238356618844,1.1044276742439184e-05,55.69028298480302,5.251130182910145,1.9140936244687374
SEAS,MLPQR,2,1,0.09138708311097218,1.4446816114457366,0.41802002472279864,0.7,61.44096283908315,5.565435944854771,3.7082078293645973
SEAS,MLPQR,2,2,-0.07955674359129525,1.6107499844464304,0.29434184247687284,0.48999999999999994,61.44096283908315,5.565435944854771,3.7082078293645973
SEAS,MLPQR,2,3,-0.0369620007085145,1.743792701397567,0.2068774474952907,0.3429999999999999,61.44096283908315,5.565435944854771,3.7082078293645973
SEAS,MLPQR,2,4,-0.036409222729494754,1.7827712212344553,0.11613166030423479,0.24009999999999992,61.44096283908315,5.565435944854771,3.7082078293645973
SEAS,MLPQR,2,5,-0.09456825078123052,1.688162079623232,0.05671349431485104,0.16806999999999994,61.44096283908315,5.565435944854771,3.7082078293645973
SEAS,MLPQR,2,6,-0.1947111558402843,1.766223104542374,0.032774009931018255,0.11764899999999996,61.44096283908315,5.565435944854771,3.7082078293645973
SEAS,MLPQR,2,7,-0.18986843439199688,2.0835464343983525,0.007133556877850869,0.08235429999999996,61.44096283908315,5.565435944854771,3.7082078293645973
SEAS,MLPQR,2,8,-0.18583250284787078,2.144103482897612,-0.010981442762916382,0.05764800999999997,61.44096283908315,5.565435944854771,3.7082078293645973
SEAS,MLPQR,2,9,-0.1842454788266893,2.0175307112250525,-0.017096089220095576,0.04035360699999998,61.44096283908315,5.565435944854771,3.7082078293645973
SEAS,MLPQR,2,10,-0.13700288156256074,2.2749563318230708,-0.037121849235874804,0.02824752489999998,61.44096283908315,5.565435944854771,3.7082078293645973
SEAS,MLPQR,2,11,-0.0782503881125369,2.0781596362328947,-0.03792654926086513,0.019773267429999988,61.44096283908315,5.565435944854771,3.7082078293645973
SEAS,MLPQR,2,12,-0.1262904923801945,1.981008892372018,-0.057366371729525245,0.01384128720099999,61.44096283908315,5.565435944854771,3.7082078293645973
SEAS,MLPQR,2,13,-0.10925165208963264,2.275239791821935,-0.05718899354807874,0.009688901040699992,61.44096283908315,5.565435944854771,3.7082078293645973
SEAS,MLPQR,2,14,-0.03112607556239901,2.215915572755334,-0.05679097597517816,0.006782230728489994,61.44096283908315,5.565435944854771,3.7082078293645973
SEAS,MLPQR,2,15,-0.045360456971158515,2.002759128180216,-0.0640359169055804,0.004747561509942996,61.44096283908315,5.565435944854771,3.7082078293645973
SEAS,MLPQR,2,16,-0.055624318487550894,2.162408250604953,-0.044842394299490856,0.0033232930569600965,61.44096283908315,5.565435944854771,3.7082078293645973
SEAS,MLPQR,2,17,-0.09128724427738764,2.2312275838650697,-0.024361936012987275,0.0023263051398720674,61.44096283908315,5.565435944854771,3.7082078293645973
SEAS,MLPQR,2,18,-0.010578587305843922,2.0750381381552114,0.0050292429096332174,0.001628413597910447,61.44096283908315,5.565435944854771,3.7082078293645973
SEAS,MLPQR,2,19,0.06088482397879669,2.037514854466122,0.045521698122532386,0.001139889518537313,61.44096283908315,5.565435944854771,3.7082078293645973
SEAS,MLPQR,2,20,-0.0454004526337242,2.5301044836631164,0.05952752335524676,0.0007979226629761189,61.44096283908315,5.565435944854771,3.7082078293645973
SEAS,MLPQR,2,21,0.07778668510753423,2.3870276204706586,0.03412298402228586,0.0005585458640832833,61.44096283908315,5.565435944854771,3.7082078293645973
SEAS,MLPQR,2,22,0.08285277833351377,2.226100782256321,0.02645952357273575,0.00039098210485829826,61.44096283908315,5.565435944854771,3.7082078293645973
SEAS,MLPQR,2,23,0.06537832558998019,2.159838798608685,0.04818589433628746,0.0002736874734008088,61.44096283908315,5.565435944854771,3.7082078293645973
SEAS,MLPQR,2,24,0.11066100054459528,2.0766189956488845,0.051251502749925466,0.00019158123138056612,61.44096283908315,5.565435944854771,3.7082078293645973
SEAS,MLPQR,2,25,0.2043172089314981,2.105224094400493,0.028431273018644187,0.00013410686196639628,61.44096283908315,5.565435944854771,3.7082078293645973
SEAS,MLPQR,2,26,-0.05185626348875647,2.057027068979894,0.03208357481754715,9.387480337647739e-05,61.44096283908315,5.565435944854771,3.7082078293645973
SEAS,MLPQR,2,27,-0.02099016446147322,2.197376017001781,0.010647203449208175,6.571236236353417e-05,61.44096283908315,5.565435944854771,3.7082078293645973
SEAS,MLPQR,2,28,0.08087696336647122,2.013589724719473,0.0008090123838333074,4.5998653654473914e-05,61.44096283908315,5.565435944854771,3.7082078293645973
SEAS,MLPQR,2,29,-0.01585385784788925,2.0816469921911325,0.023291861300540017,3.219905755813174e-05,61.44096283908315,5.565435944854771,3.7082078293645973
SEAS,MLPQR,2,30,0.084727204363704,1.92270730434169,0.025561747127016095,2.2539340290692216e-05,61.44096283908315,5.565435944854771,3.7082078293645973
SEAS,MLPQR,2,31,0.16497056521841255,2.08241846033988,0.012712169083337327,1.5777538203484548e-05,61.44096283908315,5.565435944854771,3.7082078293645973
SEAS,MLPQR,2,32,0.02813267458527041,2.0016621800054133,-0.03491570697971318,1.1044276742439184e-05,61.44096283908315,5.565435944854771,3.7082078293645973
