process,model,case,score,auroc,auroc_sd,auprc,auprc_sd,tpr5,tpr5_sd,n0_mean,case_mean
AR1,MLPQR,A0,S_band,0.06323148148148149,0.007693394098653827,0.39127975618952665,0.004301389817571689,0.006666666666666667,0.003333333333333333,0.37833333333333335,0.06760416666666667
AR1,MLPQR,A0,S_chi2,0.4838407407407408,0.0234685508853537,0.4488024978733727,0.01031641059982147,0.0033333333333333335,0.0,3.0726980178965704,2.4567687724242426
AR1,MLPQR,A0,S_gls_b,0.39340740740740743,0.010327419653902882,0.42726852423492895,0.007541283744580165,0.023333333333333334,0.006666666666666665,1.8978989764995993,1.2720666597931887
AR1,MLPQR,A0,S_gls_ema,0.39632222222222224,0.0031273583693542974,0.4221625491847137,0.002484022871339763,0.014444444444444446,0.005091750772173155,1.128980232059008,0.8165134491825943
AR1,MLPQR,A0,S_gls_emp,0.3858851851851852,0.014343512033269962,0.4152215535237886,0.0078196415654096,0.013333333333333334,0.006666666666666666,1.061167210569166,0.7575504351360611
AR1,MLPQR,A0,S_gls_hybrid,0.3890888888888889,0.012614605487486977,0.4143895876077475,0.00677456619204327,0.012222222222222223,0.0019245008972987529,1.115269691536892,0.7875984089279747
AR1,MLPQR,A0,S_gls_pert,0.3970185185185185,0.01047780919833469,0.42932331179638417,0.008683321887253256,0.023333333333333334,0.006666666666666665,1.8877130092641325,1.2748549473207336
AR1,MLPQR,A0,S_gls_pool,0.39091111111111115,0.0063122749318145766,0.41957835050464176,0.006630710151922156,0.015555555555555557,0.013471506281091268,1.0554139898506152,0.7683401651111382
AR1,MLPQR,A0,S_maha,0.019585185185185185,0.004066216328029961,0.309210604691538,0.0006956143446065253,0.0033333333333333335,0.0033333333333333335,60.94895348888672,8.403888974206732
AR1,MLPQR,A0,S_max,0.010333333333333335,0.002555875583826406,0.30810937687066425,0.00023316971646174153,0.0,0.0,2.442335483880177,1.1312941655679396
AR1,MLPQR,A0,S_max_raw,0.02307037037037037,0.005274962211945078,0.308851731243534,0.00038587018326435943,0.0,0.0,3.3630054696260667,1.290420411218351
AR1,MLPQR,A0,S_mean,0.39639259259259263,0.006663900660758723,0.4233413199408578,0.007693814274109163,0.017777777777777778,0.00693888666488711,2.850145438067225,2.1106837528703934
AR1,MLPQR,A1,S_band,0.39745370370370364,0.007570741139358605,0.547817515068601,0.005704386393409593,0.1511111111111111,0.015396007178390023,0.37833333333333335,0.3164236111111111
AR1,MLPQR,A1,S_chi2,0.48451111111111106,0.0070120795245960914,0.5043639457696839,0.004912053471443787,0.06444444444444444,0.00838870492807861,3.0726980178965704,3.0269094446023685
AR1,MLPQR,A1,S_gls_b,0.7092,0.01715410543669746,0.6849200769050606,0.021319515344242743,0.16333333333333333,0.04055175020198813,1.8978989764995993,3.641272637469092
AR1,MLPQR,A1,S_gls_ema,0.7860148148148148,0.024798888200221296,0.7778916512471205,0.025122670649334017,0.2888888888888889,0.06301087501670144,1.128980232059008,2.2260609825239164
AR1,MLPQR,A1,S_gls_emp,0.7898555555555555,0.016230256762229636,0.790314797875376,0.020565938502435155,0.31777777777777777,0.022194427061597976,1.061167210569166,2.0555312089638904
AR1,MLPQR,A1,S_gls_hybrid,0.7813703703703704,0.019517248886951888,0.7851757062919223,0.02010924507357698,0.31666666666666665,0.023333333333333338,1.115269691536892,2.191539371729513
AR1,MLPQR,A1,S_gls_pert,0.7104333333333335,0.019628560068695095,0.6857614353518976,0.022205214233711607,0.15777777777777777,0.03595264374969652,1.8877130092641325,3.635938614116686
AR1,MLPQR,A1,S_gls_pool,0.7968962962962963,0.021294293947734324,0.7964249609083559,0.023063466848236125,0.3311111111111111,0.020092379244472356,1.0554139898506152,2.0848963156026428
AR1,MLPQR,A1,S_maha,0.12789629629629629,0.01378691602563613,0.3670119218900805,0.016278662105571533,0.05777777777777778,0.01710533813148961,60.94895348888672,31.922827838204597
AR1,MLPQR,A1,S_max,0.09107407407407409,0.007644487510645264,0.3277234353011144,0.0020408471256374724,0.0,0.0,2.442335483880177,1.6764872983064834
AR1,MLPQR,A1,S_max_raw,0.11648518518518519,0.009091254333137655,0.3232984527869102,0.001822775493510854,0.0011111111111111111,0.0019245008972987529,3.3630054696260667,1.9164575768592176
AR1,MLPQR,A1,S_mean,0.7733444444444445,0.01789006552376065,0.7771369539777305,0.0192429732504046,0.31,0.029627314724385286,2.850145438067225,5.347954895693399
AR1,MLPQR,A1p,S_band,0.25055740740740734,0.006776430497545564,0.43728896341101203,0.010760108775807471,0.06333333333333334,0.018559214542766735,0.37833333333333335,0.20628472222222224
AR1,MLPQR,A1p,S_chi2,0.45038518518518517,0.012466658414204732,0.44535868309646504,0.00491189970698492,0.023333333333333334,0.003333333333333334,3.0726980178965704,2.444693075702336
AR1,MLPQR,A1p,S_gls_b,0.6281481481481481,0.015658348198732724,0.6121864774461998,0.018859682207412763,0.10555555555555556,0.01071516751221439,1.8978989764995993,2.8379067265009437
AR1,MLPQR,A1p,S_gls_ema,0.6811518518518519,0.022174989619141963,0.6711836070722547,0.021954123893369183,0.15222222222222223,0.0327165152540788,1.128980232059008,1.7434939656416937
AR1,MLPQR,A1p,S_gls_emp,0.6822111111111111,0.01448786635791948,0.675402919556495,0.017649923748055584,0.17,0.020275875100994063,1.061167210569166,1.6166913973891603
AR1,MLPQR,A1p,S_gls_hybrid,0.6768518518518519,0.019871563941923156,0.6769199744101441,0.019742167805415017,0.17444444444444443,0.015396007178390006,1.115269691536892,1.7150645374673783
AR1,MLPQR,A1p,S_gls_pert,0.6259592592592593,0.018103489648367804,0.6111936721845561,0.020109939505134223,0.10444444444444445,0.010183501544346305,1.8877130092641325,2.8202392260061075
AR1,MLPQR,A1p,S_gls_pool,0.6897444444444445,0.019010156479700942,0.683414567432639,0.020684996191611214,0.18333333333333335,0.025166114784235825,1.0554139898506152,1.6368423966957277
AR1,MLPQR,A1p,S_maha,0.08522222222222221,0.015883336248105142,0.3387107048555921,0.010447992547528467,0.03222222222222222,0.00838870492807861,60.94895348888672,22.14744401080036
AR1,MLPQR,A1p,S_max,0.054431481481481477,0.00896614746764309,0.31512685189587336,0.0020511019316033926,0.0,0.0,2.442335483880177,1.4916591815833382
AR1,MLPQR,A1p,S_max_raw,0.07301111111111112,0.007716608671088347,0.3148265165281484,0.0011346003240163224,0.0011111111111111111,0.0019245008972987529,3.3630054696260667,1.6816005260409461
AR1,MLPQR,A1p,S_mean,0.6571888888888889,0.015490467000747018,0.6573980500926282,0.016949047649885213,0.15444444444444447,0.016777409856157235,2.850145438067225,4.136028719128743
AR1,MLPQR,A2,S_band,0.5782018518518518,0.004379209908632788,0.5946676210513507,0.010064239940356469,0.11,0.021858128414340004,0.37833333333333335,0.4261458333333333
AR1,MLPQR,A2,S_chi2,0.6036666666666667,0.008420638959949982,0.6231513164284618,0.004369526033797702,0.14555555555555555,0.011706281947614156,3.0726980178965704,4.315566775363307
AR1,MLPQR,A2,S_gls_b,0.6051777777777777,0.011428770280456952,0.6066598708445831,0.01381752481181488,0.10777777777777779,0.03024590575292489,1.8978989764995993,2.870260919447825
AR1,MLPQR,A2,S_gls_ema,0.6420740740740741,0.009130063846634411,0.6655392679011752,0.0029761301400416736,0.1822222222222222,0.013877773329774227,1.128980232059008,1.717086948145029
AR1,MLPQR,A2,S_gls_emp,0.6448592592592592,0.0027403102765056328,0.6766849404127635,0.010678657117971462,0.21555555555555558,0.01261979632400062,1.061167210569166,1.5974977257166045
AR1,MLPQR,A2,S_gls_hybrid,0.6395074074074074,0.010729515845930099,0.6754242478556418,0.007011724405161031,0.20444444444444443,0.009622504486493762,1.115269691536892,1.6998449801572637
AR1,MLPQR,A2,S_gls_pert,0.6033592592592593,0.015429290460524287,0.6061728648353224,0.015018201797111322,0.10888888888888888,0.03150543750835073,1.8877130092641325,2.8565283596146536
AR1,MLPQR,A2,S_gls_pool,0.6488555555555555,0.010672608298875874,0.6777616829646972,0.008388821638913717,0.2111111111111111,0.008388704928078609,1.0554139898506152,1.6014779126267886
AR1,MLPQR,A2,S_maha,0.5418814814814815,0.013563487357623489,0.5464109041135892,0.014259451616859683,0.07333333333333333,0.006666666666666668,60.94895348888672,70.28902608704806
AR1,MLPQR,A2,S_max,0.42085555555555554,0.002028896190810707,0.4788654962816649,0.0021884397969891556,0.0,0.0,2.442335483880177,2.4763662790007235
AR1,MLPQR,A2,S_max_raw,0.559362962962963,0.005907991379472168,0.5672582564634616,0.003517779543414224,0.09666666666666668,0.015275252316519472,3.3630054696260667,3.6210975913233727
AR1,MLPQR,A2,S_mean,0.6325666666666666,0.007990094175807405,0.66160270706775,0.005989377455398323,0.19777777777777775,0.027755546659548443,2.850145438067225,4.1272175387844925
AR1,MLPQR,A3,S_band,0.5367351851851851,0.0024693824722466593,0.5243737680843018,0.00320394691809119,0.052222222222222225,0.001924500897298752,0.37833333333333335,0.3967013888888889
AR1,MLPQR,A3,S_chi2,0.5554481481481481,0.004980301732806367,0.5407780582943165,0.005840825866545399,0.06333333333333334,0.005773502691896259,3.0726980178965704,3.488738203598967
AR1,MLPQR,A3,S_gls_b,0.49552962962962965,0.0017944903101579665,0.5044533825375611,0.0029887156623810327,0.052222222222222225,0.010715167512214394,1.8978989764995993,1.9011347205417495
AR1,MLPQR,A3,S_gls_ema,0.49558148148148146,0.001386379214033053,0.5018658447419414,0.0018636211486890203,0.049999999999999996,0.006666666666666661,1.128980232059008,1.121694457014363
AR1,MLPQR,A3,S_gls_emp,0.4992666666666667,0.004621571134699346,0.5028598154468094,0.0021074875915109317,0.04888888888888889,0.001924500897298751,1.061167210569166,1.0593157969745641
AR1,MLPQR,A3,S_gls_hybrid,0.49630740740740736,0.003074247540844225,0.5040346308471376,0.003135997270331612,0.052222222222222225,0.0076980035891950046,1.115269691536892,1.1094402102815355
AR1,MLPQR,A3,S_gls_pert,0.49527407407407403,0.002695883540853327,0.5041126197993314,0.0030242875964591864,0.052222222222222225,0.010715167512214394,1.8877130092641325,1.8893264408165784
AR1,MLPQR,A3,S_gls_pool,0.49566296296296297,0.003739695031689227,0.5008376247647794,4.410555660897534e-05,0.04888888888888889,0.0038490017945975057,1.0554139898506152,1.0464696162672849
AR1,MLPQR,A3,S_maha,0.6463037037037037,0.005357331233215524,0.6107724574605703,0.00924427706781215,0.09222222222222222,0.015396007178390023,60.94895348888672,75.25009793136742
AR1,MLPQR,A3,S_max,0.5518925925925925,0.003973621872032234,0.528660560888281,0.0021105473444932962,0.0,0.0,2.442335483880177,2.5527570701908644
AR1,MLPQR,A3,S_max_raw,0.7304277777777778,0.016793657863742668,0.7272433936123038,0.018093543274346816,0.23444444444444446,0.04857220665420977,3.3630054696260667,4.4310292166680485
AR1,MLPQR,A3,S_mean,0.4960703703703704,0.0035978746012181404,0.5008979505734609,0.0022102112244050923,0.04888888888888889,0.005091750772173154,2.850145438067225,2.8213332477316566
AR1,MLPQR,A4,S_band,0.8059425925925926,0.012764324237930757,0.7753091944240417,0.016787322241515534,0.24111111111111114,0.05210388483419269,0.37833333333333335,0.5542013888888889
AR1,MLPQR,A4,S_chi2,0.8517481481481481,0.009739282386252946,0.8391102798637085,0.01925861387554465,0.37222222222222223,0.04741464065189304,3.0726980178965704,7.330523436705815
AR1,MLPQR,A4,S_gls_b,0.5517,0.017132839739251157,0.5502023685490074,0.021634850332159353,0.07333333333333333,0.02,1.8978989764995993,2.3232640232085413
AR1,MLPQR,A4,S_gls_ema,0.5516851851851853,0.02553971570298511,0.5716204980680714,0.031145512085624515,0.10444444444444445,0.026736020923368815,1.128980232059008,1.3459940158112709
AR1,MLPQR,A4,S_gls_emp,0.5452222222222223,0.014510307107214418,0.5802136537232312,0.025623249215431906,0.12111111111111111,0.03421067626297923,1.061167210569166,1.2621821602909027
AR1,MLPQR,A4,S_gls_hybrid,0.5505518518518518,0.018678291133580244,0.5778431258319335,0.030542899526523073,0.11555555555555556,0.03976784481816285,1.115269691536892,1.3327392566846796
AR1,MLPQR,A4,S_gls_pert,0.552862962962963,0.020161356305215223,0.5507030757307532,0.023485119478593837,0.07444444444444444,0.021688023662159033,1.8877130092641325,2.3149989439491985
AR1,MLPQR,A4,S_gls_pool,0.5540185185185186,0.022544333095758554,0.5844879677076293,0.032899357594159295,0.12111111111111111,0.03338884266959271,1.0554139898506152,1.2729453668767678
AR1,MLPQR,A4,S_maha,0.8367185185185185,0.003745686133281064,0.7902494810675399,0.00927058832104814,0.24333333333333332,0.03179797338056483,60.94895348888672,108.55829853617887
AR1,MLPQR,A4,S_max,0.7218314814814814,0.005487866339000338,0.6461010638731803,0.0050328285434186396,0.0,0.0,2.442335483880177,2.5726893272178497
AR1,MLPQR,A4,S_max_raw,0.8449888888888889,0.00987584658037037,0.8335404081629303,0.00716182063678265,0.39222222222222225,0.012619796324000598,3.3630054696260667,5.081206349087814
AR1,MLPQR,A4,S_mean,0.546562962962963,0.018245832716613185,0.5716114832347164,0.0330520761916561,0.10666666666666667,0.034801021696368506,2.850145438067225,3.3300909296690193
AR1,MLPQR_CAL,A0,S_band,0.03236666666666666,0.009801629683090679,0.46672086771182036,0.0038387578497442757,0.0044444444444444444,0.0038490017945975057,0.21878472222222223,0.011458333333333334
AR1,MLPQR_CAL,A0,S_chi2,0.9019444444444445,0.01756562299239939,0.8515940692756224,0.03787904146595332,0.5533333333333333,0.16384274303259339,1.248403567986936,2.9528669432278445
AR1,MLPQR_CAL,A0,S_gls_b,0.3897296296296296,0.008103240727515495,0.4260035588670008,0.006947605995941547,0.022222222222222223,0.011706281947614153,1.4626693661550927,0.9756763259090543
AR1,MLPQR_CAL,A0,S_gls_ema,0.39380740740740744,0.004275935149084589,0.42081703160306433,0.0024696406574831347,0.014444444444444446,0.00838870492807861,0.8756595925216515,0.6299307116462173
AR1,MLPQR_CAL,A0,S_gls_emp,0.3834148148148149,0.013793388706784874,0.4148414367799406,0.008240048876603614,0.012222222222222223,0.008388704928078609,0.8254017234344205,0.5864018793623232
AR1,MLPQR_CAL,A0,S_gls_hybrid,0.3862925925925926,0.011773743194353438,0.41285675456400694,0.00654619346588289,0.008888888888888889,0.005091750772173155,0.8655184153941846,0.6081209358727273
AR1,MLPQR_CAL,A0,S_gls_pert,0.394262962962963,0.011211944321715643,0.4284538774718132,0.008658383057038076,0.022222222222222223,0.011706281947614153,1.4552237735038018,0.9801405139816328
AR1,MLPQR_CAL,A0,S_gls_pool,0.3891703703703704,0.004987519402893427,0.4189179328105781,0.006170447728306338,0.013333333333333334,0.009999999999999998,0.8214092005166697,0.5948647632893316
AR1,MLPQR_CAL,A0,S_maha,0.01964444444444444,0.0036574294420339544,0.3089769913871753,0.000483515425711844,0.0044444444444444444,0.0019245008972987527,35.62116915382568,4.942494637001168
AR1,MLPQR_CAL,A0,S_max,0.009744444444444446,0.0037772712078665703,0.30812153114631635,0.0002493963139269783,0.0,0.0,1.9148659346015446,0.8744044737595398
AR1,MLPQR_CAL,A0,S_max_raw,0.02307037037037037,0.005274962211945078,0.308851731243534,0.00038587018326435943,0.0,0.0,3.3630054696260667,1.290420411218351
AR1,MLPQR_CAL,A0,S_mean,0.39310370370370373,0.008297748715456228,0.42264187218372684,0.007031421582994982,0.017777777777777778,0.009622504486493762,2.1726638093785313,1.6054960887161307
AR1,MLPQR_CAL,A1,S_band,0.2288962962962963,0.010826166195177171,0.4543094079942464,0.0038981204815624593,0.056666666666666664,0.005773502691896255,0.21878472222222223,0.10871527777777779
AR1,MLPQR_CAL,A1,S_chi2,0.7020074074074074,0.005279757913143409,0.7020107231830067,0.02104393703805413,0.2333333333333333,0.08999999999999998,1.248403567986936,2.0620369496647037
AR1,MLPQR_CAL,A1,S_gls_b,0.6918925925925926,0.02173510653222282,0.6717920442404085,0.025564845744326267,0.14333333333333334,0.035276684147527874,1.4626693661550927,2.664557695441536
AR1,MLPQR_CAL,A1,S_gls_ema,0.762225925925926,0.026114785399480245,0.7540215177711636,0.023644400343571913,0.25333333333333335,0.05456901847914968,0.8756595925216515,1.6277576478214815
AR1,MLPQR_CAL,A1,S_gls_emp,0.7664555555555556,0.021189841498134125,0.7653481385967355,0.028627749770014723,0.2922222222222222,0.023648662948658642,0.8254017234344205,1.511541672305123
AR1,MLPQR_CAL,A1,S_gls_hybrid,0.7587296296296296,0.023034307031285294,0.7638420432055493,0.025370846317012682,0.29555555555555557,0.013471506281091263,0.8655184153941846,1.6088952510418568
AR1,MLPQR_CAL,A1,S_gls_pert,0.6945333333333333,0.02383625467721463,0.673832628196415,0.025692347001418984,0.14333333333333334,0.03605551275463989,1.4552237735038018,2.6651827758117634
AR1,MLPQR_CAL,A1,S_gls_pool,0.7723740740740741,0.025828858234453054,0.7695680325046204,0.027963615560042725,0.2911111111111111,0.044011782934085246,0.8214092005166697,1.5263176695139364
AR1,MLPQR_CAL,A1,S_maha,0.11812222222222223,0.010698049897291466,0.36066167184959763,0.012505856619365777,0.05333333333333334,0.01201850425154663,35.62116915382568,17.525675904487205
AR1,MLPQR_CAL,A1,S_max,0.09106296296296296,0.005018374673351902,0.31956909171089215,0.0011465903842243293,0.0033333333333333335,0.005773502691896258,1.9148659346015446,1.2549878113123458
AR1,MLPQR_CAL,A1,S_max_raw,0.11648518518518519,0.009091254333137655,0.3232984527869102,0.001822775493510854,0.0011111111111111111,0.0019245008972987529,3.3630054696260667,1.9164575768592176
AR1,MLPQR_CAL,A1,S_mean,0.7471555555555556,0.0217754562254654,0.7506969547397047,0.024082801367787617,0.26666666666666666,0.031797973380564865,2.1726638093785313,3.833687335681622
AR1,MLPQR_CAL,A1p,S_band,0.1358722222222222,0.002265216039079618,0.424881846068715,0.0007576223564713415,0.02,0.005773502691896259,0.21878472222222223,0.059305555555555556
AR1,MLPQR_CAL,A1p,S_chi2,0.7663148148148148,0.01955659509021544,0.7471475940829029,0.035572467586546,0.3011111111111111,0.12738102655390215,1.248403567986936,2.304728172373816
AR1,MLPQR_CAL,A1p,S_gls_b,0.6063999999999999,0.02644232251057175,0.5951550173907326,0.026711344379202945,0.08666666666666667,0.020275875100994063,1.4626693661550927,2.0580357853536557
AR1,MLPQR_CAL,A1p,S_gls_ema,0.6509481481481482,0.02853068595656724,0.644478928452292,0.022744680932456497,0.13555555555555554,0.041410322563520494,0.8756595925216515,1.2629553132598044
AR1,MLPQR_CAL,A1p,S_gls_emp,0.6537222222222222,0.022090143603979723,0.6472386994146608,0.026311244534411294,0.15555555555555556,0.02795499027868695,0.8254017234344205,1.1789129858493894
AR1,MLPQR_CAL,A1p,S_gls_hybrid,0.6480370370370371,0.026446116504872712,0.6496606432199089,0.026366502882740672,0.16111111111111112,0.008388704928078613,0.8655184153941846,1.2475553433212292
AR1,MLPQR_CAL,A1p,S_gls_pert,0.6048407407407407,0.02851464932867756,0.5947421330461036,0.027878560965767858,0.08666666666666667,0.020816659994661327,1.4552237735038018,2.047277725420636
AR1,MLPQR_CAL,A1p,S_gls_pool,0.6583,0.02822593370171003,0.6527249534192282,0.026950011708231292,0.1611111111111111,0.03564225540521209,0.8214092005166697,1.1877534133808836
AR1,MLPQR_CAL,A1p,S_maha,0.07727777777777776,0.011854274636623448,0.3338636983054533,0.008552831704174521,0.02666666666666667,0.0033333333333333335,35.62116915382568,12.117648558012464
AR1,MLPQR_CAL,A1p,S_max,0.05331296296296297,0.009891769763469926,0.3124774881557463,0.0012748751174792643,0.0022222222222222222,0.0038490017945975057,1.9148659346015446,1.121944936480078
AR1,MLPQR_CAL,A1p,S_max_raw,0.07301111111111112,0.007716608671088347,0.3148265165281484,0.0011346003240163224,0.0011111111111111111,0.0019245008972987529,3.3630054696260667,1.6816005260409461
AR1,MLPQR_CAL,A1p,S_mean,0.6234814814814814,0.023155940318122695,0.6256371832951306,0.021964064947395404,0.13444444444444445,0.025458753860865786,2.1726638093785313,2.9297996205799475
AR1,MLPQR_CAL,A2,S_band,0.5816944444444445,0.0064595345358432876,0.5899486515379527,0.004539171722392826,0.09777777777777778,0.010183501544346312,0.21878472222222223,0.2649652777777778
AR1,MLPQR_CAL,A2,S_chi2,0.564562962962963,0.018634079801298244,0.5903603715516536,0.009075706376209611,0.12666666666666668,0.014529663145135584,1.248403567986936,1.5819247899958284
AR1,MLPQR_CAL,A2,S_gls_b,0.5906962962962963,0.02096864894749134,0.5958227141422138,0.017120894626875313,0.09000000000000001,0.032829526005987014,1.4626693661550927,2.112938831765302
AR1,MLPQR_CAL,A2,S_gls_ema,0.6209444444444445,0.02067878079840885,0.6447367585077551,0.006345992294757196,0.16666666666666666,0.016666666666666663,0.8756595925216515,1.261858417258539
AR1,MLPQR_CAL,A2,S_gls_emp,0.6259185185185184,0.009872629162708414,0.6566353021240199,0.01915000408186831,0.19666666666666666,0.008819171036881967,0.8254017234344205,1.1814950106591269
AR1,MLPQR_CAL,A2,S_gls_hybrid,0.6199037037037037,0.017774948848994235,0.6567641888628858,0.013063835722209137,0.1988888888888889,0.003849001794597512,0.8655184153941846,1.2529798601846378
AR1,MLPQR_CAL,A2,S_gls_pert,0.589137037037037,0.023307033679343312,0.595503883655824,0.01816838884436553,0.0911111111111111,0.03532914021241032,1.4552237735038018,2.103820108619463
AR1,MLPQR_CAL,A2,S_gls_pool,0.6258296296296296,0.022778312550181284,0.6548678312435863,0.01817676283049107,0.1988888888888889,0.015752718754175363,0.8214092005166697,1.1768392594244619
AR1,MLPQR_CAL,A2,S_maha,0.5345518518518518,0.015385789231887489,0.5401479653024903,0.015119000787046772,0.06666666666666667,0.01732050807568878,35.62116915382568,40.28306254773775
AR1,MLPQR_CAL,A2,S_max,0.5241425925925925,0.02456131049539148,0.5231948538042751,0.03551545474391626,0.04,0.06064468466220084,1.9148659346015446,1.9384591136801852
AR1,MLPQR_CAL,A2,S_max_raw,0.559362962962963,0.005907991379472168,0.5672582564634616,0.003517779543414224,0.09666666666666668,0.015275252316519472,3.3630054696260667,3.6210975913233727
AR1,MLPQR_CAL,A2,S_mean,0.6099074074074075,0.016951537070528315,0.6389106918918145,0.013659606115700397,0.17888888888888888,0.010183501544346312,2.1726638093785313,2.96872488300008
AR1,MLPQR_CAL,A3,S_band,0.5519574074074074,0.0028201563596729653,0.5331673939947087,0.003944435701936103,0.05111111111111111,0.005091750772173153,0.21878472222222223,0.2401388888888889
AR1,MLPQR_CAL,A3,S_chi2,0.47348888888888885,0.004705712971261758,0.49332244139140013,0.0011570617518515934,0.05777777777777778,0.005091750772173154,1.248403567986936,1.1945792382250626
AR1,MLPQR_CAL,A3,S_gls_b,0.49437037037037035,0.00339605950545764,0.5029469702303476,0.002798766748542772,0.05000000000000001,0.013333333333333336,1.4626693661550927,1.4524029494978645
AR1,MLPQR_CAL,A3,S_gls_ema,0.4923814814814815,0.0032495029692746987,0.49750940187253007,0.004257972978405593,0.04777777777777778,0.006938886664887109,0.8756595925216515,0.8601771201108194
AR1,MLPQR_CAL,A3,S_gls_emp,0.4941333333333333,0.002060482084307708,0.4985538942684324,0.0034605132603081085,0.04888888888888889,0.006938886664887107,0.8254017234344205,0.8128702623036769
AR1,MLPQR_CAL,A3,S_gls_hybrid,0.4939518518518519,0.002638241636022199,0.4999421592084341,0.0034171158341441735,0.05777777777777778,0.010715167512214397,0.8655184153941846,0.8536659947765166
AR1,MLPQR_CAL,A3,S_gls_pert,0.49519629629629636,0.0016788106950440171,0.5026950454096001,0.003031123935885947,0.05000000000000001,0.013333333333333336,1.4552237735038018,1.4453747132100032
AR1,MLPQR_CAL,A3,S_gls_pool,0.49214074074074077,0.0044074233582033235,0.49631590764953487,0.003045867328703674,0.049999999999999996,0.008819171036881967,0.8214092005166697,0.8058386645408193
AR1,MLPQR_CAL,A3,S_maha,0.6456407407407406,0.007234532955083535,0.6096233625309786,0.010584837053318199,0.09444444444444444,0.019531550923607716,35.62116915382568,43.77809292995673
AR1,MLPQR_CAL,A3,S_max,0.5843018518518518,0.017984246650110672,0.5541911776447767,0.024174306533260734,0.06,0.043333333333333335,1.9148659346015446,2.001399794742128
AR1,MLPQR_CAL,A3,S_max_raw,0.7304277777777778,0.016793657863742668,0.7272433936123038,0.018093543274346816,0.23444444444444446,0.04857220665420977,3.3630054696260667,4.4310292166680485
AR1,MLPQR_CAL,A3,S_mean,0.4906814814814815,0.005527122611462463,0.4951014021983738,0.0033179739256897485,0.04666666666666667,0.005773502691896261,2.1726638093785313,2.1193445109604188
AR1,MLPQR_CAL,A4,S_band,0.8414777777777779,0.006778171664328896,0.8147356227474273,0.013596627164209537,0.31666666666666665,0.02403700850309327,0.21878472222222223,0.41343749999999996
AR1,MLPQR_CAL,A4,S_chi2,0.7600370370370371,0.011749401525779517,0.7952040735517644,0.013699684159752428,0.40888888888888886,0.07073686241065338,1.248403567986936,2.727078418580533
AR1,MLPQR_CAL,A4,S_gls_b,0.5559925925925925,0.02287134530835449,0.5551582804796612,0.024050330130495616,0.07555555555555556,0.025891511550513426,1.4626693661550927,1.8202310489271936
AR1,MLPQR_CAL,A4,S_gls_ema,0.5557962962962962,0.029157643754261223,0.5771099215606884,0.031207459287062433,0.10777777777777779,0.03532914021241032,0.8756595925216515,1.0582257328425475
AR1,MLPQR_CAL,A4,S_gls_emp,0.5470925925925926,0.013461221549202287,0.5835833042405114,0.025852824264794228,0.1311111111111111,0.03863408589047491,0.8254017234344205,0.9907383475794523
AR1,MLPQR_CAL,A4,S_gls_hybrid,0.5557851851851852,0.019498756950989068,0.5846217704923266,0.031202001293978928,0.1288888888888889,0.025018511664883777,0.8655184153941846,1.048583586919092
AR1,MLPQR_CAL,A4,S_gls_pert,0.5565074074074073,0.02514253769304304,0.5555234165155526,0.02601963228995825,0.07111111111111111,0.02457038265277331,1.4552237735038018,1.8112971952911174
AR1,MLPQR_CAL,A4,S_gls_pool,0.5568555555555555,0.02433851035745112,0.588933781893742,0.032657521093140865,0.13,0.042557151116012354,0.8214092005166697,1.0000624207629933
AR1,MLPQR_CAL,A4,S_maha,0.8392370370370371,0.0064906802448705244,0.7928468515290451,0.013175553116145475,0.2388888888888889,0.042207599807161295,35.62116915382568,63.51986064847562
AR1,MLPQR_CAL,A4,S_max,0.7833518518518519,0.022646888384454576,0.7351876521016965,0.03220780385957772,0.14888888888888888,0.09142898478742538,1.9148659346015446,2.102483720869085
AR1,MLPQR_CAL,A4,S_max_raw,0.8449888888888889,0.00987584658037037,0.8335404081629303,0.00716182063678265,0.39222222222222225,0.012619796324000598,3.3630054696260667,5.081206349087814
AR1,MLPQR_CAL,A4,S_mean,0.546637037037037,0.025008011884918285,0.5749293359122013,0.0346471548286479,0.11,0.05,2.1726638093785313,2.5477147344516546
AR1,ORACLE,A0,S_band,0.0005555555555555499,0.0009622504486493665,0.5,0.0,0.0,0.0,0.20322916666666666,0.0
AR1,ORACLE,A0,S_chi2,0.9888888888888889,0.0050917507721732185,0.9890276835739159,0.004972781326817275,1.0,0.0,1.1181636994782072,4.0
AR1,ORACLE,A0,S_gls_b,0.0,0.0,0.5,0.0,0.0,0.0,0.7861691022050606,0.0
AR1,ORACLE,A0,S_gls_ema,0.0,0.0,0.5,0.0,0.0,0.0,0.7880555659245982,0.0
AR1,ORACLE,A0,S_gls_emp,0.0,0.0,0.5,0.0,0.0,0.0,0.8423682137589336,0.0
AR1,ORACLE,A0,S_gls_hybrid,0.0,0.0,0.5,0.0,0.0,0.0,0.8047225149862021,0.0
AR1,ORACLE,A0,S_gls_pert,0.0,0.0,0.5,0.0,0.0,0.0,0.7880555659245981,0.0
AR1,ORACLE,A0,S_gls_pool,0.0,0.0,0.5,0.0,0.0,0.0,0.7880555659245981,0.0
AR1,ORACLE,A0,S_maha,0.0,0.0,0.5,0.0,0.0,0.0,28.644950686552743,0.0
AR1,ORACLE,A0,S_max,0.0,0.0,0.5,0.0,0.0,0.0,2.1170445843073504,0.0
AR1,ORACLE,A0,S_max_raw,0.0,0.0,0.5,0.0,0.0,0.0,2.20507416427311,0.0
AR1,ORACLE,A0,S_mean,0.0,0.0,0.5,0.0,0.0,0.0,1.7619913984037125,0.0
AR1,ORACLE,A1,S_band,0.0005555555555555499,0.0009622504486493665,0.5,0.0,0.0,0.0,0.20322916666666666,0.0
AR1,ORACLE,A1,S_chi2,0.88,0.01452966314513559,0.8897471145618502,0.011021133661129466,0.0,0.0,1.1181636994782072,2.047245382619833
AR1,ORACLE,A1,S_gls_b,0.9366666666666666,0.017638342073763937,0.8524121466380813,0.029638432999663896,0.3333333333333333,0.5773502691896258,0.7861691022050606,1.8150549926876531
AR1,ORACLE,A1,S_gls_ema,0.9500000000000001,0.015275252316519477,0.9077125255783907,0.02214683847724237,0.6666666666666666,0.5773502691896258,0.7880555659245982,1.8336582560020147
AR1,ORACLE,A1,S_gls_emp,0.9377777777777778,0.01575271875417534,0.9201076112803962,0.029420949132474082,0.3333333333333333,0.5773502691896258,0.8423682137589336,1.9090459182601087
AR1,ORACLE,A1,S_gls_hybrid,0.9455555555555556,0.013471506281091315,0.8863540015896159,0.026197238278142965,0.6666666666666666,0.5773502691896258,0.8047225149862021,1.8589651445631736
AR1,ORACLE,A1,S_gls_pert,0.9500000000000001,0.015275252316519477,0.8865503572355437,0.027441963943482903,0.6666666666666666,0.5773502691896258,0.7880555659245981,1.833658256002014
AR1,ORACLE,A1,S_gls_pool,0.9500000000000001,0.015275252316519477,0.9241771640452562,0.018414623578127336,0.6666666666666666,0.5773502691896258,0.7880555659245981,1.833658256002014
AR1,ORACLE,A1,S_maha,0.0,0.0,0.3476578033500823,0.003340287869961956,0.0,0.0,28.644950686552743,3.3623025998043476
AR1,ORACLE,A1,S_max,0.0,0.0,0.4988962716869694,0.0009558567579606665,0.0,0.0,2.1170445843073504,0.6987049837700042
AR1,ORACLE,A1,S_max_raw,0.0,0.0,0.43031266909924265,0.0021437789436918337,0.0,0.0,2.20507416427311,0.70001063746742
AR1,ORACLE,A1,S_mean,0.9244444444444445,0.03532914021241027,0.930416495246943,0.030346345362241456,0.3333333333333333,0.5773502691896258,1.7619913984037125,3.952472256580853
AR1,ORACLE,A1p,S_band,0.0005555555555555499,0.0009622504486493665,0.5,0.0,0.0,0.0,0.20322916666666666,0.0
AR1,ORACLE,A1p,S_chi2,0.9644444444444445,0.00384900179459753,0.9656741108354012,0.0035815773522929815,1.0,0.0,1.1181636994782072,2.9554910915268695
AR1,ORACLE,A1p,S_gls_b,0.84,0.015275252316519494,0.728435074054849,0.016700757131571892,0.0,0.0,0.7861691022050606,1.384322903421145
AR1,ORACLE,A1p,S_gls_ema,0.8344444444444444,0.010715167512214413,0.7760621194156263,0.010072927501446349,0.0,0.0,0.7880555659245982,1.3703250861972807
AR1,ORACLE,A1p,S_gls_emp,0.8211111111111111,0.01575271875417536,0.7472879025955871,0.01630116478068489,0.0,0.0,0.8423682137589336,1.4234776559051678
AR1,ORACLE,A1p,S_gls_hybrid,0.8233333333333333,0.008819171036881937,0.7447999599057109,0.019990747757289543,0.0,0.0,0.8047225149862021,1.3876566710371312
AR1,ORACLE,A1p,S_gls_pert,0.8344444444444444,0.010715167512214413,0.7424607057430318,0.014260595889061091,0.0,0.0,0.7880555659245981,1.3703250861972804
AR1,ORACLE,A1p,S_gls_pool,0.8344444444444444,0.010715167512214413,0.7587491196420474,0.018263594843173647,0.0,0.0,0.7880555659245981,1.3703250861972804
AR1,ORACLE,A1p,S_maha,0.0,0.0,0.3381464576840599,0.0016103118291108435,0.0,0.0,28.644950686552743,1.9163515018166468
AR1,ORACLE,A1p,S_max,0.0,0.0,0.4994463024897808,0.0009590322197241325,0.0,0.0,2.1170445843073504,0.6987049837700042
AR1,ORACLE,A1p,S_max_raw,0.0,0.0,0.4326000297956822,0.002577652957107536,0.0,0.0,2.20507416427311,0.70001063746742
AR1,ORACLE,A1p,S_mean,0.8133333333333334,0.00666666666666671,0.8427143610492566,0.0047344250556989815,0.0,0.0,1.7619913984037125,2.8832464076937154
AR1,ORACLE,A2,S_band,0.6222314814814814,0.009565371788308036,0.6315884808262323,0.0009425410435740883,0.15333333333333332,0.017638342073763937,0.20322916666666666,0.25635416666666666
AR1,ORACLE,A2,S_chi2,0.5731703703703703,0.019188684079629287,0.6191543029741321,0.022648278684260562,0.18555555555555556,0.030971910810591897,1.1181636994782072,1.561845215942414
AR1,ORACLE,A2,S_gls_b,0.7161777777777778,0.011145319562405942,0.7497314792969719,0.012528586328117992,0.3,0.03527668414752787,0.7861691022050606,1.4107906174642786
AR1,ORACLE,A2,S_gls_ema,0.7137111111111111,0.01424989062119592,0.746086227544624,0.012814733868572839,0.29555555555555557,0.029876288132775014,0.7880555659245982,1.405892874483487
AR1,ORACLE,A2,S_gls_emp,0.7064666666666666,0.013598325060258135,0.7412897284913077,0.01317116208375974,0.28,0.04163331998932267,0.8423682137589336,1.4748730382490105
AR1,ORACLE,A2,S_gls_hybrid,0.7123037037037037,0.013746996679110486,0.7454666581812698,0.013391000521446187,0.28777777777777774,0.041943524640393054,0.8047225149862021,1.4293167755150868
AR1,ORACLE,A2,S_gls_pert,0.7137111111111111,0.01424989062119592,0.746086227544624,0.012814733868572839,0.29555555555555557,0.029876288132775014,0.7880555659245981,1.4058928744834869
AR1,ORACLE,A2,S_gls_pool,0.7137111111111111,0.01424989062119592,0.746086227544624,0.012814733868572839,0.29555555555555557,0.029876288132775014,0.7880555659245981,1.4058928744834869
AR1,ORACLE,A2,S_maha,0.5657629629629629,0.003511574043555781,0.5570815350189268,0.008185020899381324,0.061111111111111116,0.011706281947614153,28.644950686552743,30.099104358222856
AR1,ORACLE,A2,S_max,0.5662962962962963,0.010471546299043137,0.5641431575914246,0.006258053903696707,0.0,0.0,2.1170445843073504,2.267583727119259
AR1,ORACLE,A2,S_max_raw,0.6205888888888889,0.00687061195542111,0.6189891950860272,0.00569323573439996,0.1322222222222222,0.01895413567692441,2.20507416427311,2.410898806924631
AR1,ORACLE,A2,S_mean,0.6964814814814814,0.0036598646222911375,0.7257850034448312,0.0048540340761045716,0.2644444444444444,0.02714842605082358,1.7619913984037125,3.0150000327969253
AR1,ORACLE,A3,S_band,0.568724074074074,0.002727162938930002,0.547182373649492,0.003372095544160241,0.056666666666666664,0.021858128414339997,0.20322916666666666,0.22586805555555556
AR1,ORACLE,A3,S_chi2,0.4497111111111111,0.011727567238491263,0.48959126734419445,0.0063352302952445014,0.07444444444444444,0.00693888666488711,1.1181636994782072,1.0441133093593329
AR1,ORACLE,A3,S_gls_b,0.5069703703703704,0.009973165126164554,0.5118096016174828,0.00427996897135349,0.058888888888888886,0.0050917507721731535,0.7861691022050606,0.802084527127343
AR1,ORACLE,A3,S_gls_ema,0.5053259259259258,0.007897550669945822,0.5079648438510972,0.003197115002415581,0.05444444444444444,0.005091750772173156,0.7880555659245982,0.7971899643655096
AR1,ORACLE,A3,S_gls_emp,0.5088666666666667,0.01127173209601984,0.5121098856202975,0.009776159007258041,0.058888888888888886,0.006938886664887109,0.8423682137589336,0.8610618382204187
AR1,ORACLE,A3,S_gls_hybrid,0.5072222222222222,0.009202990321857238,0.5097480073272654,0.0062507531068238835,0.05555555555555555,0.007698003589195007,0.8047225149862021,0.817093603702726
AR1,ORACLE,A3,S_gls_pert,0.5053259259259258,0.007897550669945822,0.5079648438510972,0.003197115002415581,0.05444444444444444,0.005091750772173156,0.7880555659245981,0.7971899643655096
AR1,ORACLE,A3,S_gls_pool,0.5053259259259258,0.007897550669945822,0.5079648438510972,0.003197115002415581,0.05444444444444444,0.005091750772173156,0.7880555659245981,0.7971899643655096
AR1,ORACLE,A3,S_maha,0.8818444444444445,0.0030022265400084513,0.8821033677328395,0.006677910673557003,0.5022222222222222,0.04220759980716129,28.644950686552743,41.73773582458302
AR1,ORACLE,A3,S_max,0.7057777777777777,0.010317626952256338,0.6467394325909789,0.008619149984608306,0.0,0.0,2.1170445843073504,2.467707251077798
AR1,ORACLE,A3,S_max_raw,0.8307148148148148,0.014706202325252974,0.8504923317127476,0.014881702560311261,0.4877777777777778,0.04822785425380158,2.20507416427311,3.0916986452223916
AR1,ORACLE,A3,S_mean,0.4960925925925926,0.004729316022550506,0.50387758538667,0.0023069089396139902,0.05111111111111111,0.006938886664887109,1.7619913984037125,1.7520564387443447
AR1,ORACLE,A4,S_band,0.9139407407407408,0.01060215056994657,0.9054888394863267,0.012564534184673003,0.5944444444444444,0.10205300002848913,0.20322916666666666,0.42319444444444443
AR1,ORACLE,A4,S_chi2,0.8985555555555554,0.006755226600178041,0.9221740810946821,0.0068495461564147785,0.7366666666666667,0.02603416558635557,1.1181636994782072,4.239771499383835
AR1,ORACLE,A4,S_gls_b,0.631437037037037,0.022287416405701973,0.6687356458320876,0.0328262897935991,0.2011111111111111,0.03595264374969652,0.7861691022050606,1.1778874561055035
AR1,ORACLE,A4,S_gls_ema,0.628125925925926,0.02792392074537956,0.6662000080506513,0.035414003486682645,0.20222222222222222,0.04550132273209616,0.7880555659245982,1.1757801644424688
AR1,ORACLE,A4,S_gls_emp,0.6251814814814814,0.01863898851880417,0.6664244593491185,0.029049313628043166,0.20666666666666667,0.0608276253029822,0.8423682137589336,1.2462093312770592
AR1,ORACLE,A4,S_gls_hybrid,0.6275296296296297,0.024723741110228337,0.6659697649843227,0.03343026067184039,0.19333333333333333,0.05773502691896256,0.8047225149862021,1.1963857566354013
AR1,ORACLE,A4,S_gls_pert,0.628125925925926,0.02792392074537956,0.6662000080506513,0.035414003486682645,0.20222222222222222,0.04550132273209616,0.7880555659245981,1.1757801644424684
AR1,ORACLE,A4,S_gls_pool,0.628125925925926,0.02792392074537956,0.6662000080506513,0.035414003486682645,0.20222222222222222,0.04550132273209616,0.7880555659245981,1.1757801644424684
AR1,ORACLE,A4,S_maha,0.9922296296296297,0.0018952290109945616,0.9931447341765024,0.001827763607639517,0.9655555555555555,0.010183501544346319,28.644950686552743,62.2173804406155
AR1,ORACLE,A4,S_max,0.8488518518518519,0.0107757047452685,0.7750167111690528,0.010963525083869906,0.0,0.0,2.1170445843073504,2.5568312607953767
AR1,ORACLE,A4,S_max_raw,0.9389222222222222,0.009164349875576298,0.9422552293150632,0.007223944517107018,0.7399999999999999,0.02905932629027114,2.20507416427311,3.511251334054025
AR1,ORACLE,A4,S_mean,0.6247962962962963,0.028437004958835034,0.6616015982382174,0.03542260592016404,0.20222222222222222,0.06517781944916651,1.7619913984037125,2.611297011136665
RW,MLPQR,A0,S_band,0.17317407407407406,0.018351749448456696,0.433148010369469,0.003970855577829119,0.007777777777777778,0.0038490017945975053,0.34194444444444444,0.07677083333333333
RW,MLPQR,A0,S_chi2,0.5871703703703703,0.039721016816727225,0.5091399629307428,0.02735806628326072,0.0033333333333333335,0.0033333333333333335,3.7771758768681067,2.965204275174237
RW,MLPQR,A0,S_gls_b,0.39561111111111114,0.025160227285083017,0.4173327890255932,0.011020149545838583,0.011111111111111112,0.005091750772173155,0.9166500841851791,0.6637376115470004
RW,MLPQR,A0,S_gls_ema,0.35552222222222224,0.0035824848263270904,0.3976515062738803,0.001021228048768944,0.005555555555555556,0.005091750772173155,1.0117017586870396,0.6451925188891442
RW,MLPQR,A0,S_gls_emp,0.35207407407407404,0.007593177032610285,0.3960799059719063,0.002597364819394551,0.006666666666666667,0.005773502691896258,0.9585688329368244,0.6059185037451236
RW,MLPQR,A0,S_gls_hybrid,0.35343703703703705,0.008270648184947596,0.3972618953019115,0.002014761268603524,0.0044444444444444444,0.005091750772173156,0.984748529254288,0.6264071690127592
RW,MLPQR,A0,S_gls_pert,0.35604444444444444,0.007568216516099982,0.3991445445082234,0.0017738104457007474,0.0044444444444444444,0.005091750772173156,1.0219543616539066,0.6558488422062357
RW,MLPQR,A0,S_gls_pool,0.35607407407407415,0.003106272692657952,0.3979100853315199,0.0012103066514994026,0.005555555555555556,0.005091750772173155,1.0110487733458118,0.6452795220022073
RW,MLPQR,A0,S_maha,0.025174074074074074,0.0034955056387855985,0.30940009933578133,0.00018045894159289395,0.0,0.0,19.49058999700655,4.0365340008989605
RW,MLPQR,A0,S_max,0.11514259259259259,0.009768281899890078,0.32282821756351554,0.0021171522249521907,0.0,0.0,1.8081409842511178,0.9878404576673147
RW,MLPQR,A0,S_max_raw,0.12279999999999998,0.013108808649054678,0.3245029525947712,0.0029258871133534385,0.0011111111111111111,0.0019245008972987529,2.4260516380803647,1.1118352229796298
RW,MLPQR,A0,S_mean,0.311974074074074,0.004896462988141392,0.3802597047993652,0.0019955863198969125,0.0033333333333333335,0.0033333333333333335,4.842533901303891,2.756657595655757
RW,MLPQR,A1,S_band,0.3773907407407407,0.019530081524718218,0.5060636235305429,0.016135068575186495,0.08222222222222221,0.026943012562182532,0.34194444444444444,0.2719097222222222
RW,MLPQR,A1,S_chi2,0.5517703703703704,0.02140176043680142,0.5241063508583285,0.009454834975265858,0.051111111111111114,0.0038490017945975057,3.7771758768681067,3.8012174315429754
RW,MLPQR,A1,S_gls_b,0.4979222222222222,0.013536794850141429,0.497484123366587,0.010696875018040052,0.042222222222222223,0.010715167512214399,0.9166500841851791,0.9027917506206692
RW,MLPQR,A1,S_gls_ema,0.5582296296296296,0.017953414797209372,0.5397856845010314,0.002077561330918206,0.05111111111111111,0.019531550923607716,1.0117017586870396,1.14124420471711
RW,MLPQR,A1,S_gls_emp,0.5575111111111112,0.020791792659011116,0.540843412334088,0.0067323843742488655,0.051111111111111114,0.017105338131489616,0.9585688329368244,1.0817824060544707
RW,MLPQR,A1,S_gls_hybrid,0.5591222222222222,0.020853963119219755,0.5425872705889067,0.008239583104286559,0.05111111111111111,0.019531550923607716,0.984748529254288,1.1147452685781456
RW,MLPQR,A1,S_gls_pert,0.5581592592592592,0.018793800965544692,0.5427677691576767,0.006854131055108945,0.05333333333333334,0.014529663145135582,1.0219543616539066,1.1557576828553746
RW,MLPQR,A1,S_gls_pool,0.558274074074074,0.0178982457700773,0.5398196215215868,0.0019189820250350847,0.05000000000000001,0.018559214542766742,1.0110487733458118,1.1404470699048948
RW,MLPQR,A1,S_maha,0.05083333333333334,0.0038996201144518025,0.31226276861152735,0.0004349132273107438,0.0,0.0,19.49058999700655,5.156484736333343
RW,MLPQR,A1,S_max,0.2759666666666667,0.007300439695873559,0.38032810706995673,0.0023007943265948914,0.0,0.0,1.8081409842511178,1.352310519677171
RW,MLPQR,A1,S_max_raw,0.2554148148148148,0.010613247797285433,0.3668922526319902,0.003253044395962309,0.011111111111111113,0.0038490017945975053,2.4260516380803647,1.5712989652120448
RW,MLPQR,A1,S_mean,0.5373962962962963,0.016245312080998962,0.5251622053518905,0.008509478235423832,0.05444444444444444,0.005091750772173155,4.842533901303891,5.183671198693144
RW,MLPQR,A1p,S_band,0.20197777777777778,0.012218125576069048,0.42619489010340583,0.005146529434109216,0.016666666666666666,0.005773502691896258,0.34194444444444444,0.10027777777777779
RW,MLPQR,A1p,S_chi2,0.5779333333333333,0.05695615272587612,0.5060025146895143,0.033477562756282914,0.007777777777777778,0.00693888666488711,3.7771758768681067,3.0407516623519264
RW,MLPQR,A1p,S_gls_b,0.4591407407407407,0.0221490387533065,0.46225576209606706,0.013971416710083374,0.02777777777777778,0.013471506281091266,0.9166500841851791,0.8080738966224567
RW,MLPQR,A1p,S_gls_ema,0.40536666666666665,0.007934741549463992,0.4269380730176751,0.006946100994715451,0.013333333333333334,0.003333333333333333,1.0117017586870396,0.7643636892675733
RW,MLPQR,A1p,S_gls_emp,0.39998518518518517,0.011245368502508143,0.42488831257499377,0.008117555978956683,0.013333333333333334,0.003333333333333333,0.9585688329368244,0.7150083923530959
RW,MLPQR,A1p,S_gls_hybrid,0.40247777777777777,0.010574410061471397,0.4263411576336725,0.007776510967354979,0.014444444444444446,0.005091750772173155,0.984748529254288,0.7402826447198761
RW,MLPQR,A1p,S_gls_pert,0.4058888888888889,0.009708765290024825,0.4286597090418769,0.007487984764584085,0.016666666666666666,0.0033333333333333335,1.0219543616539066,0.7756797011642727
RW,MLPQR,A1p,S_gls_pool,0.4057,0.00773602284011082,0.42702741604090444,0.006904240646308226,0.013333333333333334,0.003333333333333333,1.0110487733458118,0.7642901804305335
RW,MLPQR,A1p,S_maha,0.03285555555555556,0.003311614428561512,0.3101392005819381,0.00018311756310121608,0.0,0.0,19.49058999700655,4.3858364250415205
RW,MLPQR,A1p,S_max,0.15450370370370373,0.009427791418397346,0.33272950367037163,0.002097562178084199,0.0,0.0,1.8081409842511178,1.0738072354721138
RW,MLPQR,A1p,S_max_raw,0.15762592592592592,0.013614436479650414,0.33296858552976116,0.0036665747371359887,0.0022222222222222222,0.0038490017945975057,2.4260516380803647,1.2279550208103445
RW,MLPQR,A1p,S_mean,0.33630740740740744,0.01446046262827948,0.39326250500188903,0.005819303584857385,0.007777777777777778,0.00693888666488711,4.842533901303891,3.030282268610551
RW,MLPQR,A2,S_band,0.5078944444444445,0.005654597714129831,0.515177132771215,0.0038593145090186436,0.058888888888888886,0.01261979632400061,0.34194444444444444,0.3499305555555556
RW,MLPQR,A2,S_chi2,0.5058074074074074,0.012291145730748042,0.5220148082932486,0.0019301650910038119,0.06888888888888889,0.0050917507721731465,3.7771758768681067,4.046554911711248
RW,MLPQR,A2,S_gls_b,0.5327592592592593,0.01981029266500756,0.5411827591171733,0.00672671470827777,0.08777777777777777,0.0050917507721731595,0.9166500841851791,1.0096552149839955
RW,MLPQR,A2,S_gls_ema,0.5213444444444445,0.007371022677257354,0.5336462786844938,0.0046740310530583706,0.07888888888888888,0.007698003589195009,1.0117017586870396,1.0863244241901686
RW,MLPQR,A2,S_gls_emp,0.523437037037037,0.013963379500614763,0.535165037462135,0.005918064061743731,0.07777777777777778,0.006938886664887108,0.9585688329368244,1.0330098325969947
RW,MLPQR,A2,S_gls_hybrid,0.5224962962962963,0.012861053915559575,0.532666781179386,0.006193078279400108,0.07222222222222223,0.005091750772173158,0.984748529254288,1.0577976485630376
RW,MLPQR,A2,S_gls_pert,0.5200518518518519,0.009748094675075723,0.5315860339890218,0.004955749430716129,0.07555555555555556,0.01071516751221439,1.0219543616539066,1.0942381235568943
RW,MLPQR,A2,S_gls_pool,0.521525925925926,0.007094993308041417,0.5339948710477419,0.004652406935004334,0.07666666666666666,0.008819171036881969,1.0110487733458118,1.0855355501316575
RW,MLPQR,A2,S_maha,0.5113777777777778,0.002985789388353596,0.5107197533539756,0.006385245233691901,0.060000000000000005,0.005773502691896258,19.49058999700655,19.809191419445153
RW,MLPQR,A2,S_max,0.5094907407407407,0.0027055973835080844,0.5070523995409162,0.003759413352010004,0.0,0.0,1.8081409842511178,1.8323400974018684
RW,MLPQR,A2,S_max_raw,0.5071333333333333,0.007952598767729574,0.5138411864378172,0.006370796099168567,0.05777777777777778,0.001924500897298752,2.4260516380803647,2.470159719837964
RW,MLPQR,A2,S_mean,0.5113962962962963,0.005564818204226487,0.5246130482116348,0.004439422799920509,0.06666666666666667,0.012018504251546635,4.842533901303891,5.006411454593995
RW,MLPQR,A3,S_band,0.5124592592592592,0.002322397211198853,0.5049955836943735,0.00178955377516783,0.042222222222222223,0.0038490017945975057,0.34194444444444444,0.3484027777777778
RW,MLPQR,A3,S_chi2,0.49458518518518524,0.0032004066742616064,0.5026149099973809,0.001327570529880937,0.052222222222222225,0.001924500897298755,3.7771758768681067,3.7849890075775257
RW,MLPQR,A3,S_gls_b,0.5034481481481482,0.00667043026481022,0.5075200513608759,0.004791954512379823,0.05555555555555555,0.00838870492807861,0.9166500841851791,0.928079365674724
RW,MLPQR,A3,S_gls_ema,0.4991777777777778,0.004722650307393727,0.5050749304657254,0.0036577968084161496,0.052222222222222225,0.0019245008972987529,1.0117017586870396,1.0134190075966931
RW,MLPQR,A3,S_gls_emp,0.5028925925925926,0.006659969630054751,0.5085242481827513,0.005564403076665606,0.05555555555555555,0.0019245008972987494,0.9585688329368244,0.9693600336479498
RW,MLPQR,A3,S_gls_hybrid,0.5001407407407408,0.0046510463887482565,0.5057853980456929,0.0036938981593038463,0.051111111111111114,0.001924500897298751,0.984748529254288,0.9881083666953138
RW,MLPQR,A3,S_gls_pert,0.4991407407407407,0.004601497117261364,0.503875485667269,0.002552221775930518,0.05333333333333334,0.0033333333333333322,1.0219543616539066,1.0224245957447946
RW,MLPQR,A3,S_gls_pool,0.4994851851851852,0.004390844618169174,0.5051515847268271,0.0036359642646218325,0.05333333333333334,0.0033333333333333314,1.0110487733458118,1.0129891877340211
RW,MLPQR,A3,S_maha,0.676062962962963,0.006105786400785416,0.6656446198445186,0.015130121429651347,0.15333333333333332,0.03527668414752788,19.49058999700655,27.237102000325375
RW,MLPQR,A3,S_max,0.5706611111111112,0.007304902801425288,0.5493301678586407,0.0077916964969533,0.0,0.0,1.8081409842511178,1.9420039924602512
RW,MLPQR,A3,S_max_raw,0.5701999999999999,0.0037314107152558807,0.557815697145445,0.006119934110708798,0.07888888888888888,0.010715167512214397,2.4260516380803647,2.7046009568639033
RW,MLPQR,A3,S_mean,0.49892592592592594,0.0012822907421193997,0.5025892357873455,0.0009452884671064253,0.05000000000000001,0.003333333333333334,4.842533901303891,4.836755284562348
RW,MLPQR,A4,S_band,0.6554333333333333,0.023743123760910815,0.6117108866797792,0.018488039508960625,0.07333333333333333,0.008819171036881967,0.34194444444444444,0.4989236111111111
RW,MLPQR,A4,S_chi2,0.6027666666666667,0.015242678874110625,0.618370295048421,0.011527542193875773,0.12333333333333334,0.017638342073763937,3.7771758768681067,5.883914117701934
RW,MLPQR,A4,S_gls_b,0.5633777777777778,0.008541344619041755,0.5668414953949427,0.010983704138411368,0.10222222222222221,0.025239592648001217,0.9166500841851791,1.0779930826922635
RW,MLPQR,A4,S_gls_ema,0.561337037037037,0.01648071949965585,0.5688824828065752,0.007106719529034895,0.09000000000000001,0.010000000000000007,1.0117017586870396,1.1956423842726192
RW,MLPQR,A4,S_gls_emp,0.560974074074074,0.01868850023817491,0.5691951292782057,0.011034753752954164,0.0911111111111111,0.001924500897298755,0.9585688329368244,1.1321094474074263
RW,MLPQR,A4,S_gls_hybrid,0.5597148148148148,0.021165824810710672,0.5680990047697926,0.009533908831928178,0.08666666666666667,0.011547005383792518,0.984748529254288,1.1625499421298986
RW,MLPQR,A4,S_gls_pert,0.5605925925925926,0.022340552546117703,0.5675564192299569,0.008977333226720235,0.08333333333333333,0.012018504251546634,1.0219543616539066,1.2081952518879673
RW,MLPQR,A4,S_gls_pool,0.5605296296296296,0.015351279085057516,0.5685981117888438,0.007036064940100336,0.09333333333333334,0.011547005383792521,1.0110487733458118,1.1934630566689075
RW,MLPQR,A4,S_maha,0.7553629629629629,0.003534701575287068,0.7604957005425935,0.01966680566933863,0.2788888888888889,0.07819728137739072,19.49058999700655,34.32135957223303
RW,MLPQR,A4,S_max,0.7141740740740742,0.015982368114111852,0.6779063105970775,0.013222509496245096,0.0,0.0,1.8081409842511178,2.1944058894200746
RW,MLPQR,A4,S_max_raw,0.7257481481481481,0.013658409128360995,0.7140782547647174,0.004493208517984766,0.21333333333333335,0.02,2.4260516380803647,3.5396332948496725
RW,MLPQR,A4,S_mean,0.5819148148148148,0.015355818189317492,0.5944111589450978,0.01293953688295805,0.10444444444444445,0.001924500897298756,4.842533901303891,5.964457191306752
RW,MLPQR_CAL,A0,S_band,0.21642407407407407,0.01820302200976712,0.44747400632490403,0.005783530478599849,0.0044444444444444444,0.0038490017945975057,0.22190972222222224,0.03125
RW,MLPQR_CAL,A0,S_chi2,0.6874481481481483,0.007044745290923693,0.5979954428662662,0.004738598179370818,0.0022222222222222222,0.0019245008972987529,2.5845683695690673,2.9845087598067503
RW,MLPQR_CAL,A0,S_gls_b,0.39427037037037044,0.02805952740495288,0.41578159043888424,0.01225662904503426,0.007777777777777779,0.005091750772173156,0.8976076584911715,0.6482681975853227
RW,MLPQR_CAL,A0,S_gls_ema,0.36615185185185184,0.004548725684166305,0.40212826451473765,0.001140372371783639,0.005555555555555557,0.0019245008972987527,0.8938499378102688,0.5857187077608609
RW,MLPQR_CAL,A0,S_gls_emp,0.36559629629629636,0.00816300245335613,0.40146833171244123,0.0028142047537751194,0.005555555555555556,0.005091750772173156,0.8434919338000156,0.5514641895552582
RW,MLPQR_CAL,A0,S_gls_hybrid,0.3658074074074074,0.007293717348321237,0.4022297210833195,0.0016044877621155642,0.005555555555555556,0.005091750772173155,0.8667657428400752,0.5679007519273024
RW,MLPQR_CAL,A0,S_gls_pert,0.3666888888888889,0.00600719732929474,0.4032941988137479,0.0011817243434190236,0.006666666666666667,0.0033333333333333335,0.9032439362643,0.5945698589827598
RW,MLPQR_CAL,A0,S_gls_pool,0.3663444444444444,0.004153193030149103,0.4021843576627801,0.0013520392424765067,0.0044444444444444444,0.0038490017945975057,0.8932355153409292,0.5856506194354945
RW,MLPQR_CAL,A0,S_maha,0.02501851851851852,0.004740713252235116,0.3095191106765582,0.0002806753197359411,0.0,0.0,13.300038658922709,2.8421442996848705
RW,MLPQR_CAL,A0,S_max,0.1270388888888889,0.010211544846307461,0.32544482989827445,0.002389044290101683,0.0011111111111111111,0.0019245008972987529,1.5489948831483076,0.8689982113447458
RW,MLPQR_CAL,A0,S_max_raw,0.12279999999999998,0.013108808649054678,0.3245029525947712,0.0029258871133534385,0.0011111111111111111,0.0019245008972987529,2.4260516380803647,1.1118352229796298
RW,MLPQR_CAL,A0,S_mean,0.31486296296296296,0.003785634531565915,0.38135448739466454,0.002071134962366793,0.0033333333333333335,0.0033333333333333335,3.9055094896952873,2.251705495534272
RW,MLPQR_CAL,A1,S_band,0.33872037037037034,0.015095388402714448,0.4782288830288793,0.003230068051383603,0.05444444444444444,0.01895413567692443,0.22190972222222224,0.13927083333333332
RW,MLPQR_CAL,A1,S_chi2,0.5786629629629629,0.02595895700061297,0.5536373578801177,0.013819676501318113,0.04888888888888889,0.0076980035891950115,2.5845683695690673,2.8368375234928718
RW,MLPQR_CAL,A1,S_gls_b,0.480837037037037,0.02202966667908916,0.48187469116812953,0.019784859934413125,0.035555555555555556,0.01347150628109127,0.8976076584911715,0.8427370011691768
RW,MLPQR_CAL,A1,S_gls_ema,0.5407888888888889,0.0224030779410903,0.5262216403000187,0.012670422922705584,0.04111111111111111,0.006938886664887111,0.8938499378102688,0.9686806857094753
RW,MLPQR_CAL,A1,S_gls_emp,0.5405925925925926,0.023664074801563552,0.5269216859346356,0.011874134174585018,0.043333333333333335,0.015275252316519466,0.8434919338000156,0.9173086605298018
RW,MLPQR_CAL,A1,S_gls_hybrid,0.5419296296296295,0.023151370738645045,0.5280604454197998,0.011711687252863267,0.044444444444444446,0.006938886664887111,0.8667657428400752,0.9441234504089936
RW,MLPQR_CAL,A1,S_gls_pert,0.5408925925925926,0.022700770458816296,0.5284104994257902,0.010568834756564817,0.04555555555555555,0.005091750772173159,0.9032439362643,0.9812813677953288
RW,MLPQR_CAL,A1,S_gls_pool,0.5407259259259259,0.02199890382603926,0.5260562328053409,0.012297531682522123,0.04,0.005773502691896261,0.8932355153409292,0.9681167512255486
RW,MLPQR_CAL,A1,S_maha,0.04872592592592593,0.003082413943675418,0.31201043985467697,0.00023763964287545577,0.0,0.0,13.300038658922709,3.541167685756004
RW,MLPQR_CAL,A1,S_max,0.25776666666666664,0.011373633414043056,0.3699789743634197,0.005861799338631403,0.011111111111111112,0.006938886664887109,1.5489948831483076,1.1180645962334805
RW,MLPQR_CAL,A1,S_max_raw,0.2554148148148148,0.010613247797285433,0.3668922526319902,0.003253044395962309,0.011111111111111113,0.0038490017945975053,2.4260516380803647,1.5712989652120448
RW,MLPQR_CAL,A1,S_mean,0.5173148148148149,0.022538779566829596,0.5113595282625912,0.010656279870157633,0.05111111111111111,0.01018350154434631,3.9055094896952873,4.00610425454716
RW,MLPQR_CAL,A1p,S_band,0.24436481481481484,0.015440699319436653,0.4344912808598127,0.008086017823258617,0.006666666666666667,0.0033333333333333335,0.22190972222222224,0.04684027777777778
RW,MLPQR_CAL,A1p,S_chi2,0.6781111111111112,0.012174720824745527,0.592263128446218,0.0021597030125949128,0.006666666666666667,0.005773502691896258,2.5845683695690673,2.9767825735045945
RW,MLPQR_CAL,A1p,S_gls_b,0.4510296296296296,0.024809089168080996,0.455386360659108,0.01693978399294343,0.023333333333333334,0.008819171036881967,0.8976076584911715,0.7722912872138007
RW,MLPQR_CAL,A1p,S_gls_ema,0.4075037037037037,0.005829960224048872,0.4271628744528643,0.0036335562505458944,0.012222222222222223,0.003849001794597504,0.8938499378102688,0.6763972585195615
RW,MLPQR_CAL,A1p,S_gls_emp,0.40529259259259254,0.006324968485095292,0.42642111487214307,0.0004810678537243974,0.013333333333333334,0.0033333333333333327,0.8434919338000156,0.6343778223209401
RW,MLPQR_CAL,A1p,S_gls_hybrid,0.4058777777777778,0.0058848938230559355,0.4267851863584254,0.001290887255404133,0.013333333333333334,0.0,0.8667657428400752,0.6542842423581391
RW,MLPQR_CAL,A1p,S_gls_pert,0.4078111111111111,0.006062758203741701,0.42813358740260865,0.002270842874471826,0.013333333333333334,0.0,0.9032439362643,0.6858712184908707
RW,MLPQR_CAL,A1p,S_gls_pool,0.40764074074074075,0.006279128009498615,0.4273160649985453,0.003955210236802965,0.012222222222222223,0.003849001794597504,0.8932355153409292,0.6763613417217186
RW,MLPQR_CAL,A1p,S_maha,0.03427037037037037,0.002630456312414751,0.31036254264310764,0.00015207651940243514,0.0,0.0,13.300038658922709,3.1211116218409933
RW,MLPQR_CAL,A1p,S_max,0.17577592592592592,0.008161782994302815,0.3395835337752688,0.004014312162060219,0.007777777777777778,0.0038490017945975057,1.5489948831483076,0.9524703731491085
RW,MLPQR_CAL,A1p,S_max_raw,0.15762592592592592,0.013614436479650414,0.33296858552976116,0.0036665747371359887,0.0022222222222222222,0.0038490017945975057,2.4260516380803647,1.2279550208103445
RW,MLPQR_CAL,A1p,S_mean,0.3295925925925926,0.007961956870119701,0.3901667195109581,0.003664672017768229,0.007777777777777778,0.00693888666488711,3.9055094896952873,2.396308826730977
RW,MLPQR_CAL,A2,S_band,0.505175925925926,0.006089064609521737,0.512322532250946,0.0008431928676799202,0.058888888888888886,0.018954135676924423,0.22190972222222224,0.22805555555555554
RW,MLPQR_CAL,A2,S_chi2,0.5028666666666667,0.010798153705925356,0.5205896382277357,0.008322899017041356,0.06666666666666667,0.00881917103688197,2.5845683695690673,2.703285239403218
RW,MLPQR_CAL,A2,S_gls_b,0.5310444444444445,0.018090431274673937,0.5383303149868356,0.008122450029663712,0.07666666666666666,0.012018504251546628,0.8976076584911715,0.9796447093352847
RW,MLPQR_CAL,A2,S_gls_ema,0.5200148148148148,0.00434048318032489,0.5302898894948028,0.0008112719397928679,0.06888888888888889,0.015752718754175363,0.8938499378102688,0.954289215780093
RW,MLPQR_CAL,A2,S_gls_emp,0.5228592592592592,0.011293089405152059,0.5309272844959086,0.0032233849135758466,0.07,0.02027587510099407,0.8434919338000156,0.9056083865573807
RW,MLPQR_CAL,A2,S_gls_hybrid,0.5209962962962963,0.009327804799996089,0.5301169333508579,0.0017604011367967419,0.07,0.014529663145135579,0.8667657428400752,0.9264629364463142
RW,MLPQR_CAL,A2,S_gls_pert,0.5186296296296297,0.0038490071404296035,0.529556404848747,0.0012284171558508176,0.06888888888888889,0.013471506281091268,0.9032439362643,0.9613841596325797
RW,MLPQR_CAL,A2,S_gls_pool,0.5203703703703705,0.00392235337101052,0.5311242815358792,0.0015321736683902361,0.06888888888888889,0.015752718754175363,0.8932355153409292,0.9538477501174735
RW,MLPQR_CAL,A2,S_maha,0.5128592592592592,0.008728004688565563,0.512491880914097,0.007283294062067491,0.05555555555555555,0.007698003589195007,13.300038658922709,13.565926254414393
RW,MLPQR_CAL,A2,S_max,0.5144074074074073,0.006362404849838715,0.522822456129831,0.00953281297654335,0.06888888888888889,0.015752718754175363,1.5489948831483076,1.5785734996422416
RW,MLPQR_CAL,A2,S_max_raw,0.5071333333333333,0.007952598767729574,0.5138411864378172,0.006370796099168567,0.05777777777777778,0.001924500897298752,2.4260516380803647,2.470159719837964
RW,MLPQR_CAL,A2,S_mean,0.5069,0.005095907338731616,0.5203015582819523,0.0028820853541877828,0.06777777777777778,0.007698003589195002,3.9055094896952873,4.00082453553054
RW,MLPQR_CAL,A3,S_band,0.5234148148148149,0.0031779396488169015,0.5083109714342976,0.001297472156350346,0.044444444444444446,0.008388704928078613,0.22190972222222224,0.22784722222222223
RW,MLPQR_CAL,A3,S_chi2,0.48707407407407405,0.004533089363442372,0.4967390680680979,0.0020465293237609196,0.052222222222222225,0.001924500897298755,2.5845683695690673,2.547626715116643
RW,MLPQR_CAL,A3,S_gls_b,0.5046148148148148,0.008057877698508147,0.5083676058915315,0.005825457965876894,0.05555555555555555,0.010183501544346309,0.8976076584911715,0.9110770993542531
RW,MLPQR_CAL,A3,S_gls_ema,0.49908888888888886,0.005109978739295166,0.505247697925968,0.0049844065122292055,0.052222222222222225,0.0019245008972987529,0.8938499378102688,0.894541285761925
RW,MLPQR_CAL,A3,S_gls_emp,0.5022407407407408,0.007115693691258663,0.5082449057726174,0.006970721818462602,0.056666666666666664,0.0033333333333333314,0.8434919338000156,0.8519191871595604
RW,MLPQR_CAL,A3,S_gls_hybrid,0.49937777777777775,0.004732612751619337,0.5052502617186144,0.004484678825851576,0.05555555555555555,0.005091750772173155,0.8667657428400752,0.8691976795806777
RW,MLPQR_CAL,A3,S_gls_pert,0.4981222222222222,0.004683069717109511,0.5037048251224564,0.00409351578266305,0.05333333333333334,0.0033333333333333314,0.9032439362643,0.9025426653404777
RW,MLPQR_CAL,A3,S_gls_pool,0.4990666666666666,0.004939863670833449,0.5052513225066734,0.004827354865871122,0.051111111111111114,0.0019245008972987529,0.8932355153409292,0.8939278412593482
RW,MLPQR_CAL,A3,S_maha,0.6777703703703702,0.007214419574313604,0.6706233592668042,0.015033544242807095,0.1622222222222222,0.046825127790456625,13.300038658922709,18.573145327044667
RW,MLPQR_CAL,A3,S_max,0.5719185185185185,0.007622473945740857,0.5599491642959777,0.01900730730280859,0.08,0.027284509239574838,1.5489948831483076,1.6685508045915647
RW,MLPQR_CAL,A3,S_max_raw,0.5701999999999999,0.0037314107152558807,0.557815697145445,0.006119934110708798,0.07888888888888888,0.010715167512214397,2.4260516380803647,2.7046009568639033
RW,MLPQR_CAL,A3,S_mean,0.49841851851851854,0.0013969359474049617,0.5020153712408698,0.0008803691118530944,0.051111111111111114,0.001924500897298751,3.9055094896952873,3.892023165289394
RW,MLPQR_CAL,A4,S_band,0.6791222222222223,0.021818775893287026,0.633588973798423,0.009614302215952544,0.09999999999999999,0.02333333333333333,0.22190972222222224,0.3814236111111111
RW,MLPQR_CAL,A4,S_chi2,0.5330962962962963,0.01392392174309443,0.5846080117131652,0.006811309715637639,0.12666666666666668,0.015275252316519475,2.5845683695690673,3.3353720182892457
RW,MLPQR_CAL,A4,S_gls_b,0.5645407407407407,0.00937777997191477,0.5669849714416911,0.012663477550224594,0.09333333333333332,0.018559214542766735,0.8976076584911715,1.0558944509185262
RW,MLPQR_CAL,A4,S_gls_ema,0.5630333333333333,0.01247749084462811,0.5685045265943551,0.003856132400401025,0.08777777777777777,0.005091750772173154,0.8938499378102688,1.0585693927828255
RW,MLPQR_CAL,A4,S_gls_emp,0.5615148148148148,0.01646573071764031,0.5689220540590015,0.0076003009682291565,0.08666666666666667,0.0033333333333333305,0.8434919338000156,0.9980254894318034
RW,MLPQR_CAL,A4,S_gls_hybrid,0.5629296296296297,0.017134523425065492,0.568351330357545,0.006637167199981934,0.08666666666666667,0.0033333333333333357,0.8667657428400752,1.026840708058888
RW,MLPQR_CAL,A4,S_gls_pert,0.5638703703703704,0.01668926369357695,0.5679820406292688,0.005059529440336149,0.08555555555555555,0.001924500897298756,0.9032439362643,1.0706632468462371
RW,MLPQR_CAL,A4,S_gls_pool,0.562762962962963,0.011237757856711909,0.5681201721748356,0.004805534982159565,0.08555555555555555,0.006938886664887111,0.8932355153409292,1.0569624415565706
RW,MLPQR_CAL,A4,S_maha,0.7634925925925926,0.004596326140709463,0.768747791529333,0.01724774569216698,0.29777777777777775,0.10001851680415833,13.300038658922709,23.464441407630925
RW,MLPQR_CAL,A4,S_max,0.7123203703703704,0.021722080372749007,0.6770483594475077,0.02556646704198285,0.15888888888888889,0.10542682208439566,1.5489948831483076,1.904866945274807
RW,MLPQR_CAL,A4,S_max_raw,0.7257481481481481,0.013658409128360995,0.7140782547647174,0.004493208517984766,0.21333333333333335,0.02,2.4260516380803647,3.5396332948496725
RW,MLPQR_CAL,A4,S_mean,0.580774074074074,0.01605525310493026,0.5987494303816963,0.006272815470974672,0.10888888888888888,0.010183501544346312,3.9055094896952873,4.802750943760507
RW,ORACLE,A0,S_band,0.13,0.013642254619787422,0.5,0.0,0.0,0.0,0.20809027777777778,0.0
RW,ORACLE,A0,S_chi2,0.8844444444444445,0.015396007178390007,0.8965272856130403,0.012275342364060108,0.0,0.0,2.6877138509558,4.0
RW,ORACLE,A0,S_gls_b,0.0,0.0,0.5,0.0,0.0,0.0,0.8084497600303182,0.0
RW,ORACLE,A0,S_gls_ema,0.0,0.0,0.5,0.0,0.0,0.0,0.8071609340205894,0.0
RW,ORACLE,A0,S_gls_emp,0.0,0.0,0.5,0.0,0.0,0.0,0.8187108874743524,0.0
RW,ORACLE,A0,S_gls_hybrid,0.0,0.0,0.5,0.0,0.0,0.0,0.8110687638221347,0.0
RW,ORACLE,A0,S_gls_pert,0.0,0.0,0.5,0.0,0.0,0.0,0.8071609340205895,0.0
RW,ORACLE,A0,S_gls_pool,0.0,0.0,0.5,0.0,0.0,0.0,0.8071609340205894,0.0
RW,ORACLE,A0,S_maha,0.0,0.0,0.5,0.0,0.0,0.0,17.324409795524947,0.0
RW,ORACLE,A0,S_max,0.0,0.0,0.5,0.0,0.0,0.0,1.6450103319412694,0.0
RW,ORACLE,A0,S_max_raw,0.0,0.0,0.5,0.0,0.0,0.0,1.6991500774975483,0.0
RW,ORACLE,A0,S_mean,0.0,0.0,0.5,0.0,0.0,0.0,3.7643930081019774,0.0
RW,ORACLE,A1,S_band,0.13,0.013642254619787422,0.5,0.0,0.0,0.0,0.20809027777777778,0.0
RW,ORACLE,A1,S_chi2,0.44111111111111106,0.020367003088692645,0.5462215587935518,0.015551851746268198,0.0,0.0,2.6877138509558,2.0472453826198334
RW,ORACLE,A1,S_gls_b,0.5133333333333333,0.026034165586355497,0.4913797791114573,0.016077025091056272,0.0,0.0,0.8084497600303182,0.7137391921586264
RW,ORACLE,A1,S_gls_ema,0.6533333333333333,0.016666666666666607,0.5591460292981086,0.011569319726554554,0.0,0.0,0.8071609340205894,0.9718160839014763
RW,ORACLE,A1,S_gls_emp,0.6622222222222222,0.008388704928078597,0.5817805827114967,0.012991164389400506,0.0,0.0,0.8187108874743524,0.9793532595073037
RW,ORACLE,A1,S_gls_hybrid,0.6555555555555556,0.01835856849095367,0.5949410184306635,0.009904995257101765,0.0,0.0,0.8110687638221347,0.9741809051930872
RW,ORACLE,A1,S_gls_pert,0.6533333333333333,0.016666666666666607,0.5680058843940438,0.009298346080522697,0.0,0.0,0.8071609340205895,0.9718160839014761
RW,ORACLE,A1,S_gls_pool,0.6533333333333333,0.016666666666666607,0.58185110495775,0.010069678516159633,0.0,0.0,0.8071609340205894,0.9718160839014761
RW,ORACLE,A1,S_maha,0.0,0.0,0.3374163006152113,0.0031318372869125646,0.0,0.0,17.324409795524947,0.9444265009296009
RW,ORACLE,A1,S_max,0.00777777777777781,0.0019245008972987327,0.3905173401555972,0.008502634912417446,0.0,0.0,1.6450103319412694,0.698704983770006
RW,ORACLE,A1,S_max_raw,0.00777777777777781,0.0019245008972987327,0.3841518143868285,0.007491320532122572,0.0,0.0,1.6991500774975483,0.7000106374674216
RW,ORACLE,A1,S_mean,0.59,0.02603416558635557,0.6137122737469598,0.0087512906378574,0.0,0.0,3.7643930081019774,3.952472256580853
RW,ORACLE,A1p,S_band,0.13,0.013642254619787422,0.5,0.0,0.0,0.0,0.20809027777777778,0.0
RW,ORACLE,A1p,S_chi2,0.8788888888888889,0.016442942874387544,0.8071530177525738,0.019705397539057635,0.0,0.0,2.6877138509558,3.752176075408609
RW,ORACLE,A1p,S_gls_b,0.49666666666666665,0.027284509239574786,0.4745671913226459,0.013424025818202947,0.0,0.0,0.8084497600303182,0.6995170887831725
RW,ORACLE,A1p,S_gls_ema,0.39666666666666667,0.008819171036881944,0.4216743660867888,0.003171916445440507,0.0,0.0,0.8071609340205894,0.5138959092231604
RW,ORACLE,A1p,S_gls_emp,0.3855555555555556,0.010183501544346267,0.44829317002154845,0.002997903393087298,0.0,0.0,0.8187108874743524,0.5190515048394196
RW,ORACLE,A1p,S_gls_hybrid,0.3933333333333333,0.010000000000000009,0.4524647777247847,0.014737315717800322,0.0,0.0,0.8110687638221347,0.5149981961177424
RW,ORACLE,A1p,S_gls_pert,0.39666666666666667,0.008819171036881944,0.4545408978610621,0.008019847381284074,0.0,0.0,0.8071609340205895,0.5138959092231602
RW,ORACLE,A1p,S_gls_pool,0.39666666666666667,0.008819171036881944,0.45381449920422573,0.009792278771056014,0.0,0.0,0.8071609340205894,0.5138959092231603
RW,ORACLE,A1p,S_maha,0.0,0.0,0.3380879354314829,0.0020959274950015146,0.0,0.0,17.324409795524947,0.48932535594750487
RW,ORACLE,A1p,S_max,0.00777777777777781,0.0019245008972987327,0.37202118310818105,0.0031142574555410147,0.0,0.0,1.6450103319412694,0.6987049837700048
RW,ORACLE,A1p,S_max_raw,0.00777777777777781,0.0019245008972987327,0.3660231825478421,0.003331433638999675,0.0,0.0,1.6991500774975483,0.7000106374674205
RW,ORACLE,A1p,S_mean,0.19666666666666666,0.012018504251546616,0.39621166485683545,0.004124603387874965,0.0,0.0,3.7643930081019774,1.228460678381679
RW,ORACLE,A2,S_band,0.5207574074074074,0.005075608378462876,0.5240078735864001,0.0048247666631247,0.06111111111111111,0.005091750772173156,0.20809027777777778,0.22569444444444445
RW,ORACLE,A2,S_chi2,0.4993518518518519,0.000893414405755554,0.5162444058990835,0.005321175874057584,0.06,0.014529663145135575,2.6877138509558,2.8075932500368275
RW,ORACLE,A2,S_gls_b,0.5651851851851851,0.01697418640510433,0.5865486409918073,0.011057542883332567,0.1577777777777778,0.040322771803609006,0.8084497600303182,0.977102745034176
RW,ORACLE,A2,S_gls_ema,0.5428333333333333,0.01188895119402164,0.5517844120725462,0.0050657354820070385,0.08333333333333333,0.012018504251546634,0.8071609340205894,0.9164627186010051
RW,ORACLE,A2,S_gls_emp,0.5421481481481482,0.013214439041327275,0.5513344726159439,0.007794929090925202,0.08555555555555555,0.010183501544346314,0.8187108874743524,0.9288549941610388
RW,ORACLE,A2,S_gls_hybrid,0.5426851851851852,0.012450198735750033,0.5516876688258723,0.006055761020075356,0.09000000000000001,0.006666666666666668,0.8110687638221347,0.9206139568823247
RW,ORACLE,A2,S_gls_pert,0.5428333333333333,0.01188895119402164,0.5517844120725462,0.0050657354820070385,0.08333333333333333,0.012018504251546634,0.8071609340205895,0.9164627186010051
RW,ORACLE,A2,S_gls_pool,0.5428333333333333,0.01188895119402164,0.5517844120725462,0.0050657354820070385,0.08333333333333333,0.012018504251546634,0.8071609340205894,0.9164627186010051
RW,ORACLE,A2,S_maha,0.5229,0.0010439123940349166,0.5283995619211891,0.004736570474119547,0.07333333333333333,0.020816659994661323,17.324409795524947,17.757352823563398
RW,ORACLE,A2,S_max,0.5354833333333334,0.0016002989689815033,0.5312606206052535,0.002892724666334374,0.0,0.0,1.6450103319412694,1.716141507010823
RW,ORACLE,A2,S_max_raw,0.5381074074074074,0.0021288823165443523,0.5416910510347357,0.0036822048901522107,0.06666666666666667,0.006666666666666671,1.6991500774975483,1.7804545750779412
RW,ORACLE,A2,S_mean,0.5096962962962963,0.0061954217797342915,0.5218375492222483,0.006552477597856544,0.06888888888888889,0.01677740985615722,3.7643930081019774,3.899211031063578
RW,ORACLE,A3,S_band,0.5286166666666666,0.0021101459782163464,0.5117174857120635,0.0015934626662834968,0.042222222222222223,0.001924500897298751,0.20809027777777778,0.21579861111111112
RW,ORACLE,A3,S_chi2,0.48083518518518514,0.0015828394291387427,0.49184138713534004,0.002614809766253784,0.052222222222222225,0.001924500897298755,2.6877138509558,2.6408690598790616
RW,ORACLE,A3,S_gls_b,0.5156148148148149,0.0014483849384887653,0.5291294765637106,0.008170952853043022,0.08111111111111112,0.00693888666488711,0.8084497600303182,0.8623011531643082
RW,ORACLE,A3,S_gls_ema,0.5018574074074075,0.008842595307348803,0.509089390912041,0.005330985368824505,0.05555555555555555,0.005091750772173153,0.8071609340205894,0.8171633601281473
RW,ORACLE,A3,S_gls_emp,0.5031240740740741,0.010332079274759732,0.5101274707592531,0.006904293012659398,0.05777777777777778,0.008388704928078609,0.8187108874743524,0.8302883205158103
RW,ORACLE,A3,S_gls_hybrid,0.5019907407407408,0.009816731643709569,0.5090742122388826,0.007301057225883626,0.05666666666666667,0.008819171036881967,0.8110687638221347,0.821105129220296
RW,ORACLE,A3,S_gls_pert,0.5018574074074075,0.008842595307348803,0.509089390912041,0.005330985368824505,0.05555555555555555,0.005091750772173153,0.8071609340205895,0.8171633601281476
RW,ORACLE,A3,S_gls_pool,0.5018574074074075,0.008842595307348803,0.509089390912041,0.005330985368824505,0.05555555555555555,0.005091750772173153,0.8071609340205894,0.8171633601281473
RW,ORACLE,A3,S_maha,0.8965018518518519,0.015293329794848194,0.8998195123749518,0.01774879453346847,0.56,0.03929942040850535,17.324409795524947,28.106834324922275
RW,ORACLE,A3,S_max,0.6102796296296297,0.012456289419025823,0.5923542893423764,0.013398268648211569,0.0,0.0,1.6450103319412694,1.8601897169090875
RW,ORACLE,A3,S_max_raw,0.6178314814814815,0.01359197445360032,0.6299716376231719,0.01227192505489985,0.13999999999999999,0.005773502691896267,1.6991500774975483,2.00660803609883
RW,ORACLE,A3,S_mean,0.5002833333333333,0.0016119633761118763,0.503610879337152,0.001610700297151074,0.052222222222222225,0.005091750772173153,3.7643930081019774,3.7679003996766163
RW,ORACLE,A4,S_band,0.7269555555555556,0.011859190580919401,0.6847715537484778,0.017324504942076862,0.14888888888888888,0.03271651525407878,0.20809027777777778,0.4084375
RW,ORACLE,A4,S_chi2,0.5690444444444445,0.017384905472035368,0.6424753617366655,0.010634241914866376,0.22222222222222224,0.012619796324000601,2.6877138509558,4.796014845452862
RW,ORACLE,A4,S_gls_b,0.6231666666666666,0.00041380498776748725,0.6571774058693988,0.015529524657742723,0.23111111111111113,0.016777409856157218,0.8084497600303182,1.1520814851572825
RW,ORACLE,A4,S_gls_ema,0.6080925925925925,0.0032655389839912653,0.6322876723656488,0.010772865205147917,0.16,0.008819171036881986,0.8071609340205894,1.116738420802095
RW,ORACLE,A4,S_gls_emp,0.6102851851851853,0.005817749907977317,0.6320883186875557,0.010084757901518662,0.17,0.014529663145135584,0.8187108874743524,1.1336780795989854
RW,ORACLE,A4,S_gls_hybrid,0.6089037037037037,0.005000152261056217,0.6317937682495643,0.010441352980116326,0.17,0.011547005383792521,0.8110687638221347,1.1220855422885425
RW,ORACLE,A4,S_gls_pert,0.6080925925925925,0.0032655389839912653,0.6322876723656488,0.010772865205147917,0.16,0.008819171036881986,0.8071609340205895,1.1167384208020952
RW,ORACLE,A4,S_gls_pool,0.6080925925925925,0.0032655389839912653,0.6322876723656488,0.010772865205147917,0.16,0.008819171036881986,0.8071609340205894,1.1167384208020952
RW,ORACLE,A4,S_maha,0.9691111111111111,0.0061739096603228025,0.9753420603525517,0.002140673066668997,0.8855555555555555,0.0320300784564435,17.324409795524947,38.770949060575525
RW,ORACLE,A4,S_max,0.8032888888888889,0.00734045950053627,0.768430817126211,0.004965386084491399,0.0,0.0,1.6450103319412694,2.2302730143414364
RW,ORACLE,A4,S_max_raw,0.8159444444444444,0.007385905830585183,0.8196108273559828,0.007333021303695656,0.39111111111111113,0.020092379244472356,1.6991500774975483,2.6202526418490737
RW,ORACLE,A4,S_mean,0.6139888888888888,0.0066010380777347345,0.6459184656700011,0.010275525844354254,0.18555555555555556,0.011706281947614146,3.7643930081019774,5.2818108336899
SEAS,MLPQR,A0,S_band,0.18272037037037037,0.015982146997000894,0.36709406170896236,0.00685495434403371,0.011111111111111112,0.007698003589195011,0.3481944444444445,0.1459027777777778
SEAS,MLPQR,A0,S_chi2,0.49317777777777777,0.018174167666508718,0.4595857713115085,0.008623111077412614,0.0011111111111111111,0.0019245008972987529,2.2698933019811425,1.8230549781084653
SEAS,MLPQR,A0,S_gls_b,0.47019259259259255,0.011277139190094163,0.4745495327039275,0.00842580331866653,0.023333333333333334,0.0066666666666666645,1.7736428190504279,1.5418699238844493
SEAS,MLPQR,A0,S_gls_ema,0.4555148148148149,0.008966173284879385,0.4540145412111994,0.003272917853107448,0.014444444444444446,0.005091750772173155,1.2285860271120679,1.0343862234529324
SEAS,MLPQR,A0,S_gls_emp,0.4465666666666667,0.008076050556589677,0.44531192293739963,0.004277672577856952,0.013333333333333334,0.006666666666666666,0.9588075243412044,0.7900093256555253
SEAS,MLPQR,A0,S_gls_hybrid,0.4609814814814815,0.007333975841662604,0.4537561950361479,0.005764357384910125,0.01,0.0033333333333333335,1.0459808495399952,0.8916507511486662
SEAS,MLPQR,A0,S_gls_pert,0.4695444444444445,0.006161178739234108,0.474146649964879,0.006560597828786386,0.023333333333333334,0.0066666666666666645,1.7824987405430244,1.5468267246182943
SEAS,MLPQR,A0,S_gls_pool,0.4527925925925926,0.006152479509533229,0.4502751749850464,0.004338636068945525,0.015555555555555557,0.006938886664887109,1.1735221298052967,0.9891032802454983
SEAS,MLPQR,A0,S_maha,0.04451481481481481,0.004037437968538251,0.313899482578303,0.0006417209353493769,0.006666666666666667,0.0,41.401426256406914,12.20830277788847
SEAS,MLPQR,A0,S_max,0.08164814814814815,0.009006926918227326,0.3169057477354308,0.001958845159096422,0.0,0.0,2.2361717394292424,1.4406948473271404
SEAS,MLPQR,A0,S_max_raw,0.09624814814814815,0.010951184237971343,0.31903634032563305,0.0018906739180519915,0.0,0.0,3.3034749848867055,1.7916074899051884
SEAS,MLPQR,A0,S_mean,0.45081481481481483,0.009361869954955413,0.4489979745013007,0.007323975110855328,0.015555555555555557,0.006938886664887109,2.4259198895833456,2.0379845477016207
SEAS,MLPQR,A1,S_band,0.38793148148148154,0.01203853039169523,0.46829979345650447,0.0201565213439751,0.056666666666666664,0.02309401076758503,0.3481944444444445,0.2773263888888889
SEAS,MLPQR,A1,S_chi2,0.5294740740740741,0.01694759290724773,0.5172108135012375,0.025676864030168226,0.05555555555555555,0.01539600717839002,2.2698933019811425,2.3606330115798566
SEAS,MLPQR,A1,S_gls_b,0.667974074074074,0.01798734923523443,0.6559790242872202,0.029350302919836032,0.11666666666666665,0.024037008503093264,1.7736428190504279,3.0249523795027695
SEAS,MLPQR,A1,S_gls_ema,0.7322851851851852,0.009790757378321276,0.7245303939051516,0.026279951289197027,0.21222222222222223,0.0776268376653714,1.2285860271120679,2.14624347731822
SEAS,MLPQR,A1,S_gls_emp,0.7331962962962963,0.012780011076973834,0.729920949024096,0.01728198017843159,0.24666666666666667,0.031797973380564865,0.9588075243412044,1.6822548080075699
SEAS,MLPQR,A1,S_gls_hybrid,0.7248185185185184,0.019232965313037736,0.7306621558558364,0.02171045919992029,0.25666666666666665,0.04163331998932266,1.0459808495399952,1.8539022519290673
SEAS,MLPQR,A1,S_gls_pert,0.6691481481481482,0.017569629848238604,0.6569244534641544,0.028664753071577533,0.11888888888888889,0.02341256389522831,1.7824987405430244,3.0437549324004642
SEAS,MLPQR,A1,S_gls_pool,0.7329962962962963,0.010187842750930874,0.7324538785281192,0.01355822236831895,0.25666666666666665,0.03000000000000001,1.1735221298052967,2.066471705622681
SEAS,MLPQR,A1,S_maha,0.15362592592592592,0.015656168008418268,0.3803221062693241,0.006810920869539437,0.06777777777777778,0.013471506281091268,41.401426256406914,24.9013796835505
SEAS,MLPQR,A1,S_max,0.23167407407407406,0.014854630293355103,0.36995508675394123,0.0074120683138335945,0.0,0.0,2.2361717394292424,1.7877103844493096
SEAS,MLPQR,A1,S_max_raw,0.19992222222222222,0.015049859521103139,0.34606832310880414,0.0061355702115271785,0.0022222222222222222,0.0019245008972987529,3.3034749848867055,2.230718459070228
SEAS,MLPQR,A1,S_mean,0.7192148148148148,0.012097088382131593,0.7222201634475273,0.010485125838705476,0.24333333333333332,0.02645751311064588,2.4259198895833456,4.14141819004884
SEAS,MLPQR,A1p,S_band,0.290487037037037,0.010791036136782685,0.4088851974532261,0.019310765485760033,0.03222222222222222,0.02457038265277331,0.3481944444444445,0.2157638888888889
SEAS,MLPQR,A1p,S_chi2,0.49419259259259257,0.01608707913905862,0.4739732432809463,0.01749964248199667,0.022222222222222223,0.021169509870286277,2.2698933019811425,1.9972546043416024
SEAS,MLPQR,A1p,S_gls_b,0.5873555555555555,0.020982288239205175,0.5833988002053694,0.0232500438249373,0.08777777777777777,0.019531550923607723,1.7736428190504279,2.3918509483604384
SEAS,MLPQR,A1p,S_gls_ema,0.6321407407407408,0.008365658293471466,0.6205535551145044,0.016583049525359394,0.11333333333333334,0.03785938897200183,1.2285860271120679,1.6865543135145051
SEAS,MLPQR,A1p,S_gls_emp,0.6349851851851852,0.011994841140747512,0.6219696291886657,0.02270358033850393,0.12444444444444445,0.03338884266959271,0.9588075243412044,1.3281883638108798
SEAS,MLPQR,A1p,S_gls_hybrid,0.626837037037037,0.02028167796079387,0.6253986775797997,0.023464573094329286,0.1411111111111111,0.027148426050823602,1.0459808495399952,1.4587980621476169
SEAS,MLPQR,A1p,S_gls_pert,0.5861444444444445,0.020648674964214467,0.582949343120049,0.02303024835661834,0.09000000000000001,0.017638342073763937,1.7824987405430244,2.4000465562937823
SEAS,MLPQR,A1p,S_gls_pool,0.6318407407407408,0.009237646628137355,0.6221792091339768,0.015769936367899442,0.12666666666666668,0.0264575131106459,1.1735221298052967,1.623768975843543
SEAS,MLPQR,A1p,S_maha,0.10888518518518518,0.011824343655385644,0.3492000084514996,0.0023895373416923794,0.04777777777777778,0.005091750772173157,41.401426256406914,19.232626388100204
SEAS,MLPQR,A1p,S_max,0.17215925925925926,0.015595727229562916,0.3440067124499164,0.008100170648613637,0.0,0.0,2.2361717394292424,1.655319612445746
SEAS,MLPQR,A1p,S_max_raw,0.1512925925925926,0.014902238349285998,0.3315234020310974,0.004364160548706677,0.0022222222222222222,0.0019245008972987529,3.3034749848867055,2.039120965789762
SEAS,MLPQR,A1p,S_mean,0.6158925925925925,0.009636750216359754,0.6096390442383748,0.012790426313883052,0.1311111111111111,0.026736020923368818,2.4259198895833456,3.2405887342795787
SEAS,MLPQR,A2,S_band,0.5558814814814815,0.0071708091673971085,0.5575833432142082,0.014501715899100003,0.07111111111111111,0.019245008972987532,0.3481944444444445,0.3817013888888889
SEAS,MLPQR,A2,S_chi2,0.5861148148148149,0.005807501888876237,0.6063123807825958,0.012857925051685528,0.13555555555555557,0.005091750772173162,2.2698933019811425,3.121057553185826
SEAS,MLPQR,A2,S_gls_b,0.5954333333333334,0.029025333762077665,0.593807666056786,0.026333926158995193,0.0911111111111111,0.020367003088692624,1.7736428190504279,2.4794608085528655
SEAS,MLPQR,A2,S_gls_ema,0.624137037037037,0.01319128188219303,0.6324247320646436,0.017380511410073154,0.1411111111111111,0.03863408589047491,1.2285860271120679,1.7276449410336123
SEAS,MLPQR,A2,S_gls_emp,0.6253814814814814,0.01314700047155906,0.6390285702596191,0.012259602331658116,0.16,0.01732050807568877,0.9588075243412044,1.3626102714542545
SEAS,MLPQR,A2,S_gls_hybrid,0.6259037037037037,0.023583857037329573,0.6387991266523877,0.020660274687822944,0.15666666666666665,0.011547005383792512,1.0459808495399952,1.4974624387216882
SEAS,MLPQR,A2,S_gls_pert,0.5954481481481482,0.025349644683835455,0.5936777901769501,0.02529729795545802,0.09333333333333334,0.021858128414340004,1.7824987405430244,2.489542303369071
SEAS,MLPQR,A2,S_gls_pool,0.6256370370370371,0.011269210392953803,0.6385721996222954,0.008966627664916165,0.16222222222222224,0.0050917507721731405,1.1735221298052967,1.6631166648786069
SEAS,MLPQR,A2,S_maha,0.5553333333333333,0.01813000718405332,0.5645774322973637,0.01692241414198255,0.09999999999999999,0.014529663145135584,41.401426256406914,47.52950322376643
SEAS,MLPQR,A2,S_max,0.5303148148148148,0.020920927213516367,0.530666401418381,0.014608692613620446,0.0,0.0,2.2361717394292424,2.339304041557231
SEAS,MLPQR,A2,S_max_raw,0.546462962962963,0.0033811630209863923,0.5464052363694029,0.0025797090409148066,0.07444444444444444,0.012619796324000607,3.3034749848867055,3.4773276135417266
SEAS,MLPQR,A2,S_mean,0.6111185185185185,0.011073722278569197,0.6303378653177681,0.006587140055157247,0.16888888888888887,0.01347150628109126,2.4259198895833456,3.341251385831089
SEAS,MLPQR,A3,S_band,0.5319611111111112,0.003946106848434224,0.5218064192971451,0.0027145786300819762,0.04111111111111111,0.010183501544346312,0.3481944444444445,0.36534722222222227
SEAS,MLPQR,A3,S_chi2,0.5355148148148148,0.0043531786787420045,0.5351710872609954,0.002587105983868411,0.07111111111111111,0.009622504486493762,2.2698933019811425,2.523056276065258
SEAS,MLPQR,A3,S_gls_b,0.4963555555555555,0.0017273758017564674,0.5005844085401151,0.0010806439673971182,0.04555555555555555,0.00693888666488711,1.7736428190504279,1.7555936546833142
SEAS,MLPQR,A3,S_gls_ema,0.4959962962962963,0.0028048972458310827,0.4986916638932719,0.001818441592626722,0.042222222222222223,0.006938886664887111,1.2285860271120679,1.2115656066664107
SEAS,MLPQR,A3,S_gls_emp,0.503262962962963,0.0015785730911538646,0.505192187405966,0.004752689391290903,0.052222222222222225,0.003849001794597502,0.9588075243412044,0.9648012194814708
SEAS,MLPQR,A3,S_gls_hybrid,0.5004185185185185,0.0025817577831835662,0.5021567675606088,0.001947289346465136,0.0588888888888889,0.005091750772173158,1.0459808495399952,1.0410739835134888
SEAS,MLPQR,A3,S_gls_pert,0.4967296296296297,0.0008337283014618534,0.5005912678976012,0.001121216421347693,0.04555555555555555,0.00693888666488711,1.7824987405430244,1.7654563955202207
SEAS,MLPQR,A3,S_gls_pool,0.4949851851851852,0.0027834238914816083,0.4993296066900643,0.0018712209629468115,0.051111111111111114,0.001924500897298754,1.1735221298052967,1.158222438440618
SEAS,MLPQR,A3,S_maha,0.6794814814814815,0.008767591370280336,0.6438090506014791,0.017239022828907127,0.13777777777777778,0.023412563895228312,41.401426256406914,52.175210321700185
SEAS,MLPQR,A3,S_max,0.633737037037037,0.017377686605804205,0.5844441816869302,0.013710785675563475,0.0,0.0,2.2361717394292424,2.463515284382497
SEAS,MLPQR,A3,S_max_raw,0.6897981481481482,0.0091097497853819,0.6878325455689179,0.013365199441073198,0.1988888888888889,0.012619796324000615,3.3034749848867055,4.1413635608544865
SEAS,MLPQR,A3,S_mean,0.4933111111111111,0.0012596785794228552,0.4984936300683784,0.0023822425006270386,0.052222222222222225,0.006938886664887107,2.4259198895833456,2.387635742104141
SEAS,MLPQR,A4,S_band,0.7554481481481482,0.008179457733039791,0.7207320071233291,0.02691607433066342,0.18222222222222226,0.08234975094972348,0.3481944444444445,0.49652777777777785
SEAS,MLPQR,A4,S_chi2,0.7846481481481482,0.009236537305677745,0.773016324769685,0.027683901593058894,0.2722222222222222,0.04834291092846019,2.2698933019811425,4.884302502430081
SEAS,MLPQR,A4,S_gls_b,0.5543518518518519,0.019044915504784016,0.5540833828996785,0.020220313817346063,0.07555555555555556,0.010183501544346312,1.7736428190504279,2.1676840880762156
SEAS,MLPQR,A4,S_gls_ema,0.5578,0.011682217149619435,0.565022894982448,0.016368488067304107,0.08888888888888889,0.034694433324435545,1.2285860271120679,1.4543293725940398
SEAS,MLPQR,A4,S_gls_emp,0.5661518518518518,0.0025015139448863696,0.572829985154473,0.003606994462476928,0.10444444444444445,0.015396007178390009,0.9588075243412044,1.1631107473301097
SEAS,MLPQR,A4,S_gls_hybrid,0.5643703703703703,0.018157504768658846,0.572045695545541,0.014214684263253728,0.09333333333333334,0.008819171036881969,1.0459808495399952,1.266756556454845
SEAS,MLPQR,A4,S_gls_pert,0.5518814814814815,0.017679262921529226,0.5538239945641052,0.02053540670488114,0.07333333333333335,0.012018504251546628,1.7824987405430244,2.1712165905622416
SEAS,MLPQR,A4,S_gls_pool,0.5550481481481481,0.010952322789508993,0.5666483243095991,0.009580193420337864,0.09777777777777778,0.01677740985615721,1.1735221298052967,1.3879644706403305
SEAS,MLPQR,A4,S_maha,0.8510555555555556,0.02359279812690275,0.8205345529792242,0.0407584773475984,0.38222222222222224,0.09582004738822392,41.401426256406914,72.28075316313998
SEAS,MLPQR,A4,S_max,0.7554685185185187,0.01578256610960704,0.6864968676326021,0.017973364316118443,0.0,0.0,2.2361717394292424,2.524886404202822
SEAS,MLPQR,A4,S_max_raw,0.8089148148148149,0.027030253588405356,0.7994719667289948,0.03656634998244516,0.33,0.06691619966628241,3.3034749848867055,4.7405564537366995
SEAS,MLPQR,A4,S_mean,0.5429925925925926,0.011075288549780783,0.5574289355464187,0.012480734843537823,0.09666666666666668,0.014529663145135588,2.4259198895833456,2.7874495527328773
SEAS,MLPQR_CAL,A0,S_band,0.14207037037037037,0.011728216389152352,0.39646394065871854,0.002793545765532746,0.005555555555555556,0.005091750772173156,0.2148958333333333,0.05576388888888889
SEAS,MLPQR_CAL,A0,S_chi2,0.7364555555555555,0.005558254899774236,0.7027356608610048,0.03017582038384663,0.17555555555555555,0.16547350688699833,1.3077051996748648,2.1344864962788797
SEAS,MLPQR_CAL,A0,S_gls_b,0.46874814814814814,0.00781150096493004,0.4729494291372955,0.006692865882035298,0.02666666666666667,0.010000000000000002,1.4854539999292724,1.2833020346451358
SEAS,MLPQR_CAL,A0,S_gls_ema,0.4560962962962963,0.008085059634932314,0.45396031325308694,0.0035480491902784256,0.014444444444444446,0.005091750772173155,1.0240925981533453,0.8611721405079661
SEAS,MLPQR_CAL,A0,S_gls_emp,0.4478407407407407,0.008953558733362345,0.4455986064718413,0.0025030727849148036,0.013333333333333334,0.006666666666666666,0.8048471645533378,0.6617654470893943
SEAS,MLPQR_CAL,A0,S_gls_hybrid,0.4600666666666666,0.006769767579940983,0.4527921260455214,0.00441993629590575,0.011111111111111112,0.0038490017945975053,0.8782413380248949,0.7453452496887761
SEAS,MLPQR_CAL,A0,S_gls_pert,0.4669555555555555,0.00473771315361386,0.4721098735368498,0.005339945511300436,0.025555555555555554,0.01018350154434631,1.494270731569241,1.2889638082535353
SEAS,MLPQR_CAL,A0,S_gls_pool,0.45300740740740747,0.005503223896138391,0.4501090738050395,0.003742117588163145,0.016666666666666666,0.008819171036881969,0.9782522737713545,0.8237222982468421
SEAS,MLPQR_CAL,A0,S_maha,0.044314814814814814,0.0035371107225211982,0.3138728534469677,0.000594768406826314,0.006666666666666667,0.0,28.43583334306535,8.40459539776968
SEAS,MLPQR_CAL,A0,S_max,0.07446851851851853,0.010870086279333975,0.31556410102819843,0.0018404242924293338,0.0,0.0,1.8749001775445446,1.1897451353468436
SEAS,MLPQR_CAL,A0,S_max_raw,0.09624814814814815,0.010951184237971343,0.31903634032563305,0.0018906739180519915,0.0,0.0,3.3034749848867055,1.7916074899051884
SEAS,MLPQR_CAL,A0,S_mean,0.4496296296296296,0.008324560814673736,0.44874291822055795,0.006468809718632924,0.014444444444444446,0.00838870492807861,1.997518131142397,1.675751694975099
SEAS,MLPQR_CAL,A1,S_band,0.3692037037037037,0.025274257589646847,0.47272056588144257,0.030285416201363557,0.058888888888888886,0.030245905752924886,0.2148958333333333,0.1620138888888889
SEAS,MLPQR_CAL,A1,S_chi2,0.6258518518518518,0.014234961019487905,0.6226252626684387,0.015561448921586644,0.1311111111111111,0.09341266469770534,1.3077051996748648,1.7723054410287913
SEAS,MLPQR_CAL,A1,S_gls_b,0.6705296296296296,0.022566254532407487,0.6566994389615135,0.033915278449429376,0.11888888888888889,0.023648662948658635,1.4854539999292724,2.536998432442363
SEAS,MLPQR_CAL,A1,S_gls_ema,0.7324518518518519,0.01593190111854288,0.7245871672202787,0.03322860154767325,0.2188888888888889,0.08126317556989578,1.0240925981533453,1.7843596541244615
SEAS,MLPQR_CAL,A1,S_gls_emp,0.7350555555555555,0.01804121139618897,0.7289220916786462,0.028844072778446056,0.2511111111111111,0.04741464065189305,0.8048471645533378,1.4177083838484938
SEAS,MLPQR_CAL,A1,S_gls_hybrid,0.7262666666666666,0.024822309260764543,0.730480664564003,0.029531820956539126,0.26555555555555554,0.045501322732096144,0.8782413380248949,1.5584800300145292
SEAS,MLPQR_CAL,A1,S_gls_pert,0.6707185185185184,0.021222074849207097,0.6573009281292984,0.03299211834302857,0.12333333333333334,0.025166114784235836,1.494270731569241,2.551636260366366
SEAS,MLPQR_CAL,A1,S_gls_pool,0.7327296296296296,0.01553334260583616,0.7304493158051851,0.02142938754780031,0.26,0.028480012484391765,0.9782522737713545,1.71951157789748
SEAS,MLPQR_CAL,A1,S_maha,0.15431851851851852,0.017818153225352497,0.3814623827793086,0.010676947924038003,0.07111111111111111,0.009622504486493759,28.43583334306535,17.35628605743238
SEAS,MLPQR_CAL,A1,S_max,0.23887962962962964,0.020548294012673555,0.36320593131512346,0.010228071555330788,0.008888888888888889,0.0038490017945975053,1.8749001775445446,1.484750523224226
SEAS,MLPQR_CAL,A1,S_max_raw,0.19992222222222222,0.015049859521103139,0.34606832310880414,0.0061355702115271785,0.0022222222222222222,0.0019245008972987529,3.3034749848867055,2.230718459070228
SEAS,MLPQR_CAL,A1,S_mean,0.7158888888888889,0.018321858361726315,0.7178673832701392,0.019250501978491267,0.2388888888888889,0.03469443332443552,1.997518131142397,3.378652023816747
SEAS,MLPQR_CAL,A1p,S_band,0.2691962962962963,0.022753947109314828,0.41326570877748264,0.01693348231252231,0.016666666666666666,0.014529663145135577,0.2148958333333333,0.1128125
SEAS,MLPQR_CAL,A1p,S_chi2,0.659237037037037,0.015979281853690203,0.6426540695747841,0.014655481507371204,0.13333333333333333,0.1096965511460289,1.3077051996748648,1.8587162990269546
SEAS,MLPQR_CAL,A1p,S_gls_b,0.5914888888888888,0.026032764256121874,0.5856271483748318,0.028216989065784345,0.09666666666666666,0.021858128414339997,1.4854539999292724,2.0122352177992195
SEAS,MLPQR_CAL,A1p,S_gls_ema,0.6326037037037037,0.015119125053614409,0.6207228109769347,0.023509118294710214,0.11888888888888889,0.0371682859637283,1.0240925981533453,1.4035663212465483
SEAS,MLPQR_CAL,A1p,S_gls_emp,0.6384740740740741,0.019255800259179022,0.6231480423704899,0.03168446615699952,0.1277777777777778,0.04167777629669122,0.8048471645533378,1.1221823101177875
SEAS,MLPQR_CAL,A1p,S_gls_hybrid,0.629025925925926,0.026622225313794445,0.6249772727777887,0.03286331677550202,0.14555555555555555,0.030971910810591894,0.8782413380248949,1.2291014476164495
SEAS,MLPQR_CAL,A1p,S_gls_pert,0.5883851851851852,0.02684904608585118,0.5850358032205313,0.027998527057316362,0.09777777777777778,0.02364866294865863,1.494270731569241,2.0167015247606046
SEAS,MLPQR_CAL,A1p,S_gls_pool,0.6320074074074075,0.01627155866532696,0.6210982478427358,0.023446447420899914,0.13,0.027284509239574827,0.9782522737713545,1.3529678659695425
SEAS,MLPQR_CAL,A1p,S_maha,0.11051481481481483,0.012439663433447401,0.3512591102704043,0.0015826838174645276,0.04888888888888889,0.005091750772173156,28.43583334306535,13.458600744460497
SEAS,MLPQR_CAL,A1p,S_max,0.17466851851851853,0.022038515901202864,0.3394117314113813,0.008610634331402592,0.0044444444444444444,0.0019245008972987527,1.8749001775445446,1.379354654417946
SEAS,MLPQR_CAL,A1p,S_max_raw,0.1512925925925926,0.014902238349285998,0.3315234020310974,0.004364160548706677,0.0022222222222222222,0.0019245008972987529,3.3034749848867055,2.039120965789762
SEAS,MLPQR_CAL,A1p,S_mean,0.6124148148148149,0.01645008286719089,0.6056478564513791,0.01988874126083481,0.12555555555555556,0.03501322501464162,1.997518131142397,2.6424099414368505
SEAS,MLPQR_CAL,A2,S_band,0.5777981481481481,0.013655579664264651,0.5837732833872926,0.019485339660655222,0.10555555555555556,0.04525647078759177,0.2148958333333333,0.25972222222222224
SEAS,MLPQR_CAL,A2,S_chi2,0.5540185185185186,0.012640256743238168,0.5833537953764946,0.007485934433627061,0.1322222222222222,0.025018511664883798,1.3077051996748648,1.6437192261653235
SEAS,MLPQR_CAL,A2,S_gls_b,0.5986333333333334,0.030111117261172007,0.5963375558872085,0.030859168797496502,0.09777777777777778,0.02219442706159798,1.4854539999292724,2.0861563657965116
SEAS,MLPQR_CAL,A2,S_gls_ema,0.6259481481481481,0.013396573789607987,0.6322083447186342,0.023561379165683842,0.13888888888888887,0.03404789654676569,1.0240925981533453,1.4400253099053586
SEAS,MLPQR_CAL,A2,S_gls_emp,0.6302222222222222,0.014993657095132517,0.6402178057500448,0.021465764888730064,0.15555555555555556,0.02834966849371794,0.8048471645533378,1.152760889979069
SEAS,MLPQR_CAL,A2,S_gls_hybrid,0.6288444444444444,0.02732770493089611,0.6396170571492776,0.028120493644143478,0.16,0.027284509239574827,0.8782413380248949,1.262784904461963
SEAS,MLPQR_CAL,A2,S_gls_pert,0.5972481481481482,0.02772681844181463,0.5960143899948145,0.02995521089938766,0.09888888888888887,0.023648662948658625,1.494270731569241,2.09179637410014
SEAS,MLPQR_CAL,A2,S_gls_pool,0.6274037037037037,0.013418636079672289,0.6376419886315295,0.015801344661936292,0.1677777777777778,0.00384900179459751,0.9782522737713545,1.3870434777519476
SEAS,MLPQR_CAL,A2,S_maha,0.5576666666666666,0.022156090487245567,0.568320822779877,0.022963987650354834,0.10111111111111111,0.020092379244472356,28.43583334306535,32.868144171617864
SEAS,MLPQR_CAL,A2,S_max,0.5925314814814815,0.01856779730360652,0.5876743933130494,0.02237648118076724,0.0888888888888889,0.045379061903693646,1.8749001775445446,1.9843334664792798
SEAS,MLPQR_CAL,A2,S_max_raw,0.546462962962963,0.0033811630209863923,0.5464052363694029,0.0025797090409148066,0.07444444444444444,0.012619796324000607,3.3034749848867055,3.4773276135417266
SEAS,MLPQR_CAL,A2,S_mean,0.6097555555555555,0.010533145802362545,0.6263871622971933,0.011565464800172206,0.16,0.017638342073763923,1.997518131142397,2.73076696163716
SEAS,MLPQR_CAL,A3,S_band,0.5476500000000001,0.0024827615548560886,0.53042791592396,0.0002682637122802434,0.05444444444444444,0.0076980035891950115,0.2148958333333333,0.23527777777777778
SEAS,MLPQR_CAL,A3,S_chi2,0.4796888888888889,0.015790026544360403,0.49759275063482766,0.005872331271780626,0.06,0.005773502691896256,1.3077051996748648,1.267068246722822
SEAS,MLPQR_CAL,A3,S_gls_b,0.49649259259259254,0.0016618201137712893,0.5008977039829808,0.0003777859008339466,0.05000000000000001,0.0033333333333333322,1.4854539999292724,1.4714353524006238
SEAS,MLPQR_CAL,A3,S_gls_ema,0.4952407407407408,0.0018165675587418215,0.4984615712204628,0.0017011781645981088,0.044444444444444446,0.009622504486493762,1.0240925981533453,1.00780271387029
SEAS,MLPQR_CAL,A3,S_gls_emp,0.5012444444444444,0.002163102481548004,0.5044597955488238,0.004168041548733496,0.05111111111111111,0.006938886664887105,0.8048471645533378,0.8079678443951286
SEAS,MLPQR_CAL,A3,S_gls_hybrid,0.5007740740740741,0.0017623053550986083,0.5025637472818972,0.0022695520940477867,0.061111111111111116,0.0038490017945975127,0.8782413380248949,0.8740221072131701
SEAS,MLPQR_CAL,A3,S_gls_pert,0.49610370370370366,0.00021208353040325147,0.5006629825787506,4.315910629607514e-05,0.052222222222222225,0.001924500897298752,1.494270731569241,1.4793571270419594
SEAS,MLPQR_CAL,A3,S_gls_pool,0.49553703703703705,0.0018523369734944491,0.49866927254022614,0.002908378599434905,0.05000000000000001,0.0033333333333333322,0.9782522737713545,0.9647907415565901
SEAS,MLPQR_CAL,A3,S_maha,0.6790740740740739,0.009666802893889007,0.6431677294527969,0.01714095004585937,0.13555555555555557,0.02168802366215904,28.43583334306535,35.77959908544761
SEAS,MLPQR_CAL,A3,S_max,0.6665222222222221,0.026789944792315445,0.6268912312851,0.023695491484612717,0.10222222222222221,0.03595264374969653,1.8749001775445446,2.077132264920786
SEAS,MLPQR_CAL,A3,S_max_raw,0.6897981481481482,0.0091097497853819,0.6878325455689179,0.013365199441073198,0.1988888888888889,0.012619796324000615,3.3034749848867055,4.1413635608544865
SEAS,MLPQR_CAL,A3,S_mean,0.49228888888888883,0.002594961880354711,0.49726924157766356,0.0036971770510137213,0.05444444444444444,0.013877773329774221,1.997518131142397,1.9592909048984668
SEAS,MLPQR_CAL,A4,S_band,0.7827000000000001,0.018851488299630705,0.7454400465987835,0.029920447795987067,0.22111111111111112,0.0846780394811451,0.2148958333333333,0.36795138888888895
SEAS,MLPQR_CAL,A4,S_chi2,0.6534481481481481,0.024178299456517845,0.7021639777525309,0.016459930994694425,0.27666666666666667,0.06333333333333334,1.3077051996748648,2.2577433653626233
SEAS,MLPQR_CAL,A4,S_gls_b,0.5561592592592594,0.01651005056162228,0.5554740959686888,0.020021927659055902,0.07444444444444444,0.020092379244472356,1.4854539999292724,1.8262908782543976
SEAS,MLPQR_CAL,A4,S_gls_ema,0.5618444444444445,0.012929672066726456,0.5691856305262943,0.016126776948176227,0.08888888888888889,0.029122983160180346,1.0240925981533453,1.2245971668961244
SEAS,MLPQR_CAL,A4,S_gls_emp,0.5733592592592592,0.006898204573470448,0.5788163568245019,0.0029616544314457083,0.10444444444444445,0.013471506281091271,0.8048471645533378,0.9916980725749909
SEAS,MLPQR_CAL,A4,S_gls_hybrid,0.570662962962963,0.01581639379748757,0.575800477391398,0.014299982921737106,0.09444444444444444,0.010715167512214399,0.8782413380248949,1.0783027415908357
SEAS,MLPQR_CAL,A4,S_gls_pert,0.5538333333333333,0.015838821660872936,0.5552309753656468,0.02061236992117344,0.07666666666666667,0.018559214542766742,1.494270731569241,1.8302788029057926
SEAS,MLPQR_CAL,A4,S_gls_pool,0.5595444444444445,0.011662703030400326,0.5701891883893223,0.008999451172064526,0.09999999999999999,0.012018504251546628,0.9782522737713545,1.1696208532644112
SEAS,MLPQR_CAL,A4,S_maha,0.852562962962963,0.02255286336788602,0.8214005634619815,0.03911145203689767,0.3788888888888889,0.09365025558091325,28.43583334306535,49.71780023145393
SEAS,MLPQR_CAL,A4,S_max,0.7822629629629629,0.020950275001387075,0.7441413565516521,0.02517600446437485,0.22333333333333336,0.0829323686974982,1.8749001775445446,2.1991659465339697
SEAS,MLPQR_CAL,A4,S_max_raw,0.8089148148148149,0.027030253588405356,0.7994719667289948,0.03656634998244516,0.33,0.06691619966628241,3.3034749848867055,4.7405564537366995
SEAS,MLPQR_CAL,A4,S_mean,0.5443851851851852,0.01111622845120704,0.5594107250093148,0.011341912927954927,0.09999999999999999,0.012018504251546623,1.997518131142397,2.3037566807044363
SEAS,ORACLE,A0,S_band,0.003888888888888905,0.0009622504486493665,0.5,0.0,0.0,0.0,0.1960763888888889,0.0
SEAS,ORACLE,A0,S_chi2,0.9877777777777778,0.010183501544346371,0.9879918159443938,0.009909010373072237,1.0,0.0,1.1857966706256924,4.0
SEAS,ORACLE,A0,S_gls_b,0.0,0.0,0.5,0.0,0.0,0.0,0.7737292848705887,0.0
SEAS,ORACLE,A0,S_gls_ema,0.0,0.0,0.5,0.0,0.0,0.0,0.7805997781085714,0.0
SEAS,ORACLE,A0,S_gls_emp,0.0,0.0,0.5,0.0,0.0,0.0,0.8023617839433093,0.0
SEAS,ORACLE,A0,S_gls_hybrid,0.0,0.0,0.5,0.0,0.0,0.0,0.7842091741783569,0.0
SEAS,ORACLE,A0,S_gls_pert,0.0,0.0,0.5,0.0,0.0,0.0,0.7805997781085714,0.0
SEAS,ORACLE,A0,S_gls_pool,0.0,0.0,0.5,0.0,0.0,0.0,0.7805997781085713,0.0
SEAS,ORACLE,A0,S_maha,0.0,0.0,0.5,0.0,0.0,0.0,28.401146020418953,0.0
SEAS,ORACLE,A0,S_max,0.0,0.0,0.5,0.0,0.0,0.0,2.0877982694339656,0.0
SEAS,ORACLE,A0,S_max_raw,0.0,0.0,0.5,0.0,0.0,0.0,2.179456237279195,0.0
SEAS,ORACLE,A0,S_mean,0.0,0.0,0.5,0.0,0.0,0.0,1.7566895445870074,0.0
SEAS,ORACLE,A1,S_band,0.003888888888888905,0.0009622504486493665,0.5,0.0,0.0,0.0,0.1960763888888889,0.0
SEAS,ORACLE,A1,S_chi2,0.8711111111111111,0.03532914021241032,0.8288662409096258,0.03588222079541687,0.0,0.0,1.1857966706256924,2.047245382619834
SEAS,ORACLE,A1,S_gls_b,0.9344444444444444,0.010183501544346295,0.8350351776320967,0.01697733692965071,0.0,0.0,0.7737292848705887,1.8150549926876536
SEAS,ORACLE,A1,S_gls_ema,0.9366666666666666,0.013333333333333308,0.8613556593643644,0.030854388696256656,0.3333333333333333,0.5773502691896258,0.7805997781085714,1.8336582560020147
SEAS,ORACLE,A1,S_gls_emp,0.9322222222222223,0.010183501544346316,0.8949751964505009,0.02696767313993982,0.0,0.0,0.8023617839433093,1.8507816253628364
SEAS,ORACLE,A1,S_gls_hybrid,0.9366666666666666,0.015275252316519468,0.8514403838484302,0.029651076767027603,0.3333333333333333,0.5773502691896258,0.7842091741783569,1.8334797068469573
SEAS,ORACLE,A1,S_gls_pert,0.9366666666666666,0.013333333333333308,0.8398135529229126,0.023837992244428435,0.3333333333333333,0.5773502691896258,0.7805997781085714,1.8336582560020143
SEAS,ORACLE,A1,S_gls_pool,0.9366666666666666,0.013333333333333308,0.9042817967652116,0.016868456181848256,0.3333333333333333,0.5773502691896258,0.7805997781085713,1.8336582560020143
SEAS,ORACLE,A1,S_maha,0.0,0.0,0.3128965841875216,0.0003758751413189007,0.0,0.0,28.401146020418953,3.3623025998043485
SEAS,ORACLE,A1,S_max,0.0,0.0,0.41879379196993266,0.001004318936835431,0.0,0.0,2.0877982694339656,0.6987049837700043
SEAS,ORACLE,A1,S_max_raw,0.0,0.0,0.38838451675079533,0.0023969441890947657,0.0,0.0,2.179456237279195,0.7000106374674201
SEAS,ORACLE,A1,S_mean,0.9344444444444444,0.015030832509409592,0.93699918022568,0.013700723756946191,0.3333333333333333,0.5773502691896258,1.7566895445870074,3.952472256580853
SEAS,ORACLE,A1p,S_band,0.003888888888888905,0.0009622504486493665,0.5,0.0,0.0,0.0,0.1960763888888889,0.0
SEAS,ORACLE,A1p,S_chi2,0.9655555555555555,0.01835856849095364,0.9601830788688309,0.018921719102922518,0.6666666666666666,0.5773502691896258,1.1857966706256924,2.9554910915268695
SEAS,ORACLE,A1p,S_gls_b,0.85,0.01452966314513562,0.7113968247765131,0.016583569988804118,0.0,0.0,0.7737292848705887,1.384322903421145
SEAS,ORACLE,A1p,S_gls_ema,0.84,0.014529663145135553,0.75314673835822,0.026237072704340197,0.0,0.0,0.7805997781085714,1.3703250861972809
SEAS,ORACLE,A1p,S_gls_emp,0.8477777777777779,0.018358568490953738,0.7722173193361339,0.04541787995883779,0.0,0.0,0.8023617839433093,1.3819292311934708
SEAS,ORACLE,A1p,S_gls_hybrid,0.8455555555555555,0.022194427061598018,0.7201257636116875,0.026823898650329338,0.0,0.0,0.7842091741783569,1.3696573252883777
SEAS,ORACLE,A1p,S_gls_pert,0.84,0.014529663145135553,0.7031495245249001,0.015251679201763726,0.0,0.0,0.7805997781085714,1.3703250861972807
SEAS,ORACLE,A1p,S_gls_pool,0.84,0.014529663145135553,0.7867910269021355,0.01642241240233334,0.0,0.0,0.7805997781085713,1.3703250861972804
SEAS,ORACLE,A1p,S_maha,0.0,0.0,0.3150856056315283,0.0005034186827416563,0.0,0.0,28.401146020418953,1.9163515018166473
SEAS,ORACLE,A1p,S_max,0.0,0.0,0.4988916744059373,0.0004787102094634455,0.0,0.0,2.0877982694339656,0.6987049837700042
SEAS,ORACLE,A1p,S_max_raw,0.0,0.0,0.3924898968038579,0.0021708570755328204,0.0,0.0,2.179456237279195,0.70001063746742
SEAS,ORACLE,A1p,S_mean,0.8177777777777777,0.020367003088692617,0.8408639256400138,0.015134314884153715,0.0,0.0,1.7566895445870074,2.8832464076937154
SEAS,ORACLE,A2,S_band,0.6263425925925926,0.017760333744964045,0.6338180459582928,0.007105538774792225,0.1511111111111111,0.018358568490953672,0.1960763888888889,0.2513541666666667
SEAS,ORACLE,A2,S_chi2,0.5588222222222222,0.03198455066874437,0.605034178353253,0.02365639888707992,0.17888888888888888,0.032716515254078794,1.1857966706256924,1.5856096433736189
SEAS,ORACLE,A2,S_gls_b,0.7258444444444444,0.03214804488804039,0.7415824831792458,0.025142016914915716,0.26,0.055075705472860996,0.7737292848705887,1.4085527086897975
SEAS,ORACLE,A2,S_gls_ema,0.7179777777777779,0.037365726687222336,0.7370145981340709,0.02812718822014238,0.26333333333333336,0.04841946348777985,0.7805997781085714,1.3977587729922376
SEAS,ORACLE,A2,S_gls_emp,0.7134851851851852,0.032035494075453814,0.7307261110993052,0.026873599133854602,0.25333333333333335,0.05507570547286101,0.8023617839433093,1.4169364586540798
SEAS,ORACLE,A2,S_gls_hybrid,0.7172148148148149,0.034787524962321126,0.7358091401316867,0.028104892077947433,0.2711111111111111,0.06274581290442444,0.7842091741783569,1.3992408821532347
SEAS,ORACLE,A2,S_gls_pert,0.7179777777777779,0.037365726687222336,0.7370145981340709,0.02812718822014238,0.26333333333333336,0.04841946348777985,0.7805997781085714,1.3977587729922372
SEAS,ORACLE,A2,S_gls_pool,0.7179777777777779,0.037365726687222336,0.7370145981340709,0.02812718822014238,0.26333333333333336,0.04841946348777985,0.7805997781085713,1.3977587729922376
SEAS,ORACLE,A2,S_maha,0.5629814814814814,0.006656402592485784,0.5622603833206719,0.00866633634108424,0.07444444444444444,0.01387777332977421,28.401146020418953,29.87420853835832
SEAS,ORACLE,A2,S_max,0.5633537037037036,0.025791013324659325,0.5566187331812565,0.015440170567984319,0.0,0.0,2.0877982694339656,2.23266743954438
SEAS,ORACLE,A2,S_max_raw,0.6127370370370371,0.01706603490343034,0.6052177241468232,0.002151072451155468,0.10555555555555556,0.0069388866648871,2.179456237279195,2.3778895760094727
SEAS,ORACLE,A2,S_mean,0.6942777777777778,0.040605833370387895,0.7199123397265064,0.027764911790650926,0.2511111111111111,0.06167417371723516,1.7566895445870074,2.990718200179568
SEAS,ORACLE,A3,S_band,0.571825925925926,0.003226933018799588,0.5480858431209185,0.00250444462611831,0.05666666666666667,0.0066666666666666645,0.1960763888888889,0.21993055555555555
SEAS,ORACLE,A3,S_chi2,0.44879444444444444,0.025540036350603014,0.48213525658736817,0.01751097551269084,0.07333333333333335,0.02403700850309326,1.1857966706256924,1.095933793320279
SEAS,ORACLE,A3,S_gls_b,0.5074203703703705,0.011413476620192153,0.5113286269415137,0.0030064678228253895,0.05333333333333334,0.010000000000000002,0.7737292848705887,0.7882143152309572
SEAS,ORACLE,A3,S_gls_ema,0.5037314814814815,0.0098883041857935,0.5071935835741798,0.0016120386549333984,0.049999999999999996,0.011547005383792516,0.7805997781085714,0.7863823353748879
SEAS,ORACLE,A3,S_gls_emp,0.50705,0.008495488999070808,0.5089390874340557,0.0039227427088552955,0.04888888888888889,0.010715167512214397,0.8023617839433093,0.8148618344386511
SEAS,ORACLE,A3,S_gls_hybrid,0.5044611111111111,0.009562503933671447,0.5069465109134381,0.0031751580757747003,0.052222222222222225,0.01071516751221439,0.7842091741783569,0.7918371411901441
SEAS,ORACLE,A3,S_gls_pert,0.5037314814814815,0.0098883041857935,0.5071935835741798,0.0016120386549333984,0.049999999999999996,0.011547005383792516,0.7805997781085714,0.7863823353748876
SEAS,ORACLE,A3,S_gls_pool,0.5037314814814815,0.0098883041857935,0.5071935835741798,0.0016120386549333984,0.049999999999999996,0.011547005383792516,0.7805997781085713,0.7863823353748877
SEAS,ORACLE,A3,S_maha,0.8830462962962963,0.004454908976821994,0.8919736451329657,0.002267225294417935,0.5299999999999999,0.018559214542766714,28.401146020418953,41.721059608389915
SEAS,ORACLE,A3,S_max,0.7156296296296296,0.013692088295545161,0.6544159342062756,0.012805023110784151,0.0,0.0,2.0877982694339656,2.469076385877454
SEAS,ORACLE,A3,S_max_raw,0.8382999999999999,0.01053510445728599,0.8527220804994684,0.010354293015036473,0.4777777777777778,0.038634085890474915,2.179456237279195,3.106050808853914
SEAS,ORACLE,A3,S_mean,0.49846851851851853,0.008835830068766341,0.502320867091852,0.0028722502385950866,0.06,0.0033333333333333366,1.7566895445870074,1.749555928049937
SEAS,ORACLE,A4,S_band,0.9193388888888888,0.01530825646667129,0.9081083884316582,0.018149735702754934,0.5922222222222223,0.08036951697788938,0.1960763888888889,0.41920138888888886
SEAS,ORACLE,A4,S_chi2,0.8885962962962962,0.006523502934388835,0.9147553670562294,0.008484484977674515,0.7288888888888888,0.05102650001424457,1.1857966706256924,4.240719215319076
SEAS,ORACLE,A4,S_gls_b,0.6256407407407408,0.02436579350245168,0.662680068112438,0.023842446875445088,0.18444444444444444,0.02116950987028627,0.7737292848705887,1.1717748403183876
SEAS,ORACLE,A4,S_gls_ema,0.6184333333333333,0.02782645290872482,0.6574158497414798,0.031107114057237813,0.1822222222222222,0.03355481971231445,0.7805997781085714,1.163867017409052
SEAS,ORACLE,A4,S_gls_emp,0.6198814814814815,0.024556712726211908,0.6595000654378901,0.03159307550541659,0.18666666666666668,0.031797973380564865,0.8023617839433093,1.2014853557725296
SEAS,ORACLE,A4,S_gls_hybrid,0.6193333333333334,0.024847135115678654,0.6590427246933525,0.03116284130562148,0.19111111111111112,0.03595264374969653,0.7842091741783569,1.1720391312058862
SEAS,ORACLE,A4,S_gls_pert,0.6184333333333333,0.02782645290872482,0.6574158497414798,0.031107114057237813,0.1822222222222222,0.03355481971231445,0.7805997781085714,1.163867017409052
SEAS,ORACLE,A4,S_gls_pool,0.6184333333333333,0.02782645290872482,0.6574158497414798,0.031107114057237813,0.1822222222222222,0.03355481971231445,0.7805997781085713,1.1638670174090517
SEAS,ORACLE,A4,S_maha,0.9928777777777777,0.0016071983137600503,0.9937384755461943,0.0014265989184285026,0.9577777777777778,0.0096225044864938,28.401146020418953,61.85151198367296
SEAS,ORACLE,A4,S_max,0.8457314814814815,0.003709956296260711,0.7729560004826975,0.0008333438305204756,0.0,0.0,2.0877982694339656,2.5469648019835804
SEAS,ORACLE,A4,S_max_raw,0.9262444444444444,0.00893719512991211,0.9297011377237165,0.005851225298090802,0.6699999999999999,0.02962731472438528,2.179456237279195,3.470120644107409
SEAS,ORACLE,A4,S_mean,0.6103185185185185,0.03067125636615146,0.6489980999149306,0.0361883546576355,0.19333333333333333,0.062449979983983966,1.7566895445870074,2.5559033791840395
WN,MLPQR,A0,S_band,0.009433333333333328,0.0013510284148668956,0.48073392093591755,0.007105832334959255,0.0011111111111111111,0.0019245008972987529,0.22947916666666668,0.005833333333333334
WN,MLPQR,A0,S_chi2,0.9439740740740742,0.0064403275483503955,0.8992987035758878,0.021218661109668965,0.7922222222222222,0.025458753860865706,1.129686591111345,3.2769858936823635
WN,MLPQR,A0,S_gls_b,0.4566037037037038,0.006219486832601675,0.469581153107417,0.0059587871623605956,0.03,0.016666666666666663,1.905992092544249,1.6028646442477683
WN,MLPQR,A0,S_gls_ema,0.4600740740740741,0.012749777695149052,0.47311984990181005,0.0034934021496382042,0.042222222222222223,0.0069388866648871115,0.8664921427790935,0.7790052780206946
WN,MLPQR,A0,S_gls_emp,0.44303703703703706,0.015004708451688244,0.46082810519630374,0.008376723054903803,0.02777777777777778,0.011706281947614153,0.9095832939221776,0.7746713185530109
WN,MLPQR,A0,S_gls_hybrid,0.4468888888888889,0.023985929517423635,0.4572948126747763,0.006341272107545559,0.02777777777777778,0.00693888666488711,0.890733556148484,0.7529253024716712
WN,MLPQR,A0,S_gls_pert,0.45990000000000003,0.013121667125336882,0.4712236227456425,0.0080983484248303,0.03,0.016666666666666663,1.8884231392108382,1.5955337476331348
WN,MLPQR,A0,S_gls_pool,0.4595037037037037,0.013058734049647507,0.4700979185667999,0.00469109156847151,0.03777777777777778,0.018954135676924427,0.6775142615391383,0.5984839273015021
WN,MLPQR,A0,S_maha,0.03686296296296296,0.005991107951422398,0.3099842943128409,0.0005460412519756906,0.0011111111111111111,0.0019245008972987529,70.90793493681443,8.719460516059504
WN,MLPQR,A0,S_max,0.0015166666666666664,0.0010033431770158192,0.3076980275862215,2.656805321154019e-06,0.0,0.0,2.3736270751136814,0.7115949046785452
WN,MLPQR,A0,S_max_raw,0.0021555555555555555,0.00042353596783435373,0.3077100526368258,1.2852157838986769e-05,0.0,0.0,2.527657097571868,0.7391018091609268
WN,MLPQR,A0,S_mean,0.4658037037037037,0.011059013045806825,0.4790146553859362,0.006231385946693601,0.04,0.02,1.5633695725593497,1.4264026261761105
WN,MLPQR,A1,S_band,0.18049259259259257,0.00924792324590445,0.47777055978422517,0.012381675117059761,0.09555555555555556,0.013877773329774221,0.22947916666666668,0.10121527777777778
WN,MLPQR,A1,S_chi2,0.7373111111111111,0.0030445052710874106,0.7288973537321941,0.011457998581171826,0.25,0.025166114784235805,1.129686591111345,2.087755852209517
WN,MLPQR,A1,S_gls_b,0.7246296296296296,0.0017180714616468029,0.7376577139491998,0.006673929357792255,0.2544444444444444,0.008388704928078602,1.905992092544249,5.204112911677094
WN,MLPQR,A1,S_gls_ema,0.8341407407407407,0.00571943117837035,0.8206049769898288,0.02417701917793688,0.3811111111111111,0.10335125292651987,0.8664921427790935,2.239351316692496
WN,MLPQR,A1,S_gls_emp,0.8563777777777778,0.017345348399819244,0.8513344228467612,0.023850018826966787,0.5022222222222222,0.021430335024428745,0.9095832939221776,2.2631716249971987
WN,MLPQR,A1,S_gls_hybrid,0.8313666666666667,0.00935763370954301,0.8497089748718207,0.006189998505087388,0.47333333333333333,0.03282952600598702,0.890733556148484,2.3318992229708297
WN,MLPQR,A1,S_gls_pert,0.7250925925925927,0.0024414459724135928,0.7379247005698915,0.006309881045811435,0.2544444444444444,0.008388704928078602,1.8884231392108382,5.187641945200759
WN,MLPQR,A1,S_gls_pool,0.8654481481481481,0.011987000846767772,0.8609546129984867,0.01948966481924123,0.5333333333333333,0.0033333333333332993,0.6775142615391383,1.7614389969436306
WN,MLPQR,A1,S_maha,0.24304814814814812,0.011267019133941722,0.4675138132779111,0.01584458146380732,0.13777777777777778,0.02036700308869263,70.90793493681443,61.46577462262974
WN,MLPQR,A1,S_max,0.014496296296296297,0.004101886547800755,0.30845424350227796,0.00031646323896087817,0.0,0.0,2.3736270751136814,1.1619341074078533
WN,MLPQR,A1,S_max_raw,0.03186666666666667,0.006920206590793316,0.3095379221570908,0.0005164818443196917,0.0,0.0,2.527657097571868,1.2172861562933408
WN,MLPQR,A1,S_mean,0.8594111111111111,0.01075695009324861,0.860389849111581,0.017232263612747014,0.51,0.00666666666666671,1.5633695725593497,4.02740824329573
WN,MLPQR,A1p,S_band,0.18049259259259257,0.00924792324590445,0.47777055978422517,0.012381675117059761,0.09555555555555556,0.013877773329774221,0.22947916666666668,0.10121527777777778
WN,MLPQR,A1p,S_chi2,0.7373111111111111,0.0030445052710874106,0.7288973537321941,0.011457998581171826,0.25,0.025166114784235805,1.129686591111345,2.087755852209517
WN,MLPQR,A1p,S_gls_b,0.7246296296296296,0.0017180714616468029,0.7376577139491998,0.006673929357792255,0.2544444444444444,0.008388704928078602,1.905992092544249,5.204112911677094
WN,MLPQR,A1p,S_gls_ema,0.8341407407407407,0.00571943117837035,0.8206049769898288,0.02417701917793688,0.3811111111111111,0.10335125292651987,0.8664921427790935,2.239351316692496
WN,MLPQR,A1p,S_gls_emp,0.8563777777777778,0.017345348399819244,0.8513344228467612,0.023850018826966787,0.5022222222222222,0.021430335024428745,0.9095832939221776,2.2631716249971987
WN,MLPQR,A1p,S_gls_hybrid,0.8313666666666667,0.00935763370954301,0.8497089748718207,0.006189998505087388,0.47333333333333333,0.03282952600598702,0.890733556148484,2.3318992229708297
WN,MLPQR,A1p,S_gls_pert,0.7250925925925927,0.0024414459724135928,0.7379247005698915,0.006309881045811435,0.2544444444444444,0.008388704928078602,1.8884231392108382,5.187641945200759
WN,MLPQR,A1p,S_gls_pool,0.8654481481481481,0.011987000846767772,0.8609546129984867,0.01948966481924123,0.5333333333333333,0.0033333333333332993,0.6775142615391383,1.7614389969436306
WN,MLPQR,A1p,S_maha,0.24304814814814812,0.011267019133941722,0.4675138132779111,0.01584458146380732,0.13777777777777778,0.02036700308869263,70.90793493681443,61.46577462262974
WN,MLPQR,A1p,S_max,0.014496296296296297,0.004101886547800755,0.30845424350227796,0.00031646323896087817,0.0,0.0,2.3736270751136814,1.1619341074078533
WN,MLPQR,A1p,S_max_raw,0.03186666666666667,0.006920206590793316,0.3095379221570908,0.0005164818443196917,0.0,0.0,2.527657097571868,1.2172861562933408
WN,MLPQR,A1p,S_mean,0.8594111111111111,0.01075695009324861,0.860389849111581,0.017232263612747014,0.51,0.00666666666666671,1.5633695725593497,4.02740824329573
WN,MLPQR,A2,S_band,0.7118907407407408,0.009675047984270784,0.7265916146963782,0.00795642281009431,0.27999999999999997,0.03844187531556931,0.22947916666666668,0.3242361111111111
WN,MLPQR,A2,S_chi2,0.6997814814814816,0.031159161966997747,0.7361619029057801,0.012905691956640849,0.31,0.021858128414339976,1.129686591111345,2.3663478948914034
WN,MLPQR,A2,S_gls_b,0.7196629629629628,0.002634747237234625,0.7320279577523338,0.009863044117153079,0.24666666666666667,0.020816659994661306,1.905992092544249,5.047927715402509
WN,MLPQR,A2,S_gls_ema,0.822425925925926,0.009365700051174024,0.8122370185765156,0.025454097614507353,0.37777777777777777,0.09008226692759685,0.8664921427790935,2.1873620673673035
WN,MLPQR,A2,S_gls_emp,0.8394333333333334,0.019455174817011815,0.8414587224983018,0.021057133490597086,0.48333333333333334,0.026034165586355518,0.9095832939221776,2.2137330134921336
WN,MLPQR,A2,S_gls_hybrid,0.8194703703703704,0.009960820367160195,0.8402709448103636,0.004304705676713224,0.44555555555555554,0.01387777332977423,0.890733556148484,2.2862491110039733
WN,MLPQR,A2,S_gls_pert,0.7184703703703703,0.0010458815959549683,0.7313967660624116,0.0087378510043378,0.24666666666666667,0.020816659994661306,1.8884231392108382,5.028051932546301
WN,MLPQR,A2,S_gls_pool,0.8507777777777777,0.011520293420474514,0.8512036540338747,0.017058279860900992,0.5166666666666667,0.011547005383792535,0.6775142615391383,1.7206587746338677
WN,MLPQR,A2,S_maha,0.6219962962962963,0.015124737864612726,0.6527134393566842,0.010865123178826356,0.1822222222222222,0.015396007178390023,70.90793493681443,114.38676996185983
WN,MLPQR,A2,S_max,0.4115037037037037,0.017122580331294886,0.5006807821817639,0.00830614277607308,0.0,0.0,2.3736270751136814,2.455485427118119
WN,MLPQR,A2,S_max_raw,0.6537888888888889,0.016984448224228003,0.6624051369334429,0.016962026885090298,0.16222222222222224,0.052103884834192676,2.527657097571868,2.89446241181293
WN,MLPQR,A2,S_mean,0.8470962962962963,0.010312651545213911,0.8494617752911621,0.01511481139115509,0.4811111111111111,0.034694433324435565,1.5633695725593497,3.905770103252944
WN,MLPQR,A3,S_band,0.5768518518518518,0.005217522510949285,0.554649449749293,0.004739754573787624,0.05555555555555556,0.016777409856157225,0.22947916666666668,0.25361111111111106
WN,MLPQR,A3,S_chi2,0.5498333333333334,0.011269272928884095,0.5630955613404374,0.003992171456842528,0.09777777777777778,0.01170628194761415,1.129686591111345,1.3579095340829126
WN,MLPQR,A3,S_gls_b,0.5149351851851852,0.00247576109592884,0.5199860114504476,0.004101539649539615,0.05777777777777778,0.005091750772173155,1.905992092544249,2.0429441417075673
WN,MLPQR,A3,S_gls_ema,0.506898148148148,0.0033473609161368974,0.5087137286961944,0.00226695341142261,0.05444444444444444,0.008388704928078614,0.8664921427790935,0.8840453070214461
WN,MLPQR,A3,S_gls_emp,0.4996351851851852,0.0043735820747539825,0.5057875904899612,0.0003577835004237162,0.052222222222222225,0.0050917507721731535,0.9095832939221776,0.9143028533307102
WN,MLPQR,A3,S_gls_hybrid,0.507375925925926,0.0024138894216424907,0.5154069168911299,0.0033999451873544828,0.07,0.010000000000000007,0.890733556148484,0.920968767659545
WN,MLPQR,A3,S_gls_pert,0.5128055555555555,0.001002820097598884,0.5187775256979414,0.004290975783409627,0.05777777777777778,0.005091750772173155,1.8884231392108382,2.0178494094829063
WN,MLPQR,A3,S_gls_pool,0.5070685185185185,0.0014849484894974684,0.5071106315188177,0.0016060305161091238,0.05666666666666667,0.014529663145135579,0.6775142615391383,0.6875807408350817
WN,MLPQR,A3,S_maha,0.5970055555555556,0.006174262089163325,0.5747136672198346,0.006635321578064407,0.07666666666666666,0.0,70.90793493681443,84.06130334380363
WN,MLPQR,A3,S_max,0.5770277777777778,0.010710482923026553,0.5455578181972514,0.006923151495593555,0.0,0.0,2.3736270751136814,2.563734096730129
WN,MLPQR,A3,S_max_raw,0.8821611111111111,0.005495511636612908,0.8982433371055216,0.005365125558879096,0.5988888888888889,0.04194352464039304,2.527657097571868,4.007377550591889
WN,MLPQR,A3,S_mean,0.5039537037037037,0.007121607560002342,0.5059294899460363,0.0012507882356879924,0.05333333333333334,0.006666666666666666,1.5633695725593497,1.5766057826566529
WN,MLPQR,A4,S_band,0.9271148148148148,0.0003675634375974662,0.9078209772442173,0.0023171246502832737,0.6111111111111112,0.05295001136641706,0.22947916666666668,0.42791666666666667
WN,MLPQR,A4,S_chi2,0.9547222222222222,0.001526555066275187,0.9518071010927097,0.003085894119221637,0.8122222222222222,0.008388704928078587,1.129686591111345,4.671845475616696
WN,MLPQR,A4,S_gls_b,0.5587333333333334,0.008943450600410052,0.553006205409554,0.006457815542310195,0.06555555555555555,0.012619796324000617,1.905992092544249,2.3681315847731246
WN,MLPQR,A4,S_gls_ema,0.5474222222222221,0.000996723025781712,0.545307277241479,0.005134015085559422,0.08444444444444443,0.00838870492807862,0.8664921427790935,0.9927035367237563
WN,MLPQR,A4,S_gls_emp,0.5531555555555555,0.012281216210332698,0.5491947591978702,0.01311396445016558,0.08333333333333333,0.008819171036881967,0.9095832939221776,1.042616614318119
WN,MLPQR,A4,S_gls_hybrid,0.5575592592592593,0.002668756896850233,0.5577511827478864,0.004340759614978035,0.08222222222222221,0.012619796324000605,0.890733556148484,1.0488900334604836
WN,MLPQR,A4,S_gls_pert,0.5517,0.008439464906096487,0.5491944190643488,0.006621679532701088,0.06555555555555555,0.012619796324000617,1.8884231392108382,2.3208702391388294
WN,MLPQR,A4,S_gls_pool,0.5528259259259259,0.008840034727973027,0.5478055999468304,0.005377732157995698,0.09222222222222222,0.012619796324000614,0.6775142615391383,0.7805604952923777
WN,MLPQR,A4,S_maha,0.8399592592592593,0.003196339212621234,0.7965011045819047,0.008102185915586271,0.2288888888888889,0.01835856849095368,70.90793493681443,143.31934446408323
WN,MLPQR,A4,S_max,0.7458648148148148,0.018361083655495828,0.6646050226034051,0.016541253173214147,0.0,0.0,2.3736270751136814,2.5729991779040926
WN,MLPQR,A4,S_max_raw,0.904411111111111,0.012001666550942064,0.9024092525992646,0.015913790202037446,0.56,0.07234178138070237,2.527657097571868,3.8126001724943492
WN,MLPQR,A4,S_mean,0.5362777777777777,0.010303762946816938,0.5356105061461873,0.007240360884899113,0.06555555555555555,0.01261979632400061,1.5633695725593497,1.7286666982322407
WN,MLPQR_CAL,A0,S_band,0.006959259259259253,0.002226539787173884,0.4872838907099914,0.007110879137833509,0.0011111111111111111,0.0019245008972987529,0.20489583333333336,0.003923611111111111
WN,MLPQR_CAL,A0,S_chi2,0.9641851851851851,0.007878258356547539,0.9343977133503172,0.02089216611953179,0.9066666666666666,0.0066666666666666125,1.0137557613602897,3.323918830434817
WN,MLPQR_CAL,A0,S_gls_b,0.45564444444444446,0.007100399919183877,0.4702459920498632,0.005211179731432056,0.03222222222222222,0.013471506281091268,1.8273111024462443,1.5500147352216107
WN,MLPQR_CAL,A0,S_gls_ema,0.4619962962962963,0.014945375160333929,0.4740042720927233,0.0022912923412096702,0.042222222222222223,0.0038490017945975057,0.8296488593785981,0.7496846743960356
WN,MLPQR_CAL,A0,S_gls_emp,0.44606666666666667,0.01462038573404775,0.4624023423037265,0.008053098196889126,0.03333333333333333,0.005773502691896256,0.8685886865870879,0.7451870535916648
WN,MLPQR_CAL,A0,S_gls_hybrid,0.449262962962963,0.022464834888873807,0.45965601630434955,0.0050213839912833,0.02666666666666667,0.00881917103688197,0.8511619811290041,0.7249381954868305
WN,MLPQR_CAL,A0,S_gls_pert,0.4599666666666667,0.013020724221765053,0.47214434118156223,0.007537547254904661,0.031111111111111114,0.015030832509409647,1.808398660642614,1.5425841420990933
WN,MLPQR_CAL,A0,S_gls_pool,0.46055555555555555,0.014641864551035255,0.4717329290959995,0.004732437532231342,0.042222222222222223,0.011706281947614156,0.6455940984146168,0.5740824502261844
WN,MLPQR_CAL,A0,S_maha,0.03940740740740741,0.008396650811839632,0.31039608320310935,0.001022425110541243,0.0011111111111111111,0.0019245008972987529,65.00641142960293,8.331483167628514
WN,MLPQR_CAL,A0,S_max,0.001216666666666666,0.0007822687801800897,0.30769811737914515,4.549798602289888e-06,0.0,0.0,2.2911265546329225,0.6956489128290327
WN,MLPQR_CAL,A0,S_max_raw,0.0021555555555555555,0.00042353596783435373,0.3077100526368258,1.2852157838986769e-05,0.0,0.0,2.527657097571868,0.7391018091609268
WN,MLPQR_CAL,A0,S_mean,0.4658333333333333,0.01023180106757456,0.4790338947604111,0.006191403761390534,0.04111111111111111,0.016777409856157218,1.4987610808357046,1.3701344452278477
WN,MLPQR_CAL,A1,S_band,0.1603851851851852,0.014975651362957686,0.4736755529656717,0.009882730729168617,0.08444444444444443,0.00838870492807862,0.20489583333333336,0.08361111111111112
WN,MLPQR_CAL,A1,S_chi2,0.7692407407407407,0.005053324701123003,0.7794957879517422,0.01783097631361792,0.41888888888888887,0.02219442706159798,1.0137557613602897,2.077318738818954
WN,MLPQR_CAL,A1,S_gls_b,0.7305962962962962,0.006309725330381319,0.7418137620442705,0.007515298113203111,0.25555555555555554,0.008388704928078602,1.8273111024462443,5.06193896217211
WN,MLPQR_CAL,A1,S_gls_ema,0.8430037037037037,0.0036315036734169944,0.8283810868730841,0.021771281453786102,0.4144444444444444,0.08009253907084489,0.8296488593785981,2.1952337904493615
WN,MLPQR_CAL,A1,S_gls_emp,0.8658851851851851,0.019787208529733917,0.8620066126695883,0.024228231581614617,0.5177777777777778,0.03564225540521206,0.8685886865870879,2.2236741853418955
WN,MLPQR_CAL,A1,S_gls_hybrid,0.8398296296296297,0.012530034698568263,0.8563322246608321,0.0067814907572345115,0.4855555555555555,0.041677776296691185,0.8511619811290041,2.2830177537673433
WN,MLPQR_CAL,A1,S_gls_pert,0.7323629629629629,0.0020629696123304854,0.7425866114107599,0.0060275530412905,0.25555555555555554,0.008388704928078602,1.808398660642614,5.050913732085305
WN,MLPQR_CAL,A1,S_gls_pool,0.8738148148148147,0.014705492940862012,0.8703981766229664,0.020464553501078047,0.5611111111111111,0.023648662948658614,0.6455940984146168,1.7239204400792465
WN,MLPQR_CAL,A1,S_maha,0.24643703703703704,0.014353957312705794,0.47077300426591245,0.019087565889996834,0.13888888888888887,0.02009237924447236,65.00641142960293,57.90666393026086
WN,MLPQR_CAL,A1,S_max,0.018029629629629628,0.006668308439818876,0.30872137738409494,0.0004760803867991046,0.0,0.0,2.2911265546329225,1.1467005676138464
WN,MLPQR_CAL,A1,S_max_raw,0.03186666666666667,0.006920206590793316,0.3095379221570908,0.0005164818443196917,0.0,0.0,2.527657097571868,1.2172861562933408
WN,MLPQR_CAL,A1,S_mean,0.8657666666666667,0.014514645647469628,0.8677957283615946,0.018743199233812922,0.5244444444444444,0.00693888666488704,1.4987610808357046,3.934843515505229
WN,MLPQR_CAL,A1p,S_band,0.1603851851851852,0.014975651362957686,0.4736755529656717,0.009882730729168617,0.08444444444444443,0.00838870492807862,0.20489583333333336,0.08361111111111112
WN,MLPQR_CAL,A1p,S_chi2,0.7692407407407407,0.005053324701123003,0.7794957879517422,0.01783097631361792,0.41888888888888887,0.02219442706159798,1.0137557613602897,2.077318738818954
WN,MLPQR_CAL,A1p,S_gls_b,0.7305962962962962,0.006309725330381319,0.7418137620442705,0.007515298113203111,0.25555555555555554,0.008388704928078602,1.8273111024462443,5.06193896217211
WN,MLPQR_CAL,A1p,S_gls_ema,0.8430037037037037,0.0036315036734169944,0.8283810868730841,0.021771281453786102,0.4144444444444444,0.08009253907084489,0.8296488593785981,2.1952337904493615
WN,MLPQR_CAL,A1p,S_gls_emp,0.8658851851851851,0.019787208529733917,0.8620066126695883,0.024228231581614617,0.5177777777777778,0.03564225540521206,0.8685886865870879,2.2236741853418955
WN,MLPQR_CAL,A1p,S_gls_hybrid,0.8398296296296297,0.012530034698568263,0.8563322246608321,0.0067814907572345115,0.4855555555555555,0.041677776296691185,0.8511619811290041,2.2830177537673433
WN,MLPQR_CAL,A1p,S_gls_pert,0.7323629629629629,0.0020629696123304854,0.7425866114107599,0.0060275530412905,0.25555555555555554,0.008388704928078602,1.808398660642614,5.050913732085305
WN,MLPQR_CAL,A1p,S_gls_pool,0.8738148148148147,0.014705492940862012,0.8703981766229664,0.020464553501078047,0.5611111111111111,0.023648662948658614,0.6455940984146168,1.7239204400792465
WN,MLPQR_CAL,A1p,S_maha,0.24643703703703704,0.014353957312705794,0.47077300426591245,0.019087565889996834,0.13888888888888887,0.02009237924447236,65.00641142960293,57.90666393026086
WN,MLPQR_CAL,A1p,S_max,0.018029629629629628,0.006668308439818876,0.30872137738409494,0.0004760803867991046,0.0,0.0,2.2911265546329225,1.1467005676138464
WN,MLPQR_CAL,A1p,S_max_raw,0.03186666666666667,0.006920206590793316,0.3095379221570908,0.0005164818443196917,0.0,0.0,2.527657097571868,1.2172861562933408
WN,MLPQR_CAL,A1p,S_mean,0.8657666666666667,0.014514645647469628,0.8677957283615946,0.018743199233812922,0.5244444444444444,0.00693888666488704,1.4987610808357046,3.934843515505229
WN,MLPQR_CAL,A2,S_band,0.7193,0.005133417507727398,0.7332966261335846,0.005011201079200396,0.29333333333333333,0.035118845842842465,0.20489583333333336,0.300625
WN,MLPQR_CAL,A2,S_chi2,0.6840777777777779,0.031199871398911932,0.7276528126554412,0.014162188950293716,0.32,0.0057735026918962675,1.0137557613602897,2.0366006033366912
WN,MLPQR_CAL,A2,S_gls_b,0.7259333333333333,0.005198872147393013,0.7362116838978258,0.009488777495716059,0.24888888888888885,0.019531550923607723,1.8273111024462443,4.909603421804332
WN,MLPQR_CAL,A2,S_gls_ema,0.8318703703703704,0.007263100835377077,0.8202168696215385,0.022923432789614805,0.41222222222222227,0.07676322421962611,0.8296488593785981,2.1433538331316186
WN,MLPQR_CAL,A2,S_gls_emp,0.8484518518518519,0.02025931376524592,0.8516699935308604,0.021006466500839437,0.49444444444444446,0.01503083250940964,0.8685886865870879,2.1724703872859243
WN,MLPQR_CAL,A2,S_gls_hybrid,0.828,0.014447328771851757,0.8471889628269178,0.006023373613173119,0.4566666666666667,0.02081665999466132,0.8511619811290041,2.236132828644067
WN,MLPQR_CAL,A2,S_gls_pert,0.7260370370370369,0.004090720201816209,0.7361992534200322,0.007854126393833243,0.24666666666666667,0.020816659994661313,1.808398660642614,4.893766912756111
WN,MLPQR_CAL,A2,S_gls_pool,0.8603518518518518,0.014664853984504232,0.8610541569653511,0.019107243416981914,0.5455555555555556,0.016777409856157246,0.6455940984146168,1.6829939881353144
WN,MLPQR_CAL,A2,S_maha,0.6246777777777778,0.01427562456742695,0.655427077907308,0.011827865740206667,0.1811111111111111,0.013471506281091259,65.00641142960293,106.0570100387725
WN,MLPQR_CAL,A2,S_max,0.635224074074074,0.01672645787380325,0.6206287488729701,0.03242845026451019,0.08666666666666667,0.05547772325697745,2.2911265546329225,2.4043681618801327
WN,MLPQR_CAL,A2,S_max_raw,0.6537888888888889,0.016984448224228003,0.6624051369334429,0.016962026885090298,0.16222222222222224,0.052103884834192676,2.527657097571868,2.89446241181293
WN,MLPQR_CAL,A2,S_mean,0.8538407407407407,0.014087426901596268,0.8572896532962665,0.017613490207177035,0.49444444444444446,0.025239592648001196,1.4987610808357046,3.815710468438205
WN,MLPQR_CAL,A3,S_band,0.5854648148148148,0.005325776861355954,0.5587981693764775,0.00303430535020951,0.061111111111111116,0.01835856849095368,0.20489583333333336,0.2298611111111111
WN,MLPQR_CAL,A3,S_chi2,0.5056574074074075,0.022131611332314047,0.5301898379057283,0.006027251084284765,0.09333333333333334,0.0033333333333333322,1.0137557613602897,1.0862121108390028
WN,MLPQR_CAL,A3,S_gls_b,0.5193240740740741,0.0012624971987908445,0.5230486172397747,0.0014178954819643785,0.056666666666666664,0.0033333333333333322,1.8273111024462443,1.9785752715833116
WN,MLPQR_CAL,A3,S_gls_ema,0.51085,0.002827559476402256,0.512553102285276,0.0024730655988277096,0.05555555555555556,0.010183501544346312,0.8296488593785981,0.8587847872096935
WN,MLPQR_CAL,A3,S_gls_emp,0.5064092592592593,0.002060432153320342,0.5106897769871245,0.0010116780959038986,0.05666666666666667,0.005773502691896256,0.8685886865870879,0.8874382966367679
WN,MLPQR_CAL,A3,S_gls_hybrid,0.5097537037037037,0.0020919771300750675,0.5189246356640024,0.0018785136918272858,0.06888888888888889,0.006938886664887108,0.8511619811290041,0.8891499045086612
WN,MLPQR_CAL,A3,S_gls_pert,0.5174240740740741,0.002490812335471147,0.5219362862677461,0.001163133818742881,0.056666666666666664,0.0033333333333333322,1.808398660642614,1.952331477180506
WN,MLPQR_CAL,A3,S_gls_pool,0.5129092592592593,0.0025902257714965683,0.5121545385041535,0.003322252949803323,0.06444444444444446,0.0050917507721731595,0.6455940984146168,0.6653443827171889
WN,MLPQR_CAL,A3,S_maha,0.5966907407407408,0.005928879761501095,0.5752963764653335,0.005261753880010287,0.07333333333333333,0.0,65.00641142960293,77.2083708262599
WN,MLPQR_CAL,A3,S_max,0.697925925925926,0.009514142062054564,0.6332968436521281,0.01250569009532606,0.09333333333333334,0.015275252316519472,2.2911265546329225,2.4983829663755217
WN,MLPQR_CAL,A3,S_max_raw,0.8821611111111111,0.005495511636612908,0.8982433371055216,0.005365125558879096,0.5988888888888889,0.04194352464039304,2.527657097571868,4.007377550591889
WN,MLPQR_CAL,A3,S_mean,0.508275925925926,0.0057990003750468975,0.5094864434270714,0.0015885216593885462,0.05333333333333334,0.006666666666666666,1.4987610808357046,1.5299329955742902
WN,MLPQR_CAL,A4,S_band,0.9325222222222221,0.0010242582380784418,0.9126238691139009,0.00475262707953188,0.6311111111111111,0.03746603400019414,0.20489583333333336,0.40361111111111114
WN,MLPQR_CAL,A4,S_chi2,0.9396777777777778,0.002727726860805661,0.9439724813597016,0.0022230278253135235,0.8077777777777778,0.006938886664887101,1.0137557613602897,3.9262099862031388
WN,MLPQR_CAL,A4,S_gls_b,0.5577703703703704,0.00675092433847894,0.5524114773214869,0.006040281537398854,0.06888888888888889,0.012619796324000605,1.8273111024462443,2.264347139940768
WN,MLPQR_CAL,A4,S_gls_ema,0.5456814814814815,0.0021476755546557522,0.5445326590017818,0.0041249814457001875,0.08555555555555555,0.006938886664887113,0.8296488593785981,0.9484137299149312
WN,MLPQR_CAL,A4,S_gls_emp,0.5531962962962963,0.012301130798834685,0.5485107837027628,0.011108797672861105,0.07555555555555556,0.01071516751221439,0.8685886865870879,0.9956912788718922
WN,MLPQR_CAL,A4,S_gls_hybrid,0.557062962962963,0.005298035197573923,0.5567240408859447,0.003008608952996295,0.08,0.014529663145135575,0.8511619811290041,1.0006030875177552
WN,MLPQR_CAL,A4,S_gls_pert,0.5512518518518519,0.006265290760432176,0.54856674676084,0.00629358549010855,0.06888888888888889,0.012619796324000605,1.808398660642614,2.2172133798611458
WN,MLPQR_CAL,A4,S_gls_pool,0.5518222222222221,0.006627998971814236,0.546372778106775,0.003245834669846894,0.08888888888888889,0.003849001794597508,0.6455940984146168,0.7409985556928186
WN,MLPQR_CAL,A4,S_maha,0.8390444444444444,0.0017882676630101863,0.796116842498095,0.006471175162075326,0.21222222222222223,0.011706281947614146,65.00641142960293,131.52071089680473
WN,MLPQR_CAL,A4,S_max,0.8339777777777777,0.0016644522325881361,0.7776062370378632,0.003308725560146672,0.25222222222222224,0.005091750772173153,2.2911265546329225,2.5684909220665975
WN,MLPQR_CAL,A4,S_max_raw,0.904411111111111,0.012001666550942064,0.9024092525992646,0.015913790202037446,0.56,0.07234178138070237,2.527657097571868,3.8126001724943492
WN,MLPQR_CAL,A4,S_mean,0.5357888888888889,0.009643657161927234,0.534747130322833,0.005810992022871237,0.06555555555555555,0.016777409856157218,1.4987610808357046,1.6542175719550232
WN,ORACLE,A0,S_band,0.0005555555555555499,0.0009622504486493665,0.5,0.0,0.0,0.0,0.1975,0.0
WN,ORACLE,A0,S_chi2,1.0,0.0,1.0,0.0,1.0,0.0,0.7449265407034069,4.0
WN,ORACLE,A0,S_gls_b,0.0,0.0,0.5,0.0,0.0,0.0,0.768398298132409,0.0
WN,ORACLE,A0,S_gls_ema,0.0,0.0,0.5,0.0,0.0,0.0,0.768398298132409,0.0
WN,ORACLE,A0,S_gls_emp,0.0,0.0,0.5,0.0,0.0,0.0,0.8230246670259623,0.0
WN,ORACLE,A0,S_gls_hybrid,0.0,0.0,0.5,0.0,0.0,0.0,0.7820420061529356,0.0
WN,ORACLE,A0,S_gls_pert,0.0,0.0,0.5,0.0,0.0,0.0,0.768398298132409,0.0
WN,ORACLE,A0,S_gls_pool,0.0,0.0,0.5,0.0,0.0,0.0,0.768398298132409,0.0
WN,ORACLE,A0,S_maha,0.0,0.0,0.5,0.0,0.0,0.0,30.565497724173834,0.0
WN,ORACLE,A0,S_max,0.0,0.0,0.5,0.0,0.0,0.0,2.2382548180982025,0.0
WN,ORACLE,A0,S_max_raw,0.0,0.0,0.5,0.0,0.0,0.0,2.3406696123510837,0.0
WN,ORACLE,A0,S_mean,0.0,0.0,0.5,0.0,0.0,0.0,0.768398298132409,0.0
WN,ORACLE,A1,S_band,0.0005555555555555499,0.0009622504486493665,0.5,0.0,0.0,0.0,0.1975,0.0
WN,ORACLE,A1,S_chi2,0.9811111111111112,0.005091750772173167,0.981477653064769,0.004912489888652997,1.0,0.0,0.7449265407034069,2.047245382619833
WN,ORACLE,A1,S_gls_b,1.0,0.0,1.0,0.0,1.0,0.0,0.768398298132409,3.9524722565808506
WN,ORACLE,A1,S_gls_ema,1.0,0.0,1.0,0.0,1.0,0.0,0.768398298132409,3.9524722565808506
WN,ORACLE,A1,S_gls_emp,1.0,0.0,1.0,0.0,1.0,0.0,0.8230246670259623,4.158311807938656
WN,ORACLE,A1,S_gls_hybrid,1.0,0.0,1.0,0.0,1.0,0.0,0.7820420061529356,4.021004774311206
WN,ORACLE,A1,S_gls_pert,1.0,0.0,1.0,0.0,1.0,0.0,0.768398298132409,3.9524722565808506
WN,ORACLE,A1,S_gls_pool,1.0,0.0,1.0,0.0,1.0,0.0,0.768398298132409,3.9524722565808506
WN,ORACLE,A1,S_maha,0.008888888888888872,0.005091750772173164,0.5022343306843194,0.001283314098973226,0.0,0.0,30.565497724173834,15.622036939041328
WN,ORACLE,A1,S_max,0.0,0.0,0.5,0.0,0.0,0.0,2.2382548180982025,0.6987049837700042
WN,ORACLE,A1,S_max_raw,0.0,0.0,0.5,0.0,0.0,0.0,2.3406696123510837,0.70001063746742
WN,ORACLE,A1,S_mean,1.0,0.0,1.0,0.0,1.0,0.0,0.768398298132409,3.952472256580853
WN,ORACLE,A1p,S_band,0.0005555555555555499,0.0009622504486493665,0.5,0.0,0.0,0.0,0.1975,0.0
WN,ORACLE,A1p,S_chi2,0.9811111111111112,0.005091750772173167,0.981477653064769,0.004912489888652997,1.0,0.0,0.7449265407034069,2.047245382619833
WN,ORACLE,A1p,S_gls_b,1.0,0.0,1.0,0.0,1.0,0.0,0.768398298132409,3.9524722565808506
WN,ORACLE,A1p,S_gls_ema,1.0,0.0,1.0,0.0,1.0,0.0,0.768398298132409,3.9524722565808506
WN,ORACLE,A1p,S_gls_emp,1.0,0.0,1.0,0.0,1.0,0.0,0.8230246670259623,4.158311807938656
WN,ORACLE,A1p,S_gls_hybrid,1.0,0.0,1.0,0.0,1.0,0.0,0.7820420061529356,4.021004774311206
WN,ORACLE,A1p,S_gls_pert,1.0,0.0,1.0,0.0,1.0,0.0,0.768398298132409,3.9524722565808506
WN,ORACLE,A1p,S_gls_pool,1.0,0.0,1.0,0.0,1.0,0.0,0.768398298132409,3.9524722565808506
WN,ORACLE,A1p,S_maha,0.008888888888888872,0.005091750772173164,0.5022343306843194,0.001283314098973226,0.0,0.0,30.565497724173834,15.622036939041328
WN,ORACLE,A1p,S_max,0.0,0.0,0.5,0.0,0.0,0.0,2.2382548180982025,0.6987049837700042
WN,ORACLE,A1p,S_max_raw,0.0,0.0,0.5,0.0,0.0,0.0,2.3406696123510837,0.70001063746742
WN,ORACLE,A1p,S_mean,1.0,0.0,1.0,0.0,1.0,0.0,0.768398298132409,3.952472256580853
WN,ORACLE,A2,S_band,0.8387074074074073,0.01220130196115652,0.8226174536465782,0.014026477109896322,0.3744444444444444,0.018358568490953672,0.1975,0.3026041666666667
WN,ORACLE,A2,S_chi2,0.7570740740740741,0.02368657048623069,0.802956597483765,0.01718363235602615,0.42444444444444446,0.008388704928078609,0.7449265407034069,1.6197713935387539
WN,ORACLE,A2,S_gls_b,0.9961555555555556,0.0017112193327970292,0.9963938384876622,0.001522752280262589,0.9733333333333333,0.015275252316519468,0.768398298132409,3.8450340917399117
WN,ORACLE,A2,S_gls_ema,0.9961555555555556,0.0017112193327970292,0.9963938384876622,0.001522752280262589,0.9733333333333333,0.015275252316519468,0.768398298132409,3.8450340917399117
WN,ORACLE,A2,S_gls_emp,0.9949518518518518,0.001373125358817938,0.995326366135359,0.0011668973978735577,0.9733333333333333,0.009999999999999898,0.8230246670259623,4.039832374524724
WN,ORACLE,A2,S_gls_hybrid,0.9958185185185185,0.001467353935496256,0.9960886118580671,0.001295219641950291,0.9755555555555556,0.010183501544346262,0.7820420061529356,3.909053040879671
WN,ORACLE,A2,S_gls_pert,0.9961555555555556,0.0017112193327970292,0.9963938384876622,0.001522752280262589,0.9733333333333333,0.015275252316519468,0.768398298132409,3.8450340917399117
WN,ORACLE,A2,S_gls_pool,0.9961555555555556,0.0017112193327970292,0.9963938384876622,0.001522752280262589,0.9733333333333333,0.015275252316519468,0.768398298132409,3.8450340917399117
WN,ORACLE,A2,S_maha,0.876737037037037,0.0038019867017992357,0.8874351851036425,0.009396886963766386,0.5622222222222222,0.04811252243246875,30.565497724173834,44.297972475244386
WN,ORACLE,A2,S_max,0.5913296296296296,0.030061750405599413,0.6135415824015551,0.015253365598477621,0.0,0.0,2.2382548180982025,2.478932483517802
WN,ORACLE,A2,S_max_raw,0.7531962962962963,0.01857347548978234,0.7334371448517191,0.018341505338284266,0.23777777777777778,0.03355481971231443,2.3406696123510837,2.7682481151246106
WN,ORACLE,A2,S_mean,0.9961555555555556,0.0017112193327970292,0.9963938384876622,0.001522752280262589,0.9733333333333333,0.015275252316519468,0.768398298132409,3.8450340917399117
WN,ORACLE,A3,S_band,0.6020111111111112,0.007712581912244801,0.5781430954119972,0.009338839186169696,0.06555555555555555,0.009622504486493762,0.1975,0.22274305555555554
WN,ORACLE,A3,S_chi2,0.5214759259259258,0.020323572591467675,0.552097385937583,0.006638415079353846,0.10222222222222221,0.013471506281091268,0.7449265407034069,0.8213714813490282
WN,ORACLE,A3,S_gls_b,0.5238722222222223,0.018749944032838296,0.5319731572271823,0.009282085778549184,0.06555555555555556,0.007698003589195013,0.768398298132409,0.8284077829365617
WN,ORACLE,A3,S_gls_ema,0.5238722222222223,0.018749944032838296,0.5319731572271823,0.009282085778549184,0.06555555555555556,0.007698003589195013,0.768398298132409,0.8284077829365617
WN,ORACLE,A3,S_gls_emp,0.5247907407407407,0.0210568896772685,0.5317764847328837,0.007079602701457694,0.07666666666666667,0.02027587510099406,0.8230246670259623,0.8890034336138539
WN,ORACLE,A3,S_gls_hybrid,0.5260462962962963,0.018609073133304007,0.5324867834915453,0.006885929307805679,0.06555555555555556,0.010715167512214392,0.7820420061529356,0.8451614895094028
WN,ORACLE,A3,S_gls_pert,0.5238722222222223,0.018749944032838296,0.5319731572271823,0.009282085778549184,0.06555555555555556,0.007698003589195013,0.768398298132409,0.8284077829365617
WN,ORACLE,A3,S_gls_pool,0.5238722222222223,0.018749944032838296,0.5319731572271823,0.009282085778549184,0.06555555555555556,0.007698003589195013,0.768398298132409,0.8284077829365617
WN,ORACLE,A3,S_maha,0.7063611111111111,0.011993520627281951,0.6940063710044723,0.01300793062913124,0.18999999999999997,0.005773502691896261,30.565497724173834,36.15538098856887
WN,ORACLE,A3,S_max,0.6884981481481481,0.016710618282232616,0.6288411290765676,0.01391158828977461,0.0,0.0,2.2382548180982025,2.560486750625432
WN,ORACLE,A3,S_max_raw,0.9494777777777778,0.006238072569529393,0.9581211686245038,0.004769686864526775,0.8233333333333333,0.003333333333333341,2.3406696123510837,4.007153826540423
WN,ORACLE,A3,S_mean,0.5238722222222223,0.018749944032838296,0.5319731572271823,0.009282085778549184,0.06555555555555556,0.007698003589195013,0.768398298132409,0.8284077829365618
WN,ORACLE,A4,S_band,0.9781111111111112,0.0019246051382742718,0.9738788696379247,0.0010023145361351602,0.8544444444444445,0.03501322501464165,0.1975,0.41920138888888886
WN,ORACLE,A4,S_chi2,0.988648148148148,0.003319719111524863,0.990638587433851,0.002278041939909568,0.9477777777777777,0.007698003589194979,0.7449265407034069,4.222305514068523
WN,ORACLE,A4,S_gls_b,0.6263333333333333,0.013014706780891908,0.6644371560977834,0.010300938332764926,0.18888888888888888,0.01503083250940965,0.768398298132409,1.1621755925612474
WN,ORACLE,A4,S_gls_ema,0.6263333333333333,0.013014706780891908,0.6644371560977834,0.010300938332764926,0.18888888888888888,0.01503083250940965,0.768398298132409,1.1621755925612474
WN,ORACLE,A4,S_gls_emp,0.6335518518518518,0.01938336544481059,0.6651356530752955,0.01463078505126579,0.20444444444444443,0.016777409856157232,0.8230246670259623,1.2532235043856528
WN,ORACLE,A4,S_gls_hybrid,0.6296592592592593,0.01786719296258204,0.6648914299611257,0.01294708446187476,0.19666666666666668,0.014529663145135574,0.7820420061529356,1.18887225341509
WN,ORACLE,A4,S_gls_pert,0.6263333333333333,0.013014706780891908,0.6644371560977834,0.010300938332764926,0.18888888888888888,0.01503083250940965,0.768398298132409,1.1621755925612474
WN,ORACLE,A4,S_gls_pool,0.6263333333333333,0.013014706780891908,0.6644371560977834,0.010300938332764926,0.18888888888888888,0.01503083250940965,0.768398298132409,1.1621755925612474
WN,ORACLE,A4,S_maha,0.994662962962963,0.0010239317428383148,0.995445816365236,0.000552458576375901,0.9755555555555556,0.006938886664887047,30.565497724173834,65.75175275789844
WN,ORACLE,A4,S_max,0.8482055555555555,0.014717547475843343,0.7695195039118504,0.01650816566392487,0.0,0.0,2.2382548180982025,2.573305397239402
WN,ORACLE,A4,S_max_raw,0.9618962962962962,0.00809854683911556,0.9597919909329669,0.01041249333354161,0.8088888888888889,0.02457038265277331,2.3406696123510837,3.688098233319131
WN,ORACLE,A4,S_mean,0.6263333333333333,0.013014706780891908,0.6644371560977834,0.010300938332764926,0.18888888888888888,0.01503083250940965,0.768398298132409,1.1621755925612476
