process,model,case,seed,score,auroc,auprc,tpr_at_fpr5,n0_mean,case_mean
AR1,MLPQR,A0,0,S_max,0.008783333333333334,0.30791312575835067,0.0,2.4470991862354383,1.1314780255239385
AR1,MLPQR,A0,0,S_max_raw,0.02426666666666667,0.3088152315503563,0.0,3.377215484028539,1.3022388721428404
AR1,MLPQR,A0,0,S_band,0.06490555555555556,0.3889866379920227,0.006666666666666667,0.36864583333333334,0.06791666666666667
AR1,MLPQR,A0,0,S_mean,0.40344444444444444,0.4301564375868243,0.023333333333333334,2.681864256410283,2.041609059325562
AR1,MLPQR,A0,0,S_gls_pert,0.40898888888888885,0.43934332887917515,0.03,1.7173043783478723,1.2475972412586138
AR1,MLPQR,A0,0,S_gls_pool,0.39805555555555555,0.4261948718744579,0.03,1.0158852890885297,0.7626102468092434
AR1,MLPQR,A0,0,S_gls_ema,0.39993333333333336,0.42502169824375224,0.02,1.0264450514729375,0.7657196712350869
AR1,MLPQR,A0,0,S_gls_hybrid,0.4031666666666666,0.4221364618921427,0.013333333333333334,1.065578482936526,0.7819647207235285
AR1,MLPQR,A0,0,S_gls_emp,0.3983111111111111,0.42089762301240435,0.02,1.0408248506042885,0.7588989952206341
AR1,MLPQR,A0,0,S_gls_b,0.4019,0.43568599044625017,0.03,1.7349931676899468,1.2432591501474113
AR1,MLPQR,A0,0,S_chi2,0.5083111111111112,0.46001027047281606,0.0033333333333333335,2.891247349618762,2.4583390641710605
AR1,MLPQR,A0,0,S_maha,0.02058888888888889,0.3099723962543641,0.006666666666666667,58.84762160154705,8.430432366232395
AR1,MLPQR,A1,0,S_max,0.0851777777777778,0.32654913641336714,0.0,2.4470991862354383,1.6807257634939399
AR1,MLPQR,A1,0,S_max_raw,0.11233333333333334,0.3219893227292764,0.0,3.377215484028539,1.9213161508436944
AR1,MLPQR,A1,0,S_band,0.39805555555555555,0.5413339844029029,0.13333333333333333,0.36864583333333334,0.3097916666666667
AR1,MLPQR,A1,0,S_mean,0.7915111111111113,0.7945512797066663,0.3,2.681864256410283,5.278416371306654
AR1,MLPQR,A1,0,S_gls_pert,0.7294222222222223,0.7056180121409079,0.18333333333333332,1.7173043783478723,3.605796378631289
AR1,MLPQR,A1,0,S_gls_pool,0.8156444444444446,0.815275156284023,0.3333333333333333,1.0158852890885297,2.099149003473871
AR1,MLPQR,A1,0,S_gls_ema,0.8115111111111111,0.8061000512464451,0.36,1.0264450514729375,2.1157145127184047
AR1,MLPQR,A1,0,S_gls_hybrid,0.8008,0.8026585523267953,0.3333333333333333,1.065578482936526,2.2098469941589567
AR1,MLPQR,A1,0,S_gls_emp,0.8031444444444444,0.7992696384432938,0.30333333333333334,1.0408248506042885,2.0942432907282122
AR1,MLPQR,A1,0,S_gls_b,0.7261333333333333,0.7042174622026451,0.18333333333333332,1.7349931676899468,3.608652394324889
AR1,MLPQR,A1,0,S_chi2,0.49062222222222224,0.5100357240834025,0.06333333333333334,2.891247349618762,2.88913365960183
AR1,MLPQR,A1,0,S_maha,0.12605555555555553,0.36599565062345774,0.05333333333333334,58.84762160154705,32.27119437616861
AR1,MLPQR,A1p,0,S_max,0.04834444444444444,0.3138114177148925,0.0,2.4470991862354383,1.4906191687542047
AR1,MLPQR,A1p,0,S_max_raw,0.06893333333333333,0.3140898326699402,0.0,3.377215484028539,1.6858619918332958
AR1,MLPQR,A1p,0,S_band,0.2561222222222222,0.4350425213826632,0.06,0.36864583333333334,0.20458333333333334
AR1,MLPQR,A1p,0,S_mean,0.6713666666666667,0.6742321179014331,0.15666666666666668,2.681864256410283,4.0484049876420976
AR1,MLPQR,A1p,0,S_gls_pert,0.6400222222222223,0.627319687496916,0.10666666666666667,1.7173043783478723,2.7846196470783244
AR1,MLPQR,A1p,0,S_gls_pool,0.7039777777777778,0.7013315324803713,0.20666666666666667,1.0158852890885297,1.6343700501517957
AR1,MLPQR,A1p,0,S_gls_ema,0.7018444444444445,0.6945438368834103,0.19,1.0264450514729375,1.646164049799121
AR1,MLPQR,A1p,0,S_gls_hybrid,0.6947666666666666,0.6924412236577349,0.18333333333333332,1.065578482936526,1.7179889375062802
AR1,MLPQR,A1p,0,S_gls_emp,0.6939888888888889,0.6826963252900394,0.18,1.0408248506042885,1.6373105207730116
AR1,MLPQR,A1p,0,S_gls_b,0.6391555555555555,0.626849306584505,0.11,1.7349931676899468,2.800537236829263
AR1,MLPQR,A1p,0,S_chi2,0.46444444444444444,0.4509219663729708,0.02,2.891247349618762,2.3636058366304074
AR1,MLPQR,A1p,0,S_maha,0.078,0.3409035560709858,0.03333333333333333,58.84762160154705,22.602936930668132
AR1,MLPQR,A2,0,S_max,0.4228444444444444,0.48135672229282855,0.0,2.4470991862354383,2.4805198825509565
AR1,MLPQR,A2,0,S_max_raw,0.5613777777777778,0.5692209832246877,0.08,3.377215484028539,3.6363324824967376
AR1,MLPQR,A2,0,S_band,0.5786611111111112,0.5841886022111653,0.11333333333333333,0.36864583333333334,0.4144791666666667
AR1,MLPQR,A2,0,S_mean,0.6313666666666666,0.6603381460414952,0.16666666666666666,2.681864256410283,3.908779924495027
AR1,MLPQR,A2,0,S_gls_pert,0.6047333333333333,0.6178665965265728,0.13333333333333333,1.7173043783478723,2.8193610414472414
AR1,MLPQR,A2,0,S_gls_pool,0.6420444444444444,0.6779101076118053,0.20333333333333334,1.0158852890885297,1.5473300379793804
AR1,MLPQR,A2,0,S_gls_ema,0.6374777777777778,0.6680679685417699,0.19333333333333333,1.0264450514729375,1.5505877813482911
AR1,MLPQR,A2,0,S_gls_hybrid,0.6429111111111111,0.6792921485057797,0.21,1.065578482936526,1.6620461034195138
AR1,MLPQR,A2,0,S_gls_emp,0.6474,0.6778143727190138,0.20666666666666667,1.0408248506042885,1.5956734713838248
AR1,MLPQR,A2,0,S_gls_b,0.6059111111111111,0.6181969104087044,0.13,1.7349931676899468,2.8411037834448356
AR1,MLPQR,A2,0,S_chi2,0.6072666666666666,0.6226531379366594,0.14666666666666667,2.891247349618762,4.073403631620631
AR1,MLPQR,A2,0,S_maha,0.5550111111111111,0.5625141049279221,0.08,58.84762160154705,70.57233368494794
AR1,MLPQR,A3,0,S_max,0.5475888888888889,0.5262632292679297,0.0,2.4470991862354383,2.548376317069724
AR1,MLPQR,A3,0,S_max_raw,0.7116277777777777,0.7066956050606851,0.18333333333333332,3.377215484028539,4.303461354851462
AR1,MLPQR,A3,0,S_band,0.5385944444444445,0.5265443974784482,0.05333333333333334,0.36864583333333334,0.3885416666666667
AR1,MLPQR,A3,0,S_mean,0.49533888888888894,0.49894198426770914,0.043333333333333335,2.681864256410283,2.6478964691964144
AR1,MLPQR,A3,0,S_gls_pert,0.4978277777777778,0.507457148432434,0.06,1.7173043783478723,1.7539533490677925
AR1,MLPQR,A3,0,S_gls_pool,0.4944166666666666,0.5008861207943396,0.04666666666666667,1.0158852890885297,1.004594244940756
AR1,MLPQR,A3,0,S_gls_ema,0.49438333333333334,0.5000616124658936,0.056666666666666664,1.0264450514729375,1.0147996088172548
AR1,MLPQR,A3,0,S_gls_hybrid,0.49724999999999997,0.5057032314665997,0.043333333333333335,1.065578482936526,1.0606531945966913
AR1,MLPQR,A3,0,S_gls_emp,0.5045722222222222,0.5027894185659605,0.04666666666666667,1.0408248506042885,1.0459974445003073
AR1,MLPQR,A3,0,S_gls_b,0.49731666666666663,0.5076076459767022,0.06,1.7349931676899468,1.771105171107813
AR1,MLPQR,A3,0,S_chi2,0.5577055555555556,0.5462098579760165,0.06666666666666667,2.891247349618762,3.326744774712171
AR1,MLPQR,A3,0,S_maha,0.6517388888888888,0.6211014699949714,0.11,58.84762160154705,73.8540955156276
AR1,MLPQR,A4,0,S_max,0.7197777777777777,0.644218952314292,0.0,2.4470991862354383,2.5713039804304496
AR1,MLPQR,A4,0,S_max_raw,0.8377222222222223,0.833912874315031,0.38666666666666666,3.377215484028539,5.089524388030379
AR1,MLPQR,A4,0,S_band,0.8199444444444444,0.7943577090739143,0.2966666666666667,0.36864583333333334,0.5578125
AR1,MLPQR,A4,0,S_mean,0.5643222222222222,0.59947488595886,0.13,2.681864256410283,3.3545698817653733
AR1,MLPQR,A4,0,S_gls_pert,0.5529777777777778,0.5518004409357324,0.07333333333333333,1.7173043783478723,2.1521099070377834
AR1,MLPQR,A4,0,S_gls_pool,0.5720222222222223,0.6077244628599056,0.14666666666666667,1.0158852890885297,1.296196750051137
AR1,MLPQR,A4,0,S_gls_ema,0.576888888888889,0.6009932660643836,0.13,1.0264450514729375,1.3108828552049223
AR1,MLPQR,A4,0,S_gls_hybrid,0.5633777777777778,0.5932325429641341,0.13333333333333333,1.065578482936526,1.3219442105056056
AR1,MLPQR,A4,0,S_gls_emp,0.5612444444444444,0.5915433247004767,0.13,1.0408248506042885,1.2867935127745953
AR1,MLPQR,A4,0,S_gls_b,0.5464888888888889,0.5485639515089137,0.07333333333333333,1.7349931676899468,2.1511028408511734
AR1,MLPQR,A4,0,S_chi2,0.8629333333333333,0.8604346138398123,0.4266666666666667,2.891247349618762,7.3555788301077305
AR1,MLPQR,A4,0,S_maha,0.8392111111111111,0.8008562053297155,0.27666666666666667,58.84762160154705,105.85948375717794
AR1,MLPQR,A0,1,S_max,0.013283333333333328,0.30836713401004195,0.0,2.433140464380568,1.1448373550273372
AR1,MLPQR,A0,1,S_max_raw,0.02764444444444444,0.30925455439604893,0.0,3.333941740883307,1.312731909195011
AR1,MLPQR,A0,1,S_band,0.06994999999999998,0.39624183111997374,0.01,0.38427083333333334,0.0725
AR1,MLPQR,A0,1,S_mean,0.3955333333333333,0.4248693873889988,0.02,2.991153698453427,2.214058855011273
AR1,MLPQR,A0,1,S_gls_pert,0.39255555555555555,0.4246287747165876,0.016666666666666666,2.1598763696362737,1.3942160960318464
AR1,MLPQR,A0,1,S_gls_pool,0.38858888888888893,0.4196066375626677,0.013333333333333334,1.1405567757305686,0.8253419428457202
AR1,MLPQR,A0,1,S_gls_ema,0.3945,0.4209312664073883,0.013333333333333334,1.2171032843440015,0.876406017968215
AR1,MLPQR,A0,1,S_gls_hybrid,0.3852888888888889,0.4114564702019735,0.01,1.1934875915411283,0.8277332982119805
AR1,MLPQR,A0,1,S_gls_emp,0.3891555555555556,0.41846492244818956,0.013333333333333334,1.113405282955438,0.7996975097146752
AR1,MLPQR,A0,1,S_gls_b,0.39641111111111116,0.4249912821212787,0.016666666666666666,2.157717780993743,1.3966152121219055
AR1,MLPQR,A0,1,S_chi2,0.4615222222222223,0.43970322852118254,0.0033333333333333335,3.223998893018345,2.4661083413798064
AR1,MLPQR,A0,1,S_maha,0.023055555555555555,0.30905024128309433,0.0,61.79112415064142,9.003632766381028
AR1,MLPQR,A1,1,S_max,0.09971111111111111,0.33007999808898075,0.0,2.433140464380568,1.6648130089657347
AR1,MLPQR,A1,1,S_max_raw,0.1269111111111111,0.32538030348050956,0.0,3.333941740883307,1.9115364681437026
AR1,MLPQR,A1,1,S_band,0.3896,0.5500528527063173,0.16,0.38427083333333334,0.3182291666666667
AR1,MLPQR,A1,1,S_mean,0.7557444444444443,0.7564778890022729,0.2866666666666667,2.991153698453427,5.388514907823052
AR1,MLPQR,A1,1,S_gls_pert,0.6902222222222223,0.6617847019248762,0.11666666666666667,2.1598763696362737,3.8661142474045027
AR1,MLPQR,A1,1,S_gls_pool,0.7737444444444445,0.7707079602075508,0.31,1.1405567757305686,2.140612563978432
AR1,MLPQR,A1,1,S_gls_ema,0.7619777777777779,0.7579254372877782,0.24,1.2171032843440015,2.275177563239646
AR1,MLPQR,A1,1,S_gls_hybrid,0.7617666666666667,0.7632000735013307,0.29,1.1934875915411283,2.231184673885819
AR1,MLPQR,A1,1,S_gls_emp,0.7717666666666667,0.7667896493991018,0.30666666666666664,1.113405282955438,2.078819825673639
AR1,MLPQR,A1,1,S_gls_b,0.6918333333333333,0.6620339402046084,0.11666666666666667,2.157717780993743,3.87058052988764
AR1,MLPQR,A1,1,S_chi2,0.4768555555555555,0.501489750264172,0.07333333333333333,3.223998893018345,3.170962125400811
AR1,MLPQR,A1,1,S_maha,0.1425111111111111,0.38377491016750553,0.07666666666666666,61.79112415064142,35.57127917837485
AR1,MLPQR,A1p,1,S_max,0.06472777777777777,0.3174902195427374,0.0,2.433140464380568,1.491808413411788
AR1,MLPQR,A1p,1,S_max_raw,0.0819111111111111,0.31613309646812693,0.0,3.333941740883307,1.6792490394230881
AR1,MLPQR,A1p,1,S_band,0.25253888888888887,0.44899495648770205,0.08333333333333333,0.38427083333333334,0.21177083333333332
AR1,MLPQR,A1p,1,S_mean,0.6406555555555556,0.6403363162515884,0.13666666666666666,2.991153698453427,4.197834270717867
AR1,MLPQR,A1p,1,S_gls_pert,0.6055333333333334,0.5886609240500777,0.09333333333333334,2.1598763696362737,2.99204594535039
AR1,MLPQR,A1p,1,S_gls_pool,0.6681555555555556,0.6607774212293147,0.15666666666666668,1.1405567757305686,1.691425651999333
AR1,MLPQR,A1p,1,S_gls_ema,0.6577444444444445,0.6509765757660722,0.13333333333333333,1.2171032843440015,1.7909776613061634
AR1,MLPQR,A1p,1,S_gls_hybrid,0.6554777777777778,0.6547000515321876,0.15666666666666668,1.1934875915411283,1.7501060516089828
AR1,MLPQR,A1p,1,S_gls_emp,0.6660333333333335,0.6552751826530914,0.14666666666666667,1.113405282955438,1.6444832013737012
AR1,MLPQR,A1p,1,S_gls_b,0.6102222222222222,0.5909109352883362,0.09333333333333334,2.157717780993743,3.008664811123247
AR1,MLPQR,A1p,1,S_chi2,0.4406777777777777,0.4435331628524357,0.02666666666666667,3.223998893018345,2.5626356021213375
AR1,MLPQR,A1p,1,S_maha,0.10343333333333335,0.34788823179467926,0.04,61.79112415064142,24.37979280482123
AR1,MLPQR,A2,1,S_max,0.418788888888889,0.4772529861978416,0.0,2.433140464380568,2.4611390162182936
AR1,MLPQR,A2,1,S_max_raw,0.5640000000000001,0.5693567552001582,0.1,3.333941740883307,3.610329907360651
AR1,MLPQR,A2,1,S_band,0.5736111111111112,0.5955560905167493,0.08666666666666667,0.38427083333333334,0.4323958333333333
AR1,MLPQR,A2,1,S_mean,0.6252444444444445,0.6563465831822826,0.22,2.991153698453427,4.268905241847208
AR1,MLPQR,A2,1,S_gls_pert,0.587288888888889,0.5892359645186713,0.07333333333333333,2.1598763696362737,3.1176618205700173
AR1,MLPQR,A2,1,S_gls_pool,0.6433666666666666,0.6692996338471535,0.21,1.1405567757305686,1.699932341896735
AR1,MLPQR,A2,1,S_gls_ema,0.6361555555555556,0.666290260086051,0.18666666666666668,1.2171032843440015,1.8144949237671752
AR1,MLPQR,A2,1,S_gls_hybrid,0.627488888888889,0.6673304446464182,0.19333333333333333,1.1934875915411283,1.7810203642646647
AR1,MLPQR,A2,1,S_gls_emp,0.6419555555555556,0.6654864570606442,0.21,1.113405282955438,1.653737795771583
AR1,MLPQR,A2,1,S_gls_b,0.5934,0.5913469008165918,0.07333333333333333,2.157717780993743,3.132591155154783
AR1,MLPQR,A2,1,S_chi2,0.5940444444444444,0.619052231183526,0.15666666666666668,3.223998893018345,4.483297765047882
AR1,MLPQR,A2,1,S_maha,0.5279222222222222,0.541333720130448,0.06666666666666667,61.79112415064142,73.12124941332586
AR1,MLPQR,A3,1,S_max,0.5554222222222222,0.5302387144056298,0.0,2.433140464380568,2.5523707878336945
AR1,MLPQR,A3,1,S_max_raw,0.7439444444444445,0.740791062078422,0.24,3.333941740883307,4.520532443317741
AR1,MLPQR,A3,1,S_band,0.5339333333333333,0.5206939299475779,0.05,0.38427083333333334,0.4010416666666667
AR1,MLPQR,A3,1,S_mean,0.4928944444444444,0.5004561870888835,0.05333333333333334,2.991153698453427,2.944895741787794
AR1,MLPQR,A3,1,S_gls_pert,0.49553888888888886,0.5015703487972514,0.04,2.1598763696362737,2.122492845193432
AR1,MLPQR,A3,1,S_gls_pool,0.4927055555555556,0.5007999082140187,0.05333333333333334,1.1405567757305686,1.1266343324988872
AR1,MLPQR,A3,1,S_gls_ema,0.49526111111111104,0.501752262496393,0.05,1.2171032843440015,1.206671402663111
AR1,MLPQR,A3,1,S_gls_hybrid,0.4928722222222222,0.5004171115630758,0.056666666666666664,1.1934875915411283,1.1808463001189922
AR1,MLPQR,A3,1,S_gls_emp,0.4961166666666667,0.5007884082863328,0.05,1.113405282955438,1.1058022120612103
AR1,MLPQR,A3,1,S_gls_b,0.4937277777777778,0.5016636552844613,0.04,2.157717780993743,2.119146200600153
AR1,MLPQR,A3,1,S_chi2,0.5497388888888889,0.5345999465930052,0.056666666666666664,3.223998893018345,3.605225550406805
AR1,MLPQR,A3,1,S_maha,0.6410277777777778,0.6079403927370354,0.08333333333333333,61.79112415064142,76.02633314783837
AR1,MLPQR,A4,1,S_max,0.72805,0.6518036955689964,0.0,2.433140464380568,2.573355765979511
AR1,MLPQR,A4,1,S_max_raw,0.8562333333333334,0.8405087279420624,0.38333333333333336,3.333941740883307,5.163366900429745
AR1,MLPQR,A4,1,S_band,0.8029277777777778,0.7626737065924294,0.19333333333333333,0.38427083333333334,0.5585416666666667
AR1,MLPQR,A4,1,S_mean,0.5278666666666667,0.5350929974168355,0.06666666666666667,2.991153698453427,3.2469789781251746
AR1,MLPQR,A4,1,S_gls_pert,0.5326444444444445,0.5266885098265635,0.05333333333333334,2.1598763696362737,2.349909088228167
AR1,MLPQR,A4,1,S_gls_pool,0.5287333333333333,0.5468424901619564,0.08333333333333333,1.1405567757305686,1.265609004804847
AR1,MLPQR,A4,1,S_gls_ema,0.5258222222222222,0.538962656192161,0.07666666666666666,1.2171032843440015,1.3277036128458315
AR1,MLPQR,A4,1,S_gls_hybrid,0.5291222222222222,0.5426667307867317,0.07,1.1934875915411283,1.3231424282187905
AR1,MLPQR,A4,1,S_gls_emp,0.5329666666666667,0.550878587627015,0.08333333333333333,1.113405282955438,1.248885206877132
AR1,MLPQR,A4,1,S_gls_b,0.5377777777777778,0.529433306154111,0.05333333333333334,2.157717780993743,2.367211467985443
AR1,MLPQR,A4,1,S_chi2,0.8471666666666666,0.822984707915011,0.35,3.223998893018345,7.425467421095751
AR1,MLPQR,A4,1,S_maha,0.832411111111111,0.7861978609777638,0.24,61.79112415064142,106.81658548266864
AR1,MLPQR,A0,2,S_max,0.008933333333333342,0.3080478708436002,0.0,2.4467668010245247,1.1175671161525436
AR1,MLPQR,A0,2,S_max_raw,0.017300000000000006,0.30848540778419675,0.0,3.3778591839663537,1.2562904523172016
AR1,MLPQR,A0,2,S_band,0.054838888888888895,0.38861079945658333,0.0033333333333333335,0.38208333333333333,0.06239583333333333
AR1,MLPQR,A0,2,S_mean,0.3902000000000001,0.4149981348467502,0.01,2.877418359337966,2.0763833442743453
AR1,MLPQR,A0,2,S_gls_pert,0.38951111111111114,0.4239978317933897,0.023333333333333334,1.7859582798082514,1.1827515046717403
AR1,MLPQR,A0,2,S_gls_pool,0.38608888888888887,0.41293354207679966,0.0033333333333333335,1.0097999047327473,0.717068305678451
AR1,MLPQR,A0,2,S_gls_ema,0.3945333333333333,0.42053468290300045,0.01,1.143392360360085,0.8074146583444809
AR1,MLPQR,A0,2,S_gls_hybrid,0.37881111111111115,0.4095758307291263,0.013333333333333334,1.0867430001330218,0.753097207848415
AR1,MLPQR,A0,2,S_gls_emp,0.3701888888888889,0.4063021151107719,0.006666666666666667,1.0292714981477722,0.7140548004728741
AR1,MLPQR,A0,2,S_gls_b,0.3819111111111111,0.4211283001372579,0.023333333333333334,1.8009859808151085,1.1763256171102492
AR1,MLPQR,A0,2,S_chi2,0.48168888888888894,0.4466939946261194,0.0033333333333333335,3.1028478110526043,2.4458589117218605
AR1,MLPQR,A0,2,S_maha,0.015111111111111108,0.30860917653715547,0.0033333333333333335,62.20811471447169,7.777601790006774
AR1,MLPQR,A1,2,S_max,0.08833333333333333,0.3265411714009954,0.0,2.4467668010245247,1.6839231224597757
AR1,MLPQR,A1,2,S_max_raw,0.11021111111111112,0.32252573215094466,0.0033333333333333335,3.3778591839663537,1.9165201115902561
AR1,MLPQR,A1,2,S_band,0.40470555555555554,0.5520657080965828,0.16,0.38208333333333333,0.32125
AR1,MLPQR,A1,2,S_mean,0.7727777777777778,0.7803816932242525,0.3433333333333333,2.877418359337966,5.376933407950491
AR1,MLPQR,A1,2,S_gls_pert,0.7116555555555556,0.6898815919899086,0.17333333333333334,1.7859582798082514,3.4359052163142647
AR1,MLPQR,A1,2,S_gls_pool,0.8013000000000001,0.8032917662334939,0.35,1.0097999047327473,2.0149273793556244
AR1,MLPQR,A1,2,S_gls_ema,0.7845555555555556,0.769649465207138,0.26666666666666666,1.143392360360085,2.2872908716136986
AR1,MLPQR,A1,2,S_gls_hybrid,0.7815444444444444,0.7896684930476409,0.32666666666666666,1.0867430001330218,2.133586447143763
AR1,MLPQR,A1,2,S_gls_emp,0.7946555555555557,0.8048851057837325,0.3433333333333333,1.0292714981477722,1.9935305104898207
AR1,MLPQR,A1,2,S_gls_b,0.7096333333333333,0.6885088283079286,0.19,1.8009859808151085,3.4445849881947486
AR1,MLPQR,A1,2,S_chi2,0.4860555555555555,0.5015663629614773,0.056666666666666664,3.1028478110526043,3.0206325488044645
AR1,MLPQR,A1,2,S_maha,0.11512222222222221,0.35126520487927826,0.043333333333333335,62.20811471447169,27.926009960070328
AR1,MLPQR,A1p,2,S_max,0.05022222222222223,0.31407891842999014,0.0,2.4467668010245247,1.4925499625840224
AR1,MLPQR,A1p,2,S_max_raw,0.06818888888888891,0.3142566204463781,0.0033333333333333335,3.3778591839663537,1.6796905468664538
AR1,MLPQR,A1p,2,S_band,0.24301111111111107,0.4278294123626709,0.04666666666666667,0.38208333333333333,0.2025
AR1,MLPQR,A1p,2,S_mean,0.6595444444444444,0.6576257161248631,0.17,2.877418359337966,4.161846899026265
AR1,MLPQR,A1p,2,S_gls_pert,0.6323222222222222,0.6176004050066747,0.11333333333333333,1.7859582798082514,2.6840520855896077
AR1,MLPQR,A1p,2,S_gls_pool,0.6971,0.6881347485882305,0.18666666666666668,1.0097999047327473,1.5847314879360543
AR1,MLPQR,A1p,2,S_gls_ema,0.6838666666666666,0.6680304085672816,0.13333333333333333,1.143392360360085,1.7933401858197966
AR1,MLPQR,A1p,2,S_gls_hybrid,0.6803111111111113,0.6836186480405098,0.18333333333333332,1.0867430001330218,1.6770986232868719
AR1,MLPQR,A1p,2,S_gls_emp,0.6866111111111111,0.6882372507263541,0.18333333333333332,1.0292714981477722,1.5682804700207689
AR1,MLPQR,A1p,2,S_gls_b,0.6350666666666667,0.6187991904657584,0.11333333333333333,1.8009859808151085,2.704518131550321
AR1,MLPQR,A1p,2,S_chi2,0.4460333333333333,0.44162092006398856,0.023333333333333334,3.1028478110526043,2.4078377883552626
AR1,MLPQR,A1p,2,S_maha,0.07423333333333332,0.3273403267011112,0.023333333333333334,62.20811471447169,19.459602296911715
AR1,MLPQR,A2,2,S_max,0.42093333333333327,0.47798678035432446,0.0,2.4467668010245247,2.48743993823292
AR1,MLPQR,A2,2,S_max_raw,0.5527111111111112,0.563197030965539,0.11,3.3778591839663537,3.616630384112729
AR1,MLPQR,A2,2,S_band,0.5823333333333333,0.6042581704261376,0.13,0.38208333333333333,0.4315625
AR1,MLPQR,A2,2,S_mean,0.6410888888888889,0.6681233919794723,0.20666666666666667,2.877418359337966,4.203967450011241
AR1,MLPQR,A2,2,S_gls_pert,0.6180555555555556,0.611416033460723,0.12,1.7859582798082514,2.632562216826703
AR1,MLPQR,A2,2,S_gls_pool,0.6611555555555555,0.6860753074351327,0.22,1.0097999047327473,1.5571713580042508
AR1,MLPQR,A2,2,S_gls_ema,0.6525888888888889,0.662259575075705,0.16666666666666666,1.143392360360085,1.7861781393196206
AR1,MLPQR,A2,2,S_gls_hybrid,0.6481222222222223,0.6796501504147274,0.21,1.0867430001330218,1.656468472787613
AR1,MLPQR,A2,2,S_gls_emp,0.6452222222222221,0.6867539914586323,0.23,1.0292714981477722,1.5430819099944055
AR1,MLPQR,A2,2,S_gls_b,0.6162222222222222,0.6104358013084528,0.12,1.8009859808151085,2.637087819743857
AR1,MLPQR,A2,2,S_chi2,0.6096888888888888,0.6277485801652,0.13333333333333333,3.1028478110526043,4.389998929421409
AR1,MLPQR,A2,2,S_maha,0.5427111111111111,0.5353848872823973,0.07333333333333333,62.20811471447169,67.17349516287037
AR1,MLPQR,A3,2,S_max,0.5526666666666666,0.5294797389912835,0.0,2.4467668010245247,2.557524105669175
AR1,MLPQR,A3,2,S_max_raw,0.7357111111111111,0.7342435136978047,0.28,3.3778591839663537,4.469093851834941
AR1,MLPQR,A3,2,S_band,0.5376777777777778,0.5258829768268793,0.05333333333333334,0.38208333333333333,0.4005208333333333
AR1,MLPQR,A3,2,S_mean,0.49997777777777774,0.5032956803637898,0.05,2.877418359337966,2.871207532210761
AR1,MLPQR,A3,2,S_gls_pert,0.49245555555555554,0.5033103621683088,0.056666666666666664,1.7859582798082514,1.7915331281885112
AR1,MLPQR,A3,2,S_gls_pool,0.4998666666666667,0.5008268452859801,0.04666666666666667,1.0097999047327473,1.0081802713622112
AR1,MLPQR,A3,2,S_gls_ema,0.4971,0.5037836592635377,0.043333333333333335,1.143392360360085,1.143612359562723
AR1,MLPQR,A3,2,S_gls_hybrid,0.49879999999999997,0.5059835495117376,0.056666666666666664,1.0867430001330218,1.0868211361289228
AR1,MLPQR,A3,2,S_gls_emp,0.49711111111111117,0.5050016194881348,0.05,1.0292714981477722,1.0261477343621748
AR1,MLPQR,A3,2,S_gls_b,0.49554444444444445,0.50408884635152,0.056666666666666664,1.8009859808151085,1.8131527899172826
AR1,MLPQR,A3,2,S_chi2,0.5589,0.5415243703139277,0.06666666666666667,3.1028478110526043,3.534244285677926
AR1,MLPQR,A3,2,S_maha,0.6461444444444444,0.6032755096497042,0.08333333333333333,62.20811471447169,75.86986513063627
AR1,MLPQR,A4,2,S_max,0.7176666666666666,0.6422805437362524,0.0,2.4467668010245247,2.573408235243588
AR1,MLPQR,A4,2,S_max_raw,0.841011111111111,0.8261996222316974,0.4066666666666667,3.3778591839663537,4.990727758803317
AR1,MLPQR,A4,2,S_band,0.7949555555555555,0.7688961676057814,0.23333333333333334,0.38208333333333333,0.54625
AR1,MLPQR,A4,2,S_mean,0.5475000000000001,0.5802665663284537,0.12333333333333334,2.877418359337966,3.3887239291165097
AR1,MLPQR,A4,2,S_gls_pert,0.5729666666666666,0.5736202764299635,0.09666666666666666,1.7859582798082514,2.4429778365816452
AR1,MLPQR,A4,2,S_gls_pool,0.5613,0.598896950101026,0.13333333333333333,1.0097999047327473,1.2570303457743193
AR1,MLPQR,A4,2,S_gls_ema,0.5523444444444444,0.5749055719476693,0.10666666666666667,1.143392360360085,1.3993955793830593
AR1,MLPQR,A4,2,S_gls_hybrid,0.5591555555555555,0.5976301037449347,0.14333333333333334,1.0867430001330218,1.3531311313296424
AR1,MLPQR,A4,2,S_gls_emp,0.5414555555555556,0.5982190488422019,0.15,1.0292714981477722,1.2508677612209813
AR1,MLPQR,A4,2,S_gls_b,0.5708333333333333,0.5726098479839974,0.09333333333333334,1.8009859808151085,2.451477760789008
AR1,MLPQR,A4,2,S_chi2,0.8451444444444445,0.8339115178363021,0.34,3.1028478110526043,7.210524058913964
AR1,MLPQR,A4,2,S_maha,0.8385333333333334,0.7836943768951405,0.21333333333333335,62.20811471447169,112.99882636869002
AR1,MLPQR_CAL,A0,0,S_max,0.006544444444444449,0.3079030543141588,0.0,1.9181094295919423,0.8721300885371538
AR1,MLPQR_CAL,A0,0,S_max_raw,0.02426666666666667,0.3088152315503563,0.0,3.377215484028539,1.3022388721428404
AR1,MLPQR_CAL,A0,0,S_band,0.03111666666666669,0.46469659463167085,0.006666666666666667,0.21354166666666666,0.012604166666666666
AR1,MLPQR_CAL,A0,0,S_mean,0.4025444444444444,0.4293825741398458,0.023333333333333334,2.0507482501045073,1.5608094834449813
AR1,MLPQR_CAL,A0,0,S_gls_pert,0.40674444444444446,0.43842782229600374,0.03333333333333333,1.3210461732266272,0.9601437325160562
AR1,MLPQR_CAL,A0,0,S_gls_pool,0.3949222222222222,0.42491073530081735,0.023333333333333334,0.7947564017059833,0.592725258432172
AR1,MLPQR_CAL,A0,0,S_gls_ema,0.3978222222222223,0.4236469875473302,0.023333333333333334,0.8011990719786037,0.5938782947763203
AR1,MLPQR_CAL,A0,0,S_gls_hybrid,0.39965555555555554,0.42038264033769285,0.013333333333333334,0.8319439402256062,0.6062409784274007
AR1,MLPQR_CAL,A0,0,S_gls_emp,0.39556666666666673,0.4210523450592334,0.02,0.8156122263988594,0.5936494203197881
AR1,MLPQR_CAL,A0,0,S_gls_b,0.3969111111111111,0.4338275135486522,0.03333333333333333,1.3374523480795208,0.9563607587391527
AR1,MLPQR_CAL,A0,0,S_chi2,0.9214111111111111,0.8953294302612399,0.74,1.2049282939485777,2.9666682091255248
AR1,MLPQR_CAL,A0,0,S_maha,0.020000000000000004,0.30943399042347336,0.006666666666666667,34.12458681086339,4.9083059866570755
AR1,MLPQR_CAL,A1,0,S_max,0.08542777777777778,0.3182512559828745,0.0,1.9181094295919423,1.2537557379890818
AR1,MLPQR_CAL,A1,0,S_max_raw,0.11233333333333334,0.3219893227292764,0.0,3.377215484028539,1.9213161508436944
AR1,MLPQR_CAL,A1,0,S_band,0.22774999999999998,0.45355567022232934,0.05,0.21354166666666666,0.105625
AR1,MLPQR_CAL,A1,0,S_mean,0.7627555555555555,0.7668990307185708,0.2966666666666667,2.0507482501045073,3.772394842736528
AR1,MLPQR_CAL,A1,0,S_gls_pert,0.7080444444444445,0.6904213295169028,0.17333333333333334,1.3210461732266272,2.6329230611954224
AR1,MLPQR_CAL,A1,0,S_gls_pool,0.7847222222222221,0.7821541990545375,0.3,0.7947564017059833,1.5164748875273868
AR1,MLPQR_CAL,A1,0,S_gls_ema,0.7804,0.7752457319067204,0.31333333333333335,0.8011990719786037,1.529133162259709
AR1,MLPQR_CAL,A1,0,S_gls_hybrid,0.7717888888888889,0.776262260886909,0.29333333333333333,0.8319439402256062,1.6033976844983964
AR1,MLPQR_CAL,A1,0,S_gls_emp,0.7704111111111112,0.7658986712361178,0.2966666666666667,0.8156122263988594,1.5158935078724967
AR1,MLPQR_CAL,A1,0,S_gls_b,0.7032222222222222,0.6882199255302599,0.17,1.3374523480795208,2.633121734571487
AR1,MLPQR_CAL,A1,0,S_chi2,0.7077222222222224,0.7247134205696354,0.3233333333333333,1.2049282939485777,2.0245887630515376
AR1,MLPQR_CAL,A1,0,S_maha,0.11512222222222224,0.3617544367997504,0.056666666666666664,34.12458681086339,17.78298321232631
AR1,MLPQR_CAL,A1p,0,S_max,0.04492777777777779,0.3111735733849211,0.0,1.9181094295919423,1.1143841913556394
AR1,MLPQR_CAL,A1p,0,S_max_raw,0.06893333333333333,0.3140898326699402,0.0,3.377215484028539,1.6858619918332958
AR1,MLPQR_CAL,A1p,0,S_band,0.13335000000000002,0.4250328798854079,0.016666666666666666,0.21354166666666666,0.058125
AR1,MLPQR_CAL,A1p,0,S_mean,0.6350333333333333,0.6407616637381649,0.15666666666666668,2.0507482501045073,2.8566620296873695
AR1,MLPQR_CAL,A1p,0,S_gls_pert,0.6141111111111112,0.607823010722025,0.10333333333333333,1.3210461732266272,2.01353002140733
AR1,MLPQR_CAL,A1p,0,S_gls_pool,0.6619333333333334,0.6632796257953675,0.18,0.7947564017059833,1.1658074269943537
AR1,MLPQR_CAL,A1p,0,S_gls_ema,0.6619444444444444,0.6593423044133988,0.18333333333333332,0.8011990719786037,1.174754273198311
AR1,MLPQR_CAL,A1p,0,S_gls_hybrid,0.6556000000000001,0.6577802715333757,0.15333333333333332,0.8319439402256062,1.230274306418725
AR1,MLPQR_CAL,A1p,0,S_gls_emp,0.6530888888888889,0.6445811034601879,0.17333333333333334,0.8156122263988594,1.1696897541409483
AR1,MLPQR_CAL,A1p,0,S_gls_b,0.6129444444444445,0.6068682235799909,0.1,1.3374523480795208,2.0253515234639976
AR1,MLPQR_CAL,A1p,0,S_chi2,0.7840555555555556,0.7861816198016168,0.44666666666666666,1.2049282939485777,2.3086487937747617
AR1,MLPQR_CAL,A1p,0,S_maha,0.07089999999999999,0.33796371273018233,0.03,34.12458681086339,12.398215056021108
AR1,MLPQR_CAL,A2,0,S_max,0.5302444444444445,0.5167155937246048,0.006666666666666667,1.9181094295919423,1.9372437833293952
AR1,MLPQR_CAL,A2,0,S_max_raw,0.5613777777777778,0.5692209832246877,0.08,3.377215484028539,3.6363324824967376
AR1,MLPQR_CAL,A2,0,S_band,0.5793444444444446,0.586428120619169,0.08666666666666667,0.21354166666666666,0.2557291666666667
AR1,MLPQR_CAL,A2,0,S_mean,0.6084666666666667,0.6371900898523721,0.17,2.0507482501045073,2.807493950537423
AR1,MLPQR_CAL,A2,0,S_gls_pert,0.5844444444444444,0.6033961740732674,0.12333333333333334,1.3210461732266272,2.0658161614728163
AR1,MLPQR_CAL,A2,0,S_gls_pool,0.6113999999999999,0.6499398357435289,0.19333333333333333,0.7947564017059833,1.1198492170897218
AR1,MLPQR_CAL,A2,0,S_gls_ema,0.6090333333333334,0.6414466031512158,0.18333333333333332,0.8011990719786037,1.1250365806693552
AR1,MLPQR_CAL,A2,0,S_gls_hybrid,0.6166888888888888,0.6556574540829256,0.19666666666666666,0.8319439402256062,1.2108439712820471
AR1,MLPQR_CAL,A2,0,S_gls_emp,0.6229555555555556,0.6516207717366245,0.20666666666666667,0.8156122263988594,1.1654151950075535
AR1,MLPQR_CAL,A2,0,S_gls_b,0.5853444444444444,0.6038072135963667,0.11666666666666667,1.3374523480795208,2.0841379294247173
AR1,MLPQR_CAL,A2,0,S_chi2,0.5430555555555556,0.5800032518887386,0.14333333333333334,1.2049282939485777,1.4623080412399232
AR1,MLPQR_CAL,A2,0,S_maha,0.5475555555555556,0.5575944958507681,0.08666666666666667,34.12458681086339,40.315375626511816
AR1,MLPQR_CAL,A3,0,S_max,0.5743944444444444,0.5398509630424797,0.03666666666666667,1.9181094295919423,1.991195339995163
AR1,MLPQR_CAL,A3,0,S_max_raw,0.7116277777777777,0.7066956050606851,0.18333333333333332,3.377215484028539,4.303461354851462
AR1,MLPQR_CAL,A3,0,S_band,0.5539333333333333,0.5366514225042022,0.04666666666666667,0.21354166666666666,0.2353125
AR1,MLPQR_CAL,A3,0,S_mean,0.4891944444444445,0.4931982903983586,0.05333333333333334,2.0507482501045073,1.991030856220832
AR1,MLPQR_CAL,A3,0,S_gls_pert,0.4948944444444445,0.5059439192870343,0.06333333333333334,1.3210461732266272,1.3340811321892807
AR1,MLPQR_CAL,A3,0,S_gls_pool,0.48830555555555555,0.4933302676766341,0.06,0.7947564017059833,0.7733531246194252
AR1,MLPQR_CAL,A3,0,S_gls_ema,0.4904611111111111,0.4940098915249185,0.05333333333333334,0.8011990719786037,0.7806383918440575
AR1,MLPQR_CAL,A3,0,S_gls_hybrid,0.49349444444444446,0.5008325725966761,0.05,0.8319439402256062,0.8177504360977595
AR1,MLPQR_CAL,A3,0,S_gls_emp,0.49392777777777785,0.495859349524696,0.04666666666666667,0.8156122263988594,0.7982146845431355
AR1,MLPQR_CAL,A3,0,S_gls_b,0.4915611111111111,0.5051164933978961,0.06333333333333334,1.3374523480795208,1.3466195731105488
AR1,MLPQR_CAL,A3,0,S_chi2,0.47099444444444444,0.4934595452289578,0.06333333333333334,1.2049282939485777,1.1492769637677478
AR1,MLPQR_CAL,A3,0,S_maha,0.6519611111111111,0.6218423046988744,0.11666666666666667,34.12458681086339,42.638918956779115
AR1,MLPQR_CAL,A4,0,S_max,0.7776111111111111,0.7292136936104755,0.11,1.9181094295919423,2.092985778677236
AR1,MLPQR_CAL,A4,0,S_max_raw,0.8377222222222223,0.833912874315031,0.38666666666666666,3.377215484028539,5.089524388030379
AR1,MLPQR_CAL,A4,0,S_band,0.8491611111111111,0.8293198820031066,0.3233333333333333,0.21354166666666666,0.4141666666666667
AR1,MLPQR_CAL,A4,0,S_mean,0.5645555555555556,0.6015788054564543,0.16,2.0507482501045073,2.568935560260668
AR1,MLPQR_CAL,A4,0,S_gls_pert,0.5549333333333333,0.5554421739173527,0.08,1.3210461732266272,1.6738580653272017
AR1,MLPQR_CAL,A4,0,S_gls_pool,0.5713,0.6112950495463261,0.16666666666666666,0.7947564017059833,1.0150964727120266
AR1,MLPQR_CAL,A4,0,S_gls_ema,0.5791999999999999,0.604496076859191,0.14,0.8011990719786037,1.0265707934044674
AR1,MLPQR_CAL,A4,0,S_gls_hybrid,0.5656888888888889,0.5988233304600915,0.13,0.8319439402256062,1.0415952726833595
AR1,MLPQR_CAL,A4,0,S_gls_emp,0.5605222222222223,0.5940254724779415,0.15666666666666668,0.8156122263988594,1.013805350796361
AR1,MLPQR_CAL,A4,0,S_gls_b,0.5478444444444444,0.5520888383591527,0.08333333333333333,1.3374523480795208,1.6742255086928408
AR1,MLPQR_CAL,A4,0,S_chi2,0.7627555555555556,0.8065205670367007,0.49,1.2049282939485777,2.7238127855988825
AR1,MLPQR_CAL,A4,0,S_maha,0.8441000000000001,0.8080285627615132,0.2866666666666667,34.12458681086339,61.365991189976945
AR1,MLPQR_CAL,A0,1,S_max,0.013911111111111114,0.30839324856644845,0.0,1.903363598256692,0.884951342916974
AR1,MLPQR_CAL,A0,1,S_max_raw,0.02764444444444444,0.30925455439604893,0.0,3.333941740883307,1.312731909195011
AR1,MLPQR_CAL,A0,1,S_band,0.04273333333333331,0.46431791996278743,0.006666666666666667,0.21885416666666666,0.013645833333333333
AR1,MLPQR_CAL,A0,1,S_mean,0.3869666666666667,0.4231910992865185,0.023333333333333334,2.2772807124008096,1.6787167697671435
AR1,MLPQR_CAL,A0,1,S_gls_pert,0.391,0.42406516557605406,0.01,1.6609033572960157,1.0706323904278339
AR1,MLPQR_CAL,A0,1,S_gls_pool,0.3860444444444444,0.4192590701648604,0.013333333333333334,0.8818042466706898,0.6356721254452008
AR1,MLPQR_CAL,A0,1,S_gls_ema,0.38931111111111116,0.4197064168879605,0.013333333333333334,0.940077221256664,0.6733818727307821
AR1,MLPQR_CAL,A0,1,S_gls_hybrid,0.38177777777777777,0.40970490200096354,0.01,0.9189806630682562,0.6360989640430483
AR1,MLPQR_CAL,A0,1,S_gls_emp,0.3862555555555555,0.41797832749206876,0.013333333333333334,0.8594903070445404,0.6135768265928033
AR1,MLPQR_CAL,A0,1,S_gls_b,0.3913333333333333,0.42362733180842865,0.01,1.658668376224568,1.0661031225497373
AR1,MLPQR_CAL,A0,1,S_chi2,0.8872777777777777,0.8302116021098261,0.4866666666666667,1.2956252713500298,2.932710821510018
AR1,MLPQR_CAL,A0,1,S_maha,0.023111111111111107,0.309026252696931,0.0033333333333333335,35.820401553946034,5.284240410788654
AR1,MLPQR_CAL,A1,1,S_max,0.09505,0.32033824230445906,0.0,1.903363598256692,1.231053426764475
AR1,MLPQR_CAL,A1,1,S_max_raw,0.1269111111111111,0.32538030348050956,0.0,3.333941740883307,1.9115364681437026
AR1,MLPQR_CAL,A1,1,S_band,0.21868888888888888,0.4508431983203566,0.06,0.21885416666666666,0.10364583333333334
AR1,MLPQR_CAL,A1,1,S_mean,0.7222777777777778,0.7230229539647963,0.23333333333333334,2.2772807124008096,3.7807471073985677
AR1,MLPQR_CAL,A1,1,S_gls_pert,0.6670111111111111,0.6442378565117862,0.10333333333333333,1.6609033572960157,2.7610583346858495
AR1,MLPQR_CAL,A1,1,S_gls_pool,0.7426888888888888,0.7375231511589799,0.24333333333333335,0.8818042466706898,1.5328076509027058
AR1,MLPQR_CAL,A1,1,S_gls_ema,0.7323,0.7285363740815944,0.20666666666666667,0.940077221256664,1.6250882448885282
AR1,MLPQR_CAL,A1,1,S_gls_hybrid,0.7321333333333334,0.7346540430908163,0.2833333333333333,0.9189806630682562,1.602786619477741
AR1,MLPQR_CAL,A1,1,S_gls_emp,0.7435666666666667,0.7364490929623851,0.26666666666666666,0.8594903070445404,1.5001418740638652
AR1,MLPQR_CAL,A1,1,S_gls_b,0.6668333333333334,0.6423376969332715,0.10333333333333333,1.658668376224568,2.758147599688078
AR1,MLPQR_CAL,A1,1,S_chi2,0.7009888888888888,0.6981619030361201,0.23333333333333334,1.2956252713500298,2.132600266091836
AR1,MLPQR_CAL,A1,1,S_maha,0.12999999999999998,0.37258528730382834,0.06333333333333334,35.820401553946034,18.768601661102192
AR1,MLPQR_CAL,A1p,1,S_max,0.06422222222222222,0.31372118980009656,0.0,1.903363598256692,1.1107646989710054
AR1,MLPQR_CAL,A1p,1,S_max_raw,0.0819111111111111,0.31613309646812693,0.0,3.333941740883307,1.6792490394230881
AR1,MLPQR_CAL,A1p,1,S_band,0.1365333333333333,0.4255525752489256,0.016666666666666666,0.21885416666666666,0.05677083333333333
AR1,MLPQR_CAL,A1p,1,S_mean,0.5968222222222223,0.6004437854964829,0.10666666666666667,2.2772807124008096,2.902603097169985
AR1,MLPQR_CAL,A1p,1,S_gls_pert,0.5728444444444444,0.5627285290937971,0.06333333333333334,1.6609033572960157,2.1038651271018374
AR1,MLPQR_CAL,A1p,1,S_gls_pool,0.6284333333333334,0.62209505721549,0.12,0.8818042466706898,1.197113746991349
AR1,MLPQR_CAL,A1p,1,S_gls_ema,0.6185555555555555,0.6182954258395932,0.11,0.940077221256664,1.2633765724633441
AR1,MLPQR_CAL,A1p,1,S_gls_hybrid,0.6186333333333334,0.6201892922874522,0.16,0.9189806630682562,1.2415201844272545
AR1,MLPQR_CAL,A1p,1,S_gls_emp,0.6319555555555556,0.6223571086737446,0.12333333333333334,0.8594903070445404,1.1738820515463688
AR1,MLPQR_CAL,A1p,1,S_gls_b,0.5772999999999999,0.5645881629999244,0.06333333333333334,1.658668376224568,2.1128275224557074
AR1,MLPQR_CAL,A1p,1,S_chi2,0.7695444444444446,0.7387057370842525,0.24666666666666667,1.2956252713500298,2.3655198413645437
AR1,MLPQR_CAL,A1p,1,S_maha,0.09095555555555555,0.3395946512811179,0.02666666666666667,35.820401553946034,12.78114869920497
AR1,MLPQR_CAL,A2,1,S_max,0.4971055555555555,0.4913650966626645,0.0033333333333333335,1.903363598256692,1.9139155534042758
AR1,MLPQR_CAL,A2,1,S_max_raw,0.5640000000000001,0.5693567552001582,0.1,3.333941740883307,3.610329907360651
AR1,MLPQR_CAL,A2,1,S_band,0.5767388888888889,0.5883461091731021,0.1,0.21885416666666666,0.2653125
AR1,MLPQR_CAL,A2,1,S_mean,0.5937222222222223,0.6261929044708721,0.19,2.2772807124008096,3.010524961983069
AR1,MLPQR_CAL,A2,1,S_gls_pert,0.5685333333333333,0.5747240173143546,0.05333333333333334,1.6609033572960157,2.2487017186690554
AR1,MLPQR_CAL,A2,1,S_gls_pool,0.614,0.6396631886311117,0.18666666666666668,0.8818042466706898,1.2249418309523543
AR1,MLPQR_CAL,A2,1,S_gls_ema,0.6089777777777778,0.6407114943530756,0.16666666666666666,0.940077221256664,1.3064835281408211
AR1,MLPQR_CAL,A2,1,S_gls_hybrid,0.6039555555555556,0.6442889278764025,0.20333333333333334,0.9189806630682562,1.2878608883350937
AR1,MLPQR_CAL,A2,1,S_gls_emp,0.6178666666666667,0.6404914676160649,0.19,0.8594903070445404,1.2007377778070647
AR1,MLPQR_CAL,A2,1,S_gls_b,0.5729222222222222,0.5761680616883988,0.05333333333333334,1.658668376224568,2.255746059297499
AR1,MLPQR_CAL,A2,1,S_chi2,0.5747666666666666,0.5941547347051725,0.11666666666666667,1.2956252713500298,1.6595070503368183
AR1,MLPQR_CAL,A2,1,S_maha,0.5175666666666667,0.5308787021623049,0.056666666666666664,35.820401553946034,41.0602854452469
AR1,MLPQR_CAL,A3,1,S_max,0.57345,0.5406208466614022,0.03333333333333333,1.903363598256692,1.9945455975424364
AR1,MLPQR_CAL,A3,1,S_max_raw,0.7439444444444445,0.740791062078422,0.24,3.333941740883307,4.520532443317741
AR1,MLPQR_CAL,A3,1,S_band,0.5487277777777778,0.5288847632762891,0.056666666666666664,0.21885416666666666,0.239375
AR1,MLPQR_CAL,A3,1,S_mean,0.48605,0.49317327494236596,0.043333333333333335,2.2772807124008096,2.204346234164473
AR1,MLPQR_CAL,A3,1,S_gls_pert,0.4970055555555556,0.4999430774464341,0.03666666666666667,1.6609033572960157,1.619094686290662
AR1,MLPQR_CAL,A3,1,S_gls_pool,0.4911611111111111,0.4961988291148892,0.043333333333333335,0.8818042466706898,0.8628588076472024
AR1,MLPQR_CAL,A3,1,S_gls_ema,0.49055,0.49626827015779384,0.05,0.940077221256664,0.9191221309765749
AR1,MLPQR_CAL,A3,1,S_gls_hybrid,0.49157222222222224,0.49616798065764495,0.07,0.9189806630682562,0.9012124105062799
AR1,MLPQR_CAL,A3,1,S_gls_emp,0.4921833333333333,0.49734583427585743,0.056666666666666664,0.8594903070445404,0.8432285097963482
AR1,MLPQR_CAL,A3,1,S_gls_b,0.4934055555555555,0.49978784796630304,0.03666666666666667,1.658668376224568,1.6138801259404083
AR1,MLPQR_CAL,A3,1,S_chi2,0.47891666666666666,0.492102936041377,0.056666666666666664,1.2956252713500298,1.2456350313058129
AR1,MLPQR_CAL,A3,1,S_maha,0.6377499999999999,0.6037626175383681,0.08666666666666667,35.820401553946034,43.75266813706543
AR1,MLPQR_CAL,A4,1,S_max,0.7641277777777777,0.7063850655368731,0.08333333333333333,1.903363598256692,2.096124826870602
AR1,MLPQR_CAL,A4,1,S_max_raw,0.8562333333333334,0.8405087279420624,0.38333333333333336,3.333941740883307,5.163366900429745
AR1,MLPQR_CAL,A4,1,S_band,0.8363444444444446,0.8024093291656753,0.29,0.21885416666666666,0.4114583333333333
AR1,MLPQR_CAL,A4,1,S_mean,0.5180666666666667,0.5357631679855892,0.06,2.2772807124008096,2.4444525582269443
AR1,MLPQR_CAL,A4,1,S_gls_pert,0.5321888888888888,0.5295445006505364,0.043333333333333335,1.6609033572960157,1.8316625701708165
AR1,MLPQR_CAL,A4,1,S_gls_pool,0.5287555555555555,0.5514568752198379,0.08333333333333333,0.8818042466706898,0.9826128971603686
AR1,MLPQR_CAL,A4,1,S_gls_ema,0.5231333333333333,0.5431337379207762,0.07,0.940077221256664,1.0284444317719517
AR1,MLPQR_CAL,A4,1,S_gls_hybrid,0.5333222222222223,0.548845187893505,0.10333333333333333,0.9189806630682562,1.0307787623278653
AR1,MLPQR_CAL,A4,1,S_gls_emp,0.5336000000000001,0.5541426130989267,0.08666666666666667,0.8594903070445404,0.9698999805900242
AR1,MLPQR_CAL,A4,1,S_gls_b,0.5383111111111111,0.5327900252987137,0.04666666666666667,1.658668376224568,1.847682733204609
AR1,MLPQR_CAL,A4,1,S_chi2,0.7471666666666668,0.7799732577977395,0.37666666666666665,1.2956252713500298,2.6951854012244345
AR1,MLPQR_CAL,A4,1,S_maha,0.8318666666666666,0.7861115267169523,0.22333333333333333,35.820401553946034,62.13218708167129
AR1,MLPQR_CAL,A0,2,S_max,0.008777777777777773,0.30806829055834173,0.0,1.9231247759560002,0.8661319898244915
AR1,MLPQR_CAL,A0,2,S_max_raw,0.017300000000000006,0.30848540778419675,0.0,3.3778591839663537,1.2562904523172016
AR1,MLPQR_CAL,A0,2,S_band,0.02324999999999999,0.4711480885410027,0.0,0.22395833333333334,0.008125
AR1,MLPQR_CAL,A0,2,S_mean,0.3898,0.41535194312481627,0.006666666666666667,2.189962465630277,1.576962012936267
AR1,MLPQR_CAL,A0,2,S_gls_pert,0.3850444444444444,0.42286864454338186,0.023333333333333334,1.3837217899887628,0.9096454190010085
AR1,MLPQR_CAL,A0,2,S_gls_pool,0.38654444444444447,0.4125839929660566,0.0033333333333333335,0.7876669531733359,0.5561969059906219
AR1,MLPQR_CAL,A0,2,S_gls_ema,0.3942888888888889,0.41909769037390227,0.006666666666666667,0.8857024843296866,0.6225319674315495
AR1,MLPQR_CAL,A0,2,S_gls_hybrid,0.37744444444444447,0.4084827213533644,0.0033333333333333335,0.8456306428886913,0.5820228651477328
AR1,MLPQR_CAL,A0,2,S_gls_emp,0.36842222222222226,0.4054936377885197,0.0033333333333333335,0.8011026368598617,0.5519793911743783
AR1,MLPQR_CAL,A0,2,S_gls_b,0.3809444444444444,0.42055583124392154,0.023333333333333334,1.3918873741611886,0.9045650964382727
AR1,MLPQR_CAL,A0,2,S_chi2,0.8971444444444446,0.8292411754558013,0.43333333333333335,1.2446571386622005,2.959221799047991
AR1,MLPQR_CAL,A0,2,S_maha,0.015822222222222217,0.3084707310411216,0.0033333333333333335,36.91851909666763,4.634937513557775
AR1,MLPQR_CAL,A1,2,S_max,0.0927111111111111,0.3201177768453429,0.01,1.9231247759560002,1.2801542691834806
AR1,MLPQR_CAL,A1,2,S_max_raw,0.11021111111111112,0.32252573215094466,0.0033333333333333335,3.3778591839663537,1.9165201115902561
AR1,MLPQR_CAL,A1,2,S_band,0.24025,0.45852935544005324,0.06,0.22395833333333334,0.116875
AR1,MLPQR_CAL,A1,2,S_mean,0.7564333333333333,0.7621688795357469,0.27,2.189962465630277,3.9479200569097688
AR1,MLPQR_CAL,A1,2,S_gls_pert,0.7085444444444444,0.6868386985605559,0.15333333333333332,1.3837217899887628,2.6015669315540184
AR1,MLPQR_CAL,A1,2,S_gls_pool,0.7897111111111111,0.7890267473003436,0.33,0.7876669531733359,1.5296704701117165
AR1,MLPQR_CAL,A1,2,S_gls_ema,0.7739777777777778,0.7582824473251756,0.24,0.8857024843296866,1.729051536316207
AR1,MLPQR_CAL,A1,2,S_gls_hybrid,0.7722666666666667,0.7806098256389224,0.31,0.8456306428886913,1.6205014491494327
AR1,MLPQR_CAL,A1,2,S_gls_emp,0.7853888888888888,0.7936966515917034,0.31333333333333335,0.8011026368598617,1.5185896349790067
AR1,MLPQR_CAL,A1,2,S_gls_b,0.7056222222222222,0.684818510257694,0.15666666666666668,1.3918873741611886,2.6024037520650443
AR1,MLPQR_CAL,A1,2,S_chi2,0.6973111111111111,0.6831568459432648,0.14333333333333334,1.2446571386622005,2.0289218198507384
AR1,MLPQR_CAL,A1,2,S_maha,0.10924444444444445,0.34764529144521417,0.04,36.91851909666763,16.02544284003312
AR1,MLPQR_CAL,A1p,2,S_max,0.05078888888888888,0.3125377012822212,0.006666666666666667,1.9231247759560002,1.1406859191135892
AR1,MLPQR_CAL,A1p,2,S_max_raw,0.06818888888888891,0.3142566204463781,0.0033333333333333335,3.3778591839663537,1.6796905468664538
AR1,MLPQR_CAL,A1p,2,S_band,0.13773333333333332,0.42406008307181164,0.02666666666666667,0.22395833333333334,0.06302083333333333
AR1,MLPQR_CAL,A1p,2,S_mean,0.6385888888888889,0.6357061006507441,0.14,2.189962465630277,3.0301337348824884
AR1,MLPQR_CAL,A1p,2,S_gls_pert,0.6275666666666667,0.6136748593224886,0.09333333333333334,1.3837217899887628,2.02443802775274
AR1,MLPQR_CAL,A1p,2,S_gls_pool,0.6845333333333333,0.6728001772468271,0.18333333333333332,0.7876669531733359,1.200339066156948
AR1,MLPQR_CAL,A1p,2,S_gls_ema,0.6723444444444444,0.6557990551038841,0.11333333333333333,0.8857024843296866,1.3507350941177578
AR1,MLPQR_CAL,A1p,2,S_gls_hybrid,0.6698777777777778,0.6710123658388987,0.17,0.8456306428886913,1.2708715391177083
AR1,MLPQR_CAL,A1p,2,S_gls_emp,0.6761222222222223,0.67477788611005,0.17,0.8011026368598617,1.1931671518608515
AR1,MLPQR_CAL,A1p,2,S_gls_b,0.6289555555555556,0.6140086655922825,0.09666666666666666,1.3918873741611886,2.0359283101412613
AR1,MLPQR_CAL,A1p,2,S_chi2,0.7453444444444444,0.7165554253628392,0.21,1.2446571386622005,2.240015881982142
AR1,MLPQR_CAL,A1p,2,S_maha,0.06997777777777776,0.32403273090505974,0.023333333333333334,36.91851909666763,11.173581918811314
AR1,MLPQR_CAL,A2,2,S_max,0.5450777777777777,0.5615038710255561,0.11,1.9231247759560002,1.9642180043068842
AR1,MLPQR_CAL,A2,2,S_max_raw,0.5527111111111112,0.563197030965539,0.11,3.3778591839663537,3.616630384112729
AR1,MLPQR_CAL,A2,2,S_band,0.589,0.5950717248215871,0.10666666666666667,0.22395833333333334,0.2738541666666667
AR1,MLPQR_CAL,A2,2,S_mean,0.6275333333333333,0.653349081352199,0.17666666666666667,2.189962465630277,3.0881557364797483
AR1,MLPQR_CAL,A2,2,S_gls_pert,0.6144333333333334,0.6083914595798499,0.09666666666666666,1.3837217899887628,1.9969424457165181
AR1,MLPQR_CAL,A2,2,S_gls_pool,0.6520888888888889,0.6750004693561183,0.21666666666666667,0.7876669531733359,1.1857267302313093
AR1,MLPQR_CAL,A2,2,S_gls_ema,0.6448222222222223,0.6520521780189741,0.15,0.8857024843296866,1.3540551429654408
AR1,MLPQR_CAL,A2,2,S_gls_hybrid,0.6390666666666667,0.6703461846293293,0.19666666666666666,0.8456306428886913,1.2602347209367728
AR1,MLPQR_CAL,A2,2,S_gls_emp,0.6369333333333332,0.6777936670193703,0.19333333333333333,0.8011026368598617,1.1783320591627622
AR1,MLPQR_CAL,A2,2,S_gls_b,0.6138222222222223,0.6074928671418756,0.1,1.3918873741611886,1.9989325065736905
AR1,MLPQR_CAL,A2,2,S_chi2,0.5758666666666667,0.5969231280610496,0.12,1.2446571386622005,1.6239592784107437
AR1,MLPQR_CAL,A2,2,S_maha,0.5385333333333333,0.5319706978943979,0.056666666666666664,36.91851909666763,39.47352657145454
AR1,MLPQR_CAL,A3,2,S_max,0.6050611111111112,0.5821017232304481,0.11,1.9231247759560002,2.018458446688784
AR1,MLPQR_CAL,A3,2,S_max_raw,0.7357111111111111,0.7342435136978047,0.28,3.3778591839663537,4.469093851834941
AR1,MLPQR_CAL,A3,2,S_band,0.5532111111111111,0.5339659962036348,0.05,0.22395833333333334,0.24572916666666667
AR1,MLPQR_CAL,A3,2,S_mean,0.49679999999999996,0.4989326412543969,0.043333333333333335,2.189962465630277,2.162656442495951
AR1,MLPQR_CAL,A3,2,S_gls_pert,0.49368888888888895,0.5021981394953317,0.05,1.3837217899887628,1.3829483211500666
AR1,MLPQR_CAL,A3,2,S_gls_pool,0.4969555555555556,0.4994186261570813,0.04666666666666667,0.7876669531733359,0.7813040613558306
AR1,MLPQR_CAL,A3,2,S_gls_ema,0.4961333333333333,0.5022500439348777,0.04,0.8857024843296866,0.8807708375118257
AR1,MLPQR_CAL,A3,2,S_gls_hybrid,0.4967888888888889,0.5028259243709812,0.05333333333333334,0.8456306428886913,0.8420351377255104
AR1,MLPQR_CAL,A3,2,S_gls_emp,0.49628888888888884,0.5024564990047437,0.043333333333333335,0.8011026368598617,0.7971675925715469
AR1,MLPQR_CAL,A3,2,S_gls_b,0.49814444444444445,0.5039365693268436,0.05,1.3918873741611886,1.3967091494426367
AR1,MLPQR_CAL,A3,2,S_chi2,0.47055555555555556,0.49440484290386566,0.05333333333333334,1.2446571386622005,1.1888257196016272
AR1,MLPQR_CAL,A3,2,S_maha,0.6472111111111111,0.6032651653556933,0.08,36.91851909666763,44.94269169602563
AR1,MLPQR_CAL,A4,2,S_max,0.8083166666666667,0.7699641971577409,0.25333333333333335,1.9231247759560002,2.1183405570594185
AR1,MLPQR_CAL,A4,2,S_max_raw,0.841011111111111,0.8261996222316974,0.4066666666666667,3.3778591839663537,4.990727758803317
AR1,MLPQR_CAL,A4,2,S_band,0.8389277777777778,0.8124776570735003,0.33666666666666667,0.22395833333333334,0.4146875
AR1,MLPQR_CAL,A4,2,S_mean,0.557288888888889,0.5874460342945604,0.11,2.189962465630277,2.6297560848673514
AR1,MLPQR_CAL,A4,2,S_gls_pert,0.5823999999999999,0.5815835749787684,0.09,1.3837217899887628,1.9283709503753341
AR1,MLPQR_CAL,A4,2,S_gls_pool,0.5705111111111112,0.6040494209150622,0.14,0.7876669531733359,1.0024778924165851
AR1,MLPQR_CAL,A4,2,S_gls_ema,0.5650555555555555,0.5836999499020978,0.11333333333333333,0.8857024843296866,1.1196619733512234
AR1,MLPQR_CAL,A4,2,S_gls_hybrid,0.5683444444444444,0.606196793123383,0.15333333333333332,0.8456306428886913,1.0733767257460511
AR1,MLPQR_CAL,A4,2,S_gls_emp,0.5471555555555556,0.602581827144666,0.15,0.8011026368598617,0.9885097113519717
AR1,MLPQR_CAL,A4,2,S_gls_b,0.5818222222222221,0.5805959777811174,0.09666666666666666,1.3918873741611886,1.938784904884131
AR1,MLPQR_CAL,A4,2,S_chi2,0.7701888888888888,0.7991183958208532,0.36,1.2446571386622005,2.762237068918282
AR1,MLPQR_CAL,A4,2,S_maha,0.8417444444444444,0.7844004651086698,0.20666666666666667,36.91851909666763,67.06140367377863
AR1,ORACLE,A0,0,S_max,0.0,0.5,0.0,2.1058494661509797,0.0
AR1,ORACLE,A0,0,S_max_raw,0.0,0.5,0.0,2.190812680337836,0.0
AR1,ORACLE,A0,0,S_band,0.0016666666666666496,0.5,0.0,0.1940625,0.0
AR1,ORACLE,A0,0,S_mean,0.0,0.5,0.0,1.6416509912687536,0.0
AR1,ORACLE,A0,0,S_gls_pert,0.0,0.5,0.0,0.7350467749669581,0.0
AR1,ORACLE,A0,0,S_gls_pool,0.0,0.5,0.0,0.735046774966958,0.0
AR1,ORACLE,A0,0,S_gls_ema,0.0,0.5,0.0,0.7350467749669582,0.0
AR1,ORACLE,A0,0,S_gls_hybrid,0.0,0.5,0.0,0.7509940458884412,0.0
AR1,ORACLE,A0,0,S_gls_emp,0.0,0.5,0.0,0.7902534205989175,0.0
AR1,ORACLE,A0,0,S_gls_b,0.0,0.5,0.0,0.7473984392985781,0.0
AR1,ORACLE,A0,0,S_chi2,0.9933333333333333,0.9933774834437086,1.0,1.0718404428270254,4.0
AR1,ORACLE,A0,0,S_maha,0.0,0.5,0.0,28.433254246670355,0.0
AR1,ORACLE,A1,0,S_max,0.0,0.49834440753045406,0.0,2.1058494661509797,0.6987049837700042
AR1,ORACLE,A1,0,S_max_raw,0.0,0.4279214326310549,0.0,2.190812680337836,0.70001063746742
AR1,ORACLE,A1,0,S_band,0.0016666666666666496,0.5,0.0,0.1940625,0.0
AR1,ORACLE,A1,0,S_mean,0.9566666666666667,0.9584664536741214,1.0,1.6416509912687536,3.9524722565808537
AR1,ORACLE,A1,0,S_gls_pert,0.9633333333333334,0.909645103046717,1.0,0.7350467749669581,1.833658256002014
AR1,ORACLE,A1,0,S_gls_pool,0.9633333333333334,0.9452448676725204,1.0,0.735046774966958,1.833658256002014
AR1,ORACLE,A1,0,S_gls_ema,0.9633333333333334,0.9285098230647113,1.0,0.7350467749669582,1.8336582560020145
AR1,ORACLE,A1,0,S_gls_hybrid,0.9533333333333334,0.8894498010496867,1.0,0.7509940458884412,1.850805418933243
AR1,ORACLE,A1,0,S_gls_emp,0.9433333333333334,0.9269051545204372,0.0,0.7902534205989175,1.8924591111810245
AR1,ORACLE,A1,0,S_gls_b,0.9433333333333334,0.8639752327662185,0.0,0.7473984392985781,1.8150549926876534
AR1,ORACLE,A1,0,S_chi2,0.8966666666666667,0.902401224978636,0.0,1.0718404428270254,2.047245382619833
AR1,ORACLE,A1,0,S_maha,0.0,0.34496982246486674,0.0,28.433254246670355,3.3623025998043476
AR1,ORACLE,A1p,0,S_max,0.0,0.5,0.0,2.1058494661509797,0.6987049837700042
AR1,ORACLE,A1p,0,S_max_raw,0.0,0.4328317326356984,0.0,2.190812680337836,0.70001063746742
AR1,ORACLE,A1p,0,S_band,0.0016666666666666496,0.5,0.0,0.1940625,0.0
AR1,ORACLE,A1p,0,S_mean,0.8200000000000001,0.847457627118644,0.0,1.6416509912687536,2.8832464076937154
AR1,ORACLE,A1p,0,S_gls_pert,0.8466666666666667,0.758871405125014,0.0,0.7350467749669581,1.3703250861972804
AR1,ORACLE,A1p,0,S_gls_pool,0.8466666666666667,0.7778425191799969,0.0,0.735046774966958,1.3703250861972802
AR1,ORACLE,A1p,0,S_gls_ema,0.8466666666666667,0.7876780368864044,0.0,0.7350467749669582,1.3703250861972807
AR1,ORACLE,A1p,0,S_gls_hybrid,0.83,0.730564038967005,0.0,0.7509940458884412,1.3840396013365568
AR1,ORACLE,A1p,0,S_gls_emp,0.8266666666666667,0.76352752623961,0.0,0.7902534205989175,1.416095359064475
AR1,ORACLE,A1p,0,S_gls_b,0.8366666666666667,0.725969877272949,0.0,0.7473984392985781,1.384322903421145
AR1,ORACLE,A1p,0,S_chi2,0.9666666666666667,0.967741935483871,1.0,1.0718404428270254,2.9554910915268695
AR1,ORACLE,A1p,0,S_maha,0.0,0.33645006747010187,0.0,28.433254246670355,1.916351501816647
AR1,ORACLE,A2,0,S_max,0.5728,0.5678513880995271,0.0,2.1058494661509797,2.2619838921991224
AR1,ORACLE,A2,0,S_max_raw,0.6246,0.6153629194780783,0.11666666666666667,2.190812680337836,2.386082556012332
AR1,ORACLE,A2,0,S_band,0.6266055555555555,0.630837657726444,0.16666666666666666,0.1940625,0.24635416666666668
AR1,ORACLE,A2,0,S_mean,0.7006555555555556,0.7305421764843438,0.2833333333333333,1.6416509912687536,2.8851171149221995
AR1,ORACLE,A2,0,S_gls_pert,0.7241555555555554,0.7532784958318367,0.27666666666666667,0.7350467749669581,1.3601266866778157
AR1,ORACLE,A2,0,S_gls_pool,0.7241555555555554,0.7532784958318367,0.27666666666666667,0.735046774966958,1.3601266866778154
AR1,ORACLE,A2,0,S_gls_ema,0.7241555555555554,0.7532784958318367,0.27666666666666667,0.7350467749669582,1.3601266866778157
AR1,ORACLE,A2,0,S_gls_hybrid,0.7269555555555556,0.7550541082816049,0.29333333333333333,0.7509940458884412,1.3907110482693648
AR1,ORACLE,A2,0,S_gls_emp,0.7221666666666666,0.7527167663002884,0.29333333333333333,0.7902534205989175,1.4416786072978858
AR1,ORACLE,A2,0,S_gls_b,0.7241000000000001,0.7542336809342812,0.2733333333333333,0.7473984392985781,1.3734461264748614
AR1,ORACLE,A2,0,S_chi2,0.5513777777777777,0.6004120753570921,0.17666666666666667,1.0718404428270254,1.4219119022084699
AR1,ORACLE,A2,0,S_maha,0.5628333333333333,0.5591063759232129,0.06,28.433254246670355,29.90902064767654
AR1,ORACLE,A3,0,S_max,0.6981722222222222,0.6434228859197112,0.0,2.1058494661509797,2.4454381689092877
AR1,ORACLE,A3,0,S_max_raw,0.8182222222222222,0.8402462502477501,0.4633333333333333,2.190812680337836,3.003488418197018
AR1,ORACLE,A3,0,S_band,0.5717055555555556,0.5489668497368076,0.07666666666666666,0.1940625,0.21729166666666666
AR1,ORACLE,A3,0,S_mean,0.49515000000000003,0.5013747723081483,0.056666666666666664,1.6416509912687536,1.6257582238951729
AR1,ORACLE,A3,0,S_gls_pert,0.5075277777777778,0.5073249303217229,0.05,0.7350467749669581,0.7433074329322634
AR1,ORACLE,A3,0,S_gls_pool,0.5075277777777778,0.5073249303217229,0.05,0.735046774966958,0.7433074329322634
AR1,ORACLE,A3,0,S_gls_ema,0.5075277777777778,0.5073249303217229,0.05,0.7350467749669582,0.7433074329322634
AR1,ORACLE,A3,0,S_gls_hybrid,0.5072944444444445,0.506690196589357,0.06,0.7509940458884412,0.7586063067697627
AR1,ORACLE,A3,0,S_gls_emp,0.5059833333333333,0.5077396901569688,0.056666666666666664,0.7902534205989175,0.7990512000642267
AR1,ORACLE,A3,0,S_gls_b,0.5057166666666667,0.5096982839100103,0.05333333333333334,0.7473984392985781,0.7585975932198857
AR1,ORACLE,A3,0,S_chi2,0.44099444444444447,0.48357944442723577,0.07666666666666666,1.0718404428270254,0.9726599355108414
AR1,ORACLE,A3,0,S_maha,0.8845722222222223,0.8893835075978866,0.55,28.433254246670355,41.68401385570241
AR1,ORACLE,A4,0,S_max,0.8426777777777777,0.768597609533567,0.0,2.1058494661509797,2.5501663692358525
AR1,ORACLE,A4,0,S_max_raw,0.9379777777777778,0.9425214497201333,0.7533333333333333,2.190812680337836,3.49348744647494
AR1,ORACLE,A4,0,S_band,0.9259111111111111,0.9198787403620164,0.71,0.1940625,0.4219791666666667
AR1,ORACLE,A4,0,S_mean,0.6475333333333333,0.6892958270738094,0.25666666666666665,1.6416509912687536,2.660937300047479
AR1,ORACLE,A4,0,S_gls_pert,0.648,0.6924291347364085,0.23333333333333334,0.7350467749669581,1.1899348745872733
AR1,ORACLE,A4,0,S_gls_pool,0.648,0.6924291347364085,0.23333333333333334,0.735046774966958,1.1899348745872733
AR1,ORACLE,A4,0,S_gls_ema,0.648,0.6924291347364085,0.23333333333333334,0.7350467749669582,1.1899348745872738
AR1,ORACLE,A4,0,S_gls_hybrid,0.6475666666666666,0.691089425338207,0.22666666666666666,0.7509940458884412,1.2064220969752073
AR1,ORACLE,A4,0,S_gls_emp,0.6438555555555555,0.6895714183397491,0.24666666666666667,0.7902534205989175,1.254664278208937
AR1,ORACLE,A4,0,S_gls_b,0.6469666666666667,0.6914515384877317,0.22666666666666666,0.7473984392985781,1.1946247445844664
AR1,ORACLE,A4,0,S_chi2,0.8997333333333333,0.927219726672185,0.7666666666666667,1.0718404428270254,4.230816612377615
AR1,ORACLE,A4,0,S_maha,0.9919333333333333,0.9928365633330464,0.9566666666666667,28.433254246670355,62.5888563104473
AR1,ORACLE,A0,1,S_max,0.0,0.5,0.0,2.1144431188898247,0.0
AR1,ORACLE,A0,1,S_max_raw,0.0,0.5,0.0,2.2004821485420907,0.0
AR1,ORACLE,A0,1,S_band,0.0,0.5,0.0,0.2084375,0.0
AR1,ORACLE,A0,1,S_mean,0.0,0.5,0.0,1.8443408906820886,0.0
AR1,ORACLE,A0,1,S_gls_pert,0.0,0.5,0.0,0.8376841508183915,0.0
AR1,ORACLE,A0,1,S_gls_pool,0.0,0.5,0.0,0.8376841508183914,0.0
AR1,ORACLE,A0,1,S_gls_ema,0.0,0.5,0.0,0.8376841508183918,0.0
AR1,ORACLE,A0,1,S_gls_hybrid,0.0,0.5,0.0,0.8564181337026245,0.0
AR1,ORACLE,A0,1,S_gls_emp,0.0,0.5,0.0,0.8934942309883024,0.0
AR1,ORACLE,A0,1,S_gls_b,0.0,0.5,0.0,0.8274392095060061,0.0
AR1,ORACLE,A0,1,S_chi2,0.99,0.9900990099009901,1.0,1.1523136765863995,4.0
AR1,ORACLE,A0,1,S_maha,0.0,0.5,0.0,28.797405596927074,0.0
AR1,ORACLE,A1,1,S_max,0.0,0.5,0.0,2.1144431188898247,0.6987049837700042
AR1,ORACLE,A1,1,S_max_raw,0.0,0.4320626151012891,0.0,2.2004821485420907,0.70001063746742
AR1,ORACLE,A1,1,S_band,0.0,0.5,0.0,0.2084375,0.0
AR1,ORACLE,A1,1,S_mean,0.8866666666666667,0.8982035928143712,0.0,1.8443408906820886,3.9524722565808537
AR1,ORACLE,A1,1,S_gls_pert,0.9333333333333333,0.8562137341582927,0.0,0.8376841508183915,1.833658256002014
AR1,ORACLE,A1,1,S_gls_pool,0.9333333333333333,0.9161357526881722,0.0,0.8376841508183914,1.8336582560020138
AR1,ORACLE,A1,1,S_gls_ema,0.9333333333333333,0.8844264113168993,0.0,0.8376841508183918,1.8336582560020145
AR1,ORACLE,A1,1,S_gls_hybrid,0.9299999999999999,0.8587464143580185,0.0,0.8564181337026245,1.8799075497954751
AR1,ORACLE,A1,1,S_gls_emp,0.92,0.8878828565499861,0.0,0.8934942309883024,1.9529756452813467
AR1,ORACLE,A1,1,S_gls_b,0.9166666666666666,0.8187351202465898,0.0,0.8274392095060061,1.8150549926876534
AR1,ORACLE,A1,1,S_chi2,0.87,0.882249373936137,0.0,1.1523136765863995,2.047245382619833
AR1,ORACLE,A1,1,S_maha,0.0,0.3513973296669261,0.0,28.797405596927074,3.3623025998043476
AR1,ORACLE,A1p,1,S_max,0.0,0.5,0.0,2.1144431188898247,0.6987049837700042
AR1,ORACLE,A1p,1,S_max_raw,0.0,0.4299143476200149,0.0,2.2004821485420907,0.70001063746742
AR1,ORACLE,A1p,1,S_band,0.0,0.5,0.0,0.2084375,0.0
AR1,ORACLE,A1p,1,S_mean,0.8066666666666666,0.8379888268156425,0.0,1.8443408906820886,2.8832464076937154
AR1,ORACLE,A1p,1,S_gls_pert,0.8266666666666667,0.7330800669570676,0.0,0.8376841508183915,1.3703250861972804
AR1,ORACLE,A1p,1,S_gls_pool,0.8266666666666667,0.741447391365145,0.0,0.8376841508183914,1.3703250861972802
AR1,ORACLE,A1p,1,S_gls_ema,0.8266666666666667,0.7697377166528252,0.0,0.8376841508183918,1.3703250861972807
AR1,ORACLE,A1p,1,S_gls_hybrid,0.8133333333333334,0.7361815322200342,0.0,0.8564181337026245,1.3988344250561329
AR1,ORACLE,A1p,1,S_gls_emp,0.8033333333333333,0.7309258859027652,0.0,0.8934942309883024,1.4464936083913216
AR1,ORACLE,A1p,1,S_gls_b,0.8266666666666667,0.7131039351746503,0.0,0.8274392095060061,1.384322903421145
AR1,ORACLE,A1p,1,S_chi2,0.9666666666666667,0.967741935483871,1.0,1.1523136765863995,2.9554910915268695
AR1,ORACLE,A1p,1,S_maha,0.0,0.33965404597303644,0.0,28.797405596927074,1.9163515018166466
AR1,ORACLE,A2,1,S_max,0.5718722222222222,0.5676602627327452,0.0,2.1144431188898247,2.265032588696853
AR1,ORACLE,A2,1,S_max_raw,0.6245111111111111,0.6255510724110582,0.15333333333333332,2.2004821485420907,2.4187984594608953
AR1,ORACLE,A2,1,S_band,0.6112611111111111,0.6312815565911644,0.13333333333333333,0.2084375,0.2609375
AR1,ORACLE,A2,1,S_mean,0.6938222222222221,0.7208395851588532,0.23333333333333334,1.8443408906820886,3.127937042130809
AR1,ORACLE,A2,1,S_gls_pert,0.6974777777777779,0.7312909478181655,0.28,0.8376841508183915,1.4450493632067498
AR1,ORACLE,A2,1,S_gls_pool,0.6974777777777779,0.7312909478181655,0.28,0.8376841508183914,1.4450493632067498
AR1,ORACLE,A2,1,S_gls_ema,0.6974777777777779,0.7312909478181655,0.28,0.8376841508183918,1.4450493632067503
AR1,ORACLE,A2,1,S_gls_hybrid,0.6996888888888888,0.7301667684933497,0.24333333333333335,0.8564181337026245,1.4778812003388972
AR1,ORACLE,A2,1,S_gls_emp,0.6988333333333332,0.7268844539631953,0.23333333333333334,0.8934942309883024,1.5337349322703868
AR1,ORACLE,A2,1,S_gls_b,0.7034333333333334,0.7355739469938689,0.2866666666666667,0.8274392095060061,1.4489899568159361
AR1,ORACLE,A2,1,S_chi2,0.5875333333333332,0.6443207073885013,0.22,1.1523136765863995,1.7079705356109534
AR1,ORACLE,A2,1,S_maha,0.5696555555555556,0.564064086837377,0.07333333333333333,28.797405596927074,30.33400114114332
AR1,ORACLE,A3,1,S_max,0.7175222222222223,0.6565242140998783,0.0,2.1144431188898247,2.479956561834869
AR1,ORACLE,A3,1,S_max_raw,0.8469222222222222,0.8675622729660113,0.5433333333333333,2.2004821485420907,3.1800243430944093
AR1,ORACLE,A3,1,S_band,0.5663555555555555,0.5432930099529303,0.03333333333333333,0.2084375,0.23020833333333332
AR1,ORACLE,A3,1,S_mean,0.49190555555555554,0.5059187854914633,0.05333333333333334,1.8443408906820886,1.824356157796686
AR1,ORACLE,A3,1,S_gls_pert,0.4965611111111111,0.5051360822503436,0.05333333333333334,0.8376841508183915,0.8355183000011908
AR1,ORACLE,A3,1,S_gls_pool,0.4965611111111111,0.5051360822503436,0.05333333333333334,0.8376841508183914,0.8355183000011909
AR1,ORACLE,A3,1,S_gls_ema,0.4965611111111111,0.5051360822503436,0.05333333333333334,0.8376841508183918,0.835518300001191
AR1,ORACLE,A3,1,S_gls_hybrid,0.4979833333333333,0.5056148230182987,0.04666666666666667,0.8564181337026245,0.856198968115162
AR1,ORACLE,A3,1,S_gls_emp,0.4993166666666667,0.505281142403486,0.05333333333333334,0.8934942309883024,0.8976637437815153
AR1,ORACLE,A3,1,S_gls_b,0.49768333333333337,0.5089955204865,0.06,0.8274392095060061,0.8310920299317658
AR1,ORACLE,A3,1,S_chi2,0.4450944444444444,0.4889876591940372,0.06666666666666667,1.1523136765863995,1.0713684861041355
AR1,ORACLE,A3,1,S_maha,0.8786277777777778,0.8806642438748526,0.4866666666666667,28.797405596927074,41.74442452366056
AR1,ORACLE,A4,1,S_max,0.8612944444444445,0.7876758774768367,0.0,2.1144431188898247,2.5667868012522552
AR1,ORACLE,A4,1,S_max_raw,0.9485222222222223,0.9493423836096352,0.76,2.2004821485420907,3.56923486986501
AR1,ORACLE,A4,1,S_band,0.9101777777777779,0.8998956330569573,0.5166666666666667,0.2084375,0.4290625
AR1,ORACLE,A4,1,S_mean,0.592911111111111,0.6216866247392341,0.13,1.8443408906820886,2.4734452047851803
AR1,ORACLE,A4,1,S_gls_pert,0.5962000000000001,0.6259160441267579,0.15,0.8376841508183915,1.1276627738887208
AR1,ORACLE,A4,1,S_gls_pool,0.5962000000000001,0.6259160441267579,0.15,0.8376841508183914,1.1276627738887206
AR1,ORACLE,A4,1,S_gls_ema,0.5962000000000001,0.6259160441267579,0.15,0.8376841508183918,1.127662773888721
AR1,ORACLE,A4,1,S_gls_hybrid,0.5999,0.6280261934289644,0.12666666666666668,0.8564181337026245,1.1645057740151883
AR1,ORACLE,A4,1,S_gls_emp,0.6065777777777779,0.6338265574033538,0.13666666666666666,0.8934942309883024,1.2314022618994522
AR1,ORACLE,A4,1,S_gls_b,0.6059,0.6310992583926568,0.16,0.8274392095060061,1.1304926209032449
AR1,ORACLE,A4,1,S_chi2,0.9046444444444444,0.9249259505318835,0.72,1.1523136765863995,4.310647365087973
AR1,ORACLE,A4,1,S_maha,0.9942555555555556,0.9951069934985631,0.9766666666666667,28.797405596927074,62.021487839719995
AR1,ORACLE,A0,2,S_max,0.0,0.5,0.0,2.1308411678812473,0.0
AR1,ORACLE,A0,2,S_max_raw,0.0,0.5,0.0,2.2239276639394028,0.0
AR1,ORACLE,A0,2,S_band,0.0,0.5,0.0,0.2071875,0.0
AR1,ORACLE,A0,2,S_mean,0.0,0.5,0.0,1.7999823132602948,0.0
AR1,ORACLE,A0,2,S_gls_pert,0.0,0.5,0.0,0.7914357719884447,0.0
AR1,ORACLE,A0,2,S_gls_pool,0.0,0.5,0.0,0.7914357719884447,0.0
AR1,ORACLE,A0,2,S_gls_ema,0.0,0.5,0.0,0.7914357719884447,0.0
AR1,ORACLE,A0,2,S_gls_hybrid,0.0,0.5,0.0,0.8067553653675404,0.0
AR1,ORACLE,A0,2,S_gls_emp,0.0,0.5,0.0,0.8433569896895807,0.0
AR1,ORACLE,A0,2,S_gls_b,0.0,0.5,0.0,0.7836696578105977,0.0
AR1,ORACLE,A0,2,S_chi2,0.9833333333333333,0.9836065573770492,1.0,1.1303369790211966,4.0
AR1,ORACLE,A0,2,S_maha,0.0,0.5,0.0,28.704192216060793,0.0
AR1,ORACLE,A1,2,S_max,0.0,0.49834440753045406,0.0,2.1308411678812473,0.6987049837700042
AR1,ORACLE,A1,2,S_max_raw,0.0,0.43095395956538385,0.0,2.2239276639394028,0.70001063746742
AR1,ORACLE,A1,2,S_band,0.0,0.5,0.0,0.2071875,0.0
AR1,ORACLE,A1,2,S_mean,0.9299999999999999,0.9345794392523364,0.0,1.7999823132602948,3.9524722565808537
AR1,ORACLE,A1,2,S_gls_pert,0.9533333333333334,0.8937922345016212,1.0,0.7914357719884447,1.833658256002014
AR1,ORACLE,A1,2,S_gls_pool,0.9533333333333334,0.9111508717750757,1.0,0.7914357719884447,1.8336582560020138
AR1,ORACLE,A1,2,S_gls_ema,0.9533333333333334,0.9102013423535614,1.0,0.7914357719884447,1.8336582560020145
AR1,ORACLE,A1,2,S_gls_hybrid,0.9533333333333334,0.9108657893611425,1.0,0.8067553653675404,1.8461824649608032
AR1,ORACLE,A1,2,S_gls_emp,0.95,0.945534822770765,1.0,0.8433569896895807,1.8817029983179554
AR1,ORACLE,A1,2,S_gls_b,0.95,0.8745260869014355,1.0,0.7836696578105977,1.815054992687653
AR1,ORACLE,A1,2,S_chi2,0.8733333333333333,0.8845907447707776,0.0,1.1303369790211966,2.047245382619833
AR1,ORACLE,A1,2,S_maha,0.0,0.34660625791845395,0.0,28.704192216060793,3.3623025998043476
AR1,ORACLE,A1p,2,S_max,0.0,0.49833890746934223,0.0,2.1308411678812473,0.6987049837700042
AR1,ORACLE,A1p,2,S_max_raw,0.0,0.43505400913133313,0.0,2.2239276639394028,0.70001063746742
AR1,ORACLE,A1p,2,S_band,0.0,0.5,0.0,0.2071875,0.0
AR1,ORACLE,A1p,2,S_mean,0.8133333333333334,0.8426966292134831,0.0,1.7999823132602948,2.8832464076937154
AR1,ORACLE,A1p,2,S_gls_pert,0.83,0.7354306451470138,0.0,0.7914357719884447,1.3703250861972804
AR1,ORACLE,A1p,2,S_gls_pool,0.83,0.7569574483810002,0.0,0.7914357719884447,1.3703250861972807
AR1,ORACLE,A1p,2,S_gls_ema,0.83,0.7707706047076494,0.0,0.7914357719884447,1.3703250861972807
AR1,ORACLE,A1p,2,S_gls_hybrid,0.8266666666666667,0.7676543085300938,0.0,0.8067553653675404,1.380095986718704
AR1,ORACLE,A1p,2,S_gls_emp,0.8333333333333334,0.7474102956443858,0.0,0.8433569896895807,1.4078440002597072
AR1,ORACLE,A1p,2,S_gls_b,0.8566666666666667,0.7462314097169472,0.0,0.7836696578105977,1.384322903421145
AR1,ORACLE,A1p,2,S_chi2,0.96,0.9615384615384616,1.0,1.1303369790211966,2.9554910915268695
AR1,ORACLE,A1p,2,S_maha,0.0,0.33833525960904137,0.0,28.704192216060793,1.916351501816647
AR1,ORACLE,A2,2,S_max,0.5542166666666667,0.5569178219420017,0.0,2.1308411678812473,2.2757347004618023
AR1,ORACLE,A2,2,S_max_raw,0.6126555555555555,0.616053593368945,0.12666666666666668,2.2239276639394028,2.427815405300665
AR1,ORACLE,A2,2,S_band,0.6288277777777778,0.6326462281610886,0.16,0.2071875,0.26177083333333334
AR1,ORACLE,A2,2,S_mean,0.6949666666666667,0.7259732486912968,0.27666666666666667,1.7999823132602948,3.031945941337768
AR1,ORACLE,A2,2,S_gls_pert,0.7195000000000001,0.7536892389838694,0.33,0.7914357719884447,1.412502573565895
AR1,ORACLE,A2,2,S_gls_pool,0.7195000000000001,0.7536892389838694,0.33,0.7914357719884447,1.4125025735658951
AR1,ORACLE,A2,2,S_gls_ema,0.7195000000000001,0.7536892389838694,0.33,0.7914357719884447,1.4125025735658951
AR1,ORACLE,A2,2,S_gls_hybrid,0.7102666666666666,0.7511790977688545,0.32666666666666666,0.8067553653675404,1.4193580779369983
AR1,ORACLE,A2,2,S_gls_emp,0.6984,0.7442679652104395,0.31333333333333335,0.8433569896895807,1.449205575178759
AR1,ORACLE,A2,2,S_gls_b,0.7210000000000001,0.7593868099627655,0.34,0.7836696578105977,1.4099357691020389
AR1,ORACLE,A2,2,S_chi2,0.5806,0.612730126176803,0.16,1.1303369790211966,1.555653210007819
AR1,ORACLE,A2,2,S_maha,0.5648,0.5480741422961903,0.05,28.704192216060793,30.054291285848702
AR1,ORACLE,A3,2,S_max,0.7016388888888889,0.6402711977533473,0.0,2.1308411678812473,2.4777270224892383
AR1,ORACLE,A3,2,S_max_raw,0.827,0.8436684719244818,0.45666666666666667,2.2239276639394028,3.0915831743757476
AR1,ORACLE,A3,2,S_band,0.568111111111111,0.549287261258738,0.06,0.2071875,0.23010416666666667
AR1,ORACLE,A3,2,S_mean,0.5012222222222223,0.5043391983603985,0.043333333333333335,1.7999823132602948,1.8060549345411756
AR1,ORACLE,A3,2,S_gls_pert,0.5118888888888888,0.511433518981225,0.06,0.7914357719884447,0.8127441601630744
AR1,ORACLE,A3,2,S_gls_pool,0.5118888888888888,0.511433518981225,0.06,0.7914357719884447,0.8127441601630744
AR1,ORACLE,A3,2,S_gls_ema,0.5118888888888888,0.511433518981225,0.06,0.7914357719884447,0.8127441601630744
AR1,ORACLE,A3,2,S_gls_hybrid,0.5163888888888889,0.5169390023741404,0.06,0.8067553653675404,0.8364755362232533
AR1,ORACLE,A3,2,S_gls_emp,0.5213,0.5233088243004376,0.06666666666666667,0.8433569896895807,0.8864705708155142
AR1,ORACLE,A3,2,S_gls_b,0.5175111111111111,0.516735000455938,0.06333333333333334,0.7836696578105977,0.8165639582303778
AR1,ORACLE,A3,2,S_chi2,0.4630444444444445,0.4962066984113103,0.08,1.1303369790211966,1.0883115064630218
AR1,ORACLE,A3,2,S_maha,0.8823333333333334,0.8762623517257789,0.47,28.704192216060793,41.78476909438609
AR1,ORACLE,A4,2,S_max,0.8425833333333334,0.7687766464967547,0.0,2.1308411678812473,2.553540611898023
AR1,ORACLE,A4,2,S_max_raw,0.9302666666666667,0.9349018546154212,0.7066666666666667,2.2239276639394028,3.4710316858221253
AR1,ORACLE,A4,2,S_band,0.9057333333333333,0.8966921450400067,0.5566666666666666,0.2071875,0.41854166666666665
AR1,ORACLE,A4,2,S_mean,0.6339444444444444,0.6738223429016086,0.22,1.7999823132602948,2.6995085285773346
AR1,ORACLE,A4,2,S_gls_pert,0.6401777777777778,0.6802548452887874,0.22333333333333333,0.7914357719884447,1.2097428448514111
AR1,ORACLE,A4,2,S_gls_pool,0.6401777777777778,0.6802548452887874,0.22333333333333333,0.7914357719884447,1.2097428448514111
AR1,ORACLE,A4,2,S_gls_ema,0.6401777777777778,0.6802548452887874,0.22333333333333333,0.7914357719884447,1.2097428448514111
AR1,ORACLE,A4,2,S_gls_hybrid,0.6351222222222221,0.6787936761857968,0.22666666666666666,0.8067553653675404,1.2182293989158082
AR1,ORACLE,A4,2,S_gls_emp,0.6251111111111112,0.6758754023042529,0.23666666666666666,0.8433569896895807,1.2525614537227883
AR1,ORACLE,A4,2,S_gls_b,0.6414444444444445,0.6836561406158743,0.21666666666666667,0.7836696578105977,1.2085450028287994
AR1,ORACLE,A4,2,S_chi2,0.8912888888888888,0.9143765660799781,0.7233333333333334,1.1303369790211966,4.177850520685917
AR1,ORACLE,A4,2,S_maha,0.9904999999999999,0.9914906456978979,0.9633333333333334,28.704192216060793,62.0417971716792
RW,MLPQR,A0,0,S_max,0.11727777777777776,0.323233525029644,0.0,1.7788020439470817,0.9709463183054057
RW,MLPQR,A0,0,S_max_raw,0.12846666666666667,0.32575412401950987,0.0,2.3646145250285855,1.0988745192155003
RW,MLPQR,A0,0,S_band,0.1807666666666667,0.4370445585371132,0.01,0.3140625,0.06854166666666667
RW,MLPQR,A0,0,S_mean,0.31466666666666665,0.38174620233208867,0.006666666666666667,4.598586145458462,2.6419933808223868
RW,MLPQR,A0,0,S_gls_pert,0.3629888888888889,0.4006915519815937,0.0033333333333333335,0.9750548046498407,0.6194710094264496
RW,MLPQR,A0,0,S_gls_pool,0.3571777777777778,0.39729463663042086,0.006666666666666667,0.9693603205937643,0.6047177384368274
RW,MLPQR,A0,0,S_gls_ema,0.35744444444444445,0.39745220505191736,0.006666666666666667,0.9684246251360383,0.6041737428374115
RW,MLPQR,A0,0,S_gls_hybrid,0.3615555555555556,0.39927234997917666,0.0033333333333333335,0.9349293127489751,0.5897924965696357
RW,MLPQR,A0,0,S_gls_emp,0.3605444444444445,0.39830679283058024,0.01,0.9110139300630679,0.5711436908684522
RW,MLPQR,A0,0,S_gls_b,0.3667222222222222,0.4052421841021236,0.01,0.9435491059925387,0.6319635488000981
RW,MLPQR,A0,0,S_chi2,0.5960666666666665,0.51471595287059,0.006666666666666667,3.5646767395457393,2.9829857952597134
RW,MLPQR,A0,0,S_maha,0.02341111111111111,0.309267216138381,0.0,19.19458599832901,3.9854983819521936
RW,MLPQR,A1,0,S_max,0.2839777777777778,0.3825132092162908,0.0,1.7788020439470817,1.348772515349837
RW,MLPQR,A1,0,S_max_raw,0.2666777777777778,0.36989761651093533,0.013333333333333334,2.3646145250285855,1.5579532237904945
RW,MLPQR,A1,0,S_band,0.3984388888888889,0.5082071606573799,0.06666666666666667,0.3140625,0.2683333333333333
RW,MLPQR,A1,0,S_mean,0.5545111111111111,0.5349740867639396,0.05333333333333334,4.598586145458462,5.112903234625643
RW,MLPQR,A1,0,S_gls_pert,0.5789777777777778,0.5502655681873917,0.04666666666666667,0.9750548046498407,1.1418867833765483
RW,MLPQR,A1,0,S_gls_pool,0.5780555555555555,0.5415846763209422,0.03333333333333333,0.9693603205937643,1.1243392237655412
RW,MLPQR,A1,0,S_gls_ema,0.5780444444444444,0.5417979137635698,0.03666666666666667,0.9684246251360383,1.1233507567196273
RW,MLPQR,A1,0,S_gls_hybrid,0.5826888888888889,0.5519408638887316,0.043333333333333335,0.9349293127489751,1.1003564336913179
RW,MLPQR,A1,0,S_gls_emp,0.5813444444444444,0.5485134076222895,0.03666666666666667,0.9110139300630679,1.0680839219259655
RW,MLPQR,A1,0,S_gls_b,0.4855444444444445,0.4864909743839072,0.03,0.9435491059925387,0.8925038255580493
RW,MLPQR,A1,0,S_chi2,0.5535777777777777,0.523717572011569,0.05333333333333334,3.5646767395457393,3.6487306765001235
RW,MLPQR,A1,0,S_maha,0.05382222222222223,0.31261908472892164,0.0,19.19458599832901,5.224991325030435
RW,MLPQR,A1p,0,S_max,0.15452222222222223,0.332828938741289,0.0,1.7788020439470817,1.0552070027999536
RW,MLPQR,A1p,0,S_max_raw,0.16064444444444442,0.3337796876057033,0.0,2.3646145250285855,1.2028464043287967
RW,MLPQR,A1p,0,S_band,0.19953333333333334,0.4320595428108327,0.013333333333333334,0.3140625,0.08427083333333334
RW,MLPQR,A1p,0,S_mean,0.3409333333333333,0.395771885607251,0.01,4.598586145458462,2.917178685476267
RW,MLPQR,A1p,0,S_gls_pert,0.4128,0.43051919771606045,0.016666666666666666,0.9750548046498407,0.7392580479661622
RW,MLPQR,A1p,0,S_gls_pool,0.4062333333333334,0.42578638856219786,0.013333333333333334,0.9693603205937643,0.7220086366388279
RW,MLPQR,A1p,0,S_gls_ema,0.40628888888888887,0.42602007525042285,0.013333333333333334,0.9684246251360383,0.7218395951434086
RW,MLPQR,A1p,0,S_gls_hybrid,0.41072222222222227,0.4290402781227754,0.013333333333333334,0.9349293127489751,0.7044664893291542
RW,MLPQR,A1p,0,S_gls_emp,0.4076666666666667,0.42762668775160945,0.013333333333333334,0.9110139300630679,0.6823701638876702
RW,MLPQR,A1p,0,S_gls_b,0.43748888888888887,0.44902048569237063,0.013333333333333334,0.9435491059925387,0.7841383682844425
RW,MLPQR,A1p,0,S_chi2,0.5769666666666666,0.5062887740531823,0.01,3.5646767395457393,3.0096374387793094
RW,MLPQR,A1p,0,S_maha,0.033244444444444445,0.3101382659321093,0.0,19.19458599832901,4.389378366761887
RW,MLPQR,A2,0,S_max,0.5082,0.5038267228922717,0.0,1.7788020439470817,1.8036310787959147
RW,MLPQR,A2,0,S_max_raw,0.5085222222222223,0.5146125059818223,0.056666666666666664,2.3646145250285855,2.4126803909955483
RW,MLPQR,A2,0,S_band,0.5130277777777779,0.5182184544380186,0.05,0.3140625,0.32729166666666665
RW,MLPQR,A2,0,S_mean,0.5161555555555556,0.5228326145882054,0.056666666666666664,4.598586145458462,4.795347963097948
RW,MLPQR,A2,0,S_gls_pert,0.5304444444444445,0.5323370733678428,0.06333333333333334,0.9750548046498407,1.0584183973386707
RW,MLPQR,A2,0,S_gls_pool,0.5291333333333333,0.5339474041188723,0.06666666666666667,0.9693603205937643,1.0512325646547578
RW,MLPQR,A2,0,S_gls_ema,0.5291555555555556,0.5334746214570301,0.07,0.9684246251360383,1.050795952986003
RW,MLPQR,A2,0,S_gls_hybrid,0.5366333333333334,0.5370698100192102,0.06666666666666667,0.9349293127489751,1.024786126552528
RW,MLPQR,A2,0,S_gls_emp,0.5379777777777778,0.5392576962457909,0.07,0.9110139300630679,1.0056626001828906
RW,MLPQR,A2,0,S_gls_b,0.5134222222222222,0.535319519651647,0.08333333333333333,0.9435491059925387,1.006163308905722
RW,MLPQR,A2,0,S_chi2,0.52,0.5217109264571895,0.06333333333333334,3.5646767395457393,3.825344387264017
RW,MLPQR,A2,0,S_maha,0.5093888888888889,0.5172239530243277,0.06333333333333334,19.19458599832901,19.612665913848446
RW,MLPQR,A3,0,S_max,0.5697388888888889,0.5460989759871457,0.0,1.7788020439470817,1.912474464372864
RW,MLPQR,A3,0,S_max_raw,0.5679055555555554,0.5509300310150564,0.06666666666666667,2.3646145250285855,2.6102517213069474
RW,MLPQR,A3,0,S_band,0.5150222222222222,0.5070590852278365,0.04666666666666667,0.3140625,0.3215625
RW,MLPQR,A3,0,S_mean,0.5001055555555556,0.5035388731121722,0.04666666666666667,4.598586145458462,4.6008585561010875
RW,MLPQR,A3,0,S_gls_pert,0.50445,0.5064653009978579,0.05,0.9750548046498407,0.9854581205153291
RW,MLPQR,A3,0,S_gls_pool,0.5043944444444444,0.5076054166751455,0.05333333333333334,0.9693603205937643,0.9805910132777198
RW,MLPQR,A3,0,S_gls_ema,0.5044833333333334,0.5077530244099318,0.05333333333333334,0.9684246251360383,0.9796005960121577
RW,MLPQR,A3,0,S_gls_hybrid,0.5052944444444445,0.5093690827736252,0.05333333333333334,0.9349293127489751,0.948462930091708
RW,MLPQR,A3,0,S_gls_emp,0.5086055555555555,0.5124022459760772,0.05333333333333334,0.9110139300630679,0.9356057881815989
RW,MLPQR,A3,0,S_gls_b,0.5089611111111112,0.5117038539887853,0.04666666666666667,0.9435491059925387,0.967113294638706
RW,MLPQR,A3,0,S_chi2,0.4913055555555556,0.5010851017260554,0.05,3.5646767395457393,3.553907800931622
RW,MLPQR,A3,0,S_maha,0.6809611111111111,0.6815896025090926,0.18,19.19458599832901,27.34992554015001
RW,MLPQR,A4,0,S_max,0.7124333333333333,0.6662807766671448,0.0,1.7788020439470817,2.1812403511733773
RW,MLPQR,A4,0,S_max_raw,0.7365999999999999,0.7192335892457038,0.19333333333333333,2.3646145250285855,3.5201240484147607
RW,MLPQR,A4,0,S_band,0.6781444444444445,0.6326910646045613,0.07666666666666666,0.3140625,0.49291666666666667
RW,MLPQR,A4,0,S_mean,0.5973222222222222,0.6053528694697607,0.10333333333333333,4.598586145458462,5.911019292553936
RW,MLPQR,A4,0,S_gls_pert,0.579188888888889,0.5750834736557104,0.08,0.9750548046498407,1.1931801284733468
RW,MLPQR,A4,0,S_gls_pool,0.5735444444444444,0.5716003597150922,0.08,0.9693603205937643,1.1714120526823015
RW,MLPQR,A4,0,S_gls_ema,0.5756333333333333,0.5720266170821826,0.08,0.9684246251360383,1.1740140790326081
RW,MLPQR,A4,0,S_gls_hybrid,0.5796,0.5744196396099926,0.08,0.9349293127489751,1.1445904552755704
RW,MLPQR,A4,0,S_gls_emp,0.579911111111111,0.5769701149327735,0.09,0.9110139300630679,1.11344903502736
RW,MLPQR,A4,0,S_gls_b,0.5536222222222222,0.5547798816345413,0.07333333333333333,0.9435491059925387,1.0774819090137675
RW,MLPQR,A4,0,S_chi2,0.6064777777777777,0.6241158350483139,0.13666666666666666,3.5646767395457393,5.787614570259095
RW,MLPQR,A4,0,S_maha,0.7592888888888887,0.7780728584620498,0.3466666666666667,19.19458599832901,34.301882216617535
RW,MLPQR,A0,1,S_max,0.10448333333333334,0.32053771136031717,0.0,1.8087877898415259,0.9994755409032604
RW,MLPQR,A0,1,S_max_raw,0.10781111111111111,0.3211595105673024,0.0,2.457368658480469,1.1077498058072308
RW,MLPQR,A0,1,S_band,0.15224444444444443,0.4332926716173994,0.0033333333333333335,0.34239583333333334,0.06958333333333333
RW,MLPQR,A0,1,S_mean,0.3063222222222222,0.37799162536238295,0.0,4.882010051389874,2.7337216876471486
RW,MLPQR,A0,1,S_gls_pert,0.3571666666666667,0.39720850930732776,0.0,1.0167621779140636,0.6448577071097007
RW,MLPQR,A0,1,S_gls_pool,0.35847777777777784,0.39713118216405774,0.0,1.0021666244452976,0.6382196662233897
RW,MLPQR,A0,1,S_gls_ema,0.35773333333333335,0.39674462025125845,0.0,1.0050477605035368,0.6390651393989661
RW,MLPQR,A0,1,S_gls_hybrid,0.3537333333333334,0.39524285488264627,0.0,0.9861153259404986,0.620808559454184
RW,MLPQR,A0,1,S_gls_emp,0.34979999999999994,0.39322662485070625,0.0,0.9631924855088526,0.6023524213491425
RW,MLPQR,A0,1,S_gls_b,0.4073888888888889,0.4199420108056391,0.006666666666666667,0.8853468101932533,0.6581320348774465
RW,MLPQR,A0,1,S_chi2,0.6216888888888888,0.5332804852408762,0.0,3.781612539506368,2.862760125557964
RW,MLPQR,A0,1,S_maha,0.02291111111111111,0.3093275374399667,0.0,20.58340235294768,4.111935686085712
RW,MLPQR,A1,1,S_max,0.2696888888888889,0.38054423891898903,0.0,1.8087877898415259,1.3512518356444707
RW,MLPQR,A1,1,S_max_raw,0.24560000000000004,0.36343812537981973,0.006666666666666667,2.457368658480469,1.5608925456394638
RW,MLPQR,A1,1,S_band,0.35985555555555554,0.48896393013683603,0.06666666666666667,0.34239583333333334,0.2628125
RW,MLPQR,A1,1,S_mean,0.5354888888888889,0.5198018890236483,0.05,4.882010051389874,5.160197217282766
RW,MLPQR,A1,1,S_gls_pert,0.5530555555555555,0.5368242467132223,0.043333333333333335,1.0167621779140636,1.1340381256248993
RW,MLPQR,A1,1,S_gls_pool,0.5535666666666668,0.537776952674127,0.04666666666666667,1.0021666244452976,1.1181333948264103
RW,MLPQR,A1,1,S_gls_ema,0.5536000000000001,0.5376484371940938,0.043333333333333335,1.0050477605035368,1.122215601814114
RW,MLPQR,A1,1,S_gls_hybrid,0.5516222222222221,0.5364026778590995,0.03666666666666667,0.9861153259404986,1.0970433205562844
RW,MLPQR,A1,1,S_gls_emp,0.5481,0.535911428558874,0.04666666666666667,0.9631924855088526,1.066851519606625
RW,MLPQR,A1,1,S_gls_b,0.4958444444444444,0.4981035940313692,0.04666666666666667,0.8853468101932533,0.8730307035735223
RW,MLPQR,A1,1,S_chi2,0.5722111111111111,0.5337495784465698,0.04666666666666667,3.781612539506368,3.77769377314567
RW,MLPQR,A1,1,S_maha,0.04642222222222222,0.311778132766272,0.0,20.58340235294768,5.224161955531767
RW,MLPQR,A1p,1,S_max,0.14506666666666668,0.3305839923495101,0.0,1.8087877898415259,1.0697051078938082
RW,MLPQR,A1p,1,S_max_raw,0.14275555555555558,0.328964374273069,0.0,2.457368658480469,1.2062621765461745
RW,MLPQR,A1p,1,S_band,0.19116666666666665,0.4240939190781203,0.013333333333333334,0.34239583333333334,0.10166666666666667
RW,MLPQR,A1p,1,S_mean,0.32010000000000005,0.3866095232152468,0.0,4.882010051389874,2.9246579617479287
RW,MLPQR,A1p,1,S_gls_pert,0.39478888888888886,0.42041719216370466,0.013333333333333334,1.0167621779140636,0.741522828563924
RW,MLPQR,A1p,1,S_gls_pool,0.3977111111111111,0.42082785448742144,0.01,1.0021666244452976,0.7356903388063428
RW,MLPQR,A1p,1,S_gls_ema,0.3970111111111111,0.42049661690881873,0.01,1.0050477605035368,0.7361442780947685
RW,MLPQR,A1p,1,S_gls_hybrid,0.39055555555555566,0.41757471231084387,0.01,0.9861153259404986,0.712944212966936
RW,MLPQR,A1p,1,S_gls_emp,0.38707777777777774,0.41575570492104685,0.01,0.9631924855088526,0.6906634507901339
RW,MLPQR,A1p,1,S_gls_b,0.45817777777777774,0.4608845907010408,0.03,0.8853468101932533,0.7781144562459714
RW,MLPQR,A1p,1,S_chi2,0.6353666666666666,0.5393360298482761,0.0,3.781612539506368,3.054417962529801
RW,MLPQR,A1p,1,S_maha,0.02936666666666667,0.3099565521327139,0.0,20.58340235294768,4.447120607716391
RW,MLPQR,A2,1,S_max,0.5076722222222223,0.5061493987666348,0.0,1.8087877898415259,1.8240588783478202
RW,MLPQR,A2,1,S_max_raw,0.4985777777777778,0.507119846547788,0.06,2.457368658480469,2.4680732217051338
RW,MLPQR,A2,1,S_band,0.5018333333333334,0.5108356422072561,0.05333333333333334,0.34239583333333334,0.3439583333333333
RW,MLPQR,A2,1,S_mean,0.5052777777777778,0.521340211230654,0.06333333333333334,4.882010051389874,4.967486151589491
RW,MLPQR,A2,1,S_gls_pert,0.5111111111111111,0.5262976325273073,0.08,1.0167621779140636,1.0702720703134936
RW,MLPQR,A2,1,S_gls_pool,0.5150888888888889,0.5293663791890788,0.08333333333333333,1.0021666244452976,1.0609873607006326
RW,MLPQR,A2,1,S_gls_ema,0.5145111111111111,0.5290604409325539,0.08333333333333333,1.0050477605035368,1.0640943114343384
RW,MLPQR,A2,1,S_gls_hybrid,0.5114888888888889,0.5255852850636543,0.07666666666666666,0.9861153259404986,1.0383454401436483
RW,MLPQR,A2,1,S_gls_emp,0.5101333333333333,0.5283793947973395,0.08333333333333333,0.9631924855088526,1.0130518152117
RW,MLPQR,A2,1,S_gls_b,0.5318444444444445,0.5397024055959398,0.09333333333333334,0.8853468101932533,0.9722531987010093
RW,MLPQR,A2,1,S_chi2,0.4987111111111111,0.5202546092711027,0.07,3.781612539506368,3.9957275257981943
RW,MLPQR,A2,1,S_maha,0.5148111111111111,0.5104747944666982,0.05333333333333334,20.58340235294768,20.960751878708507
RW,MLPQR,A3,1,S_max,0.5783833333333332,0.5582176331288733,0.0,1.8087877898415259,1.9526571440848728
RW,MLPQR,A3,1,S_max_raw,0.5745055555555556,0.5598821963212679,0.08333333333333333,2.457368658480469,2.7480703869304755
RW,MLPQR,A3,1,S_band,0.5104944444444444,0.5040585629665109,0.04,0.34239583333333334,0.348125
RW,MLPQR,A3,1,S_mean,0.4975611111111111,0.5025804772063769,0.05333333333333334,4.882010051389874,4.864026810603747
RW,MLPQR,A3,1,S_gls_pert,0.49630555555555556,0.5037985592861574,0.056666666666666664,1.0167621779140636,1.0138105238100437
RW,MLPQR,A3,1,S_gls_pool,0.49812777777777784,0.5068749683494318,0.056666666666666664,1.0021666244452976,1.0036938156672637
RW,MLPQR,A3,1,S_gls_ema,0.49761666666666665,0.506564370211138,0.05333333333333334,1.0050477605035368,1.0060583402138212
RW,MLPQR,A3,1,S_gls_hybrid,0.4988722222222222,0.5059967497410722,0.05,0.9861153259404986,0.9883589991738165
RW,MLPQR,A3,1,S_gls_emp,0.5044944444444445,0.5110218506244809,0.056666666666666664,0.9631924855088526,0.9751447368971133
RW,MLPQR,A3,1,S_gls_b,0.50535,0.5085641785427645,0.06333333333333334,0.8853468101932533,0.9007195373473497
RW,MLPQR,A3,1,S_chi2,0.49475,0.5032949112382383,0.05333333333333334,3.781612539506368,3.7867849294642655
RW,MLPQR,A3,1,S_maha,0.6780055555555555,0.6514883820470359,0.11333333333333333,20.58340235294768,28.810204023355503
RW,MLPQR,A4,1,S_max,0.7309555555555556,0.6922905405650136,0.0,1.8087877898415259,2.2147064450475265
RW,MLPQR,A4,1,S_max_raw,0.7302333333333333,0.7120063716461134,0.21333333333333335,2.457368658480469,3.5981948828358306
RW,MLPQR,A4,1,S_band,0.6573777777777777,0.6046386487334887,0.06333333333333334,0.34239583333333334,0.49645833333333333
RW,MLPQR,A4,1,S_mean,0.5818111111111111,0.5977517078183903,0.10666666666666667,4.882010051389874,5.981773023875546
RW,MLPQR,A4,1,S_gls_pert,0.5667777777777777,0.5699654199123094,0.07333333333333333,1.0167621779140636,1.2174672919484142
RW,MLPQR,A4,1,S_gls_pool,0.5644444444444444,0.5736350372583343,0.1,1.0021666244452976,1.1985028648078184
RW,MLPQR,A4,1,S_gls_ema,0.5650666666666666,0.5738748103253318,0.09,1.0050477605035368,1.203184806647656
RW,MLPQR,A4,1,S_gls_hybrid,0.5620777777777778,0.5727446209279493,0.08,0.9861153259404986,1.1749897853286488
RW,MLPQR,A4,1,S_gls_emp,0.5604666666666667,0.5740499467257738,0.09,0.9631924855088526,1.1441073816404985
RW,MLPQR,A4,1,S_gls_b,0.5670000000000001,0.5762678672828154,0.11333333333333333,0.8853468101932533,1.062813532707544
RW,MLPQR,A4,1,S_chi2,0.6158111111111111,0.6258958810057309,0.13,3.781612539506368,5.916452795080904
RW,MLPQR,A4,1,S_maha,0.7543666666666666,0.7392545762670916,0.19333333333333333,20.58340235294768,35.3577718351132
RW,MLPQR,A0,2,S_max,0.12366666666666667,0.32471341630058553,0.0,1.8368331189647453,0.9930995137932782
RW,MLPQR,A0,2,S_max_raw,0.1321222222222222,0.3265952231975012,0.0033333333333333335,2.4561717307320396,1.1288813439161582
RW,MLPQR,A0,2,S_band,0.18651111111111113,0.4291068009538944,0.01,0.369375,0.0921875
RW,MLPQR,A0,2,S_mean,0.3149333333333333,0.38104128670362397,0.0033333333333333335,5.047005507063337,2.8942577184977356
RW,MLPQR,A0,2,S_gls_pert,0.3479777777777778,0.3995335722357489,0.01,1.0740461023978156,0.703217810082557
RW,MLPQR,A0,2,S_gls_pool,0.3525666666666667,0.3993044372000812,0.01,1.0616193749983733,0.692901161346405
RW,MLPQR,A0,2,S_gls_ema,0.351388888888889,0.3987576935184651,0.01,1.061632890421544,0.6923386744310547
RW,MLPQR,A0,2,S_gls_hybrid,0.34502222222222223,0.39727048104391166,0.01,1.0332009490733902,0.6686204510144579
RW,MLPQR,A0,2,S_gls_emp,0.3458777777777778,0.3967063002344325,0.01,1.0015000832385528,0.6442593990177761
RW,MLPQR,A0,2,S_gls_b,0.4127222222222222,0.42681417216901696,0.016666666666666666,0.9210543363697453,0.7011172509634565
RW,MLPQR,A0,2,S_chi2,0.5437555555555555,0.4794234506807622,0.0033333333333333335,3.985238351552213,3.0498669047050337
RW,MLPQR,A0,2,S_maha,0.029200000000000007,0.3096055444289963,0.0,18.693781639742955,4.012167934658977
RW,MLPQR,A1,2,S_max,0.27423333333333333,0.3779268730745905,0.0,1.8368331189647453,1.3569072080372053
RW,MLPQR,A1,2,S_max_raw,0.2539666666666667,0.3673410160052155,0.013333333333333334,2.4561717307320396,1.5950511262061757
RW,MLPQR,A1,2,S_band,0.37387777777777775,0.5210197797974128,0.11333333333333333,0.369375,0.28458333333333335
RW,MLPQR,A1,2,S_mean,0.5221888888888889,0.5207106402680834,0.06,5.047005507063337,5.277913144171024
RW,MLPQR,A1,2,S_gls_pert,0.5424444444444445,0.5412134925724159,0.07,1.0740461023978156,1.1913481395646761
RW,MLPQR,A1,2,S_gls_pool,0.5432,0.5400972355696914,0.07,1.0616193749983733,1.1788685911227328
RW,MLPQR,A1,2,S_gls_ema,0.5430444444444444,0.5399107025454305,0.07333333333333333,1.061632890421544,1.1781662556175887
RW,MLPQR,A1,2,S_gls_hybrid,0.5430555555555556,0.5394182700188888,0.07333333333333333,1.0332009490733902,1.1468360514868345
RW,MLPQR,A1,2,S_gls_emp,0.5430888888888888,0.5381054008211004,0.07,1.0015000832385528,1.1104117766308215
RW,MLPQR,A1,2,S_gls_b,0.5123777777777778,0.5078578016844846,0.05,0.9210543363697453,0.9428407227304357
RW,MLPQR,A1,2,S_chi2,0.5295222222222222,0.5148519021168466,0.05333333333333334,3.985238351552213,3.9772278449831324
RW,MLPQR,A1,2,S_maha,0.05225555555555557,0.3123910883393885,0.0,18.693781639742955,5.020300928437824
RW,MLPQR,A1p,2,S_max,0.16392222222222225,0.3347755799203157,0.0,1.8368331189647453,1.0965095957225794
RW,MLPQR,A1p,2,S_max_raw,0.16947777777777778,0.33616169471051116,0.006666666666666667,2.4561717307320396,1.2747564815560621
RW,MLPQR,A1p,2,S_band,0.21523333333333333,0.4224312084212645,0.023333333333333334,0.369375,0.11489583333333334
RW,MLPQR,A1p,2,S_mean,0.3478888888888889,0.39740610618316935,0.013333333333333334,5.047005507063337,3.2490101586074567
RW,MLPQR,A1p,2,S_gls_pert,0.4100777777777778,0.4350427372458656,0.02,1.0740461023978156,0.8462582269627317
RW,MLPQR,A1p,2,S_gls_pool,0.4131555555555556,0.434468005073094,0.016666666666666666,1.0616193749983733,0.83517156584643
RW,MLPQR,A1p,2,S_gls_ema,0.4128,0.43429752689378376,0.016666666666666666,1.061632890421544,0.8351071945645429
RW,MLPQR,A1p,2,S_gls_hybrid,0.40615555555555555,0.43240848246739827,0.02,1.0332009490733902,0.8034372318635381
RW,MLPQR,A1p,2,S_gls_emp,0.4052111111111111,0.4312825450523249,0.016666666666666666,1.0015000832385528,0.7719915623814835
RW,MLPQR,A1p,2,S_gls_b,0.48175555555555555,0.4768622098947898,0.04,0.9210543363697453,0.861968865336956
RW,MLPQR,A1p,2,S_chi2,0.5214666666666667,0.47238274016708437,0.013333333333333334,3.985238351552213,3.0581995857466686
RW,MLPQR,A1p,2,S_maha,0.03595555555555556,0.3103227836809912,0.0,18.693781639742955,4.321010300646282
RW,MLPQR,A2,2,S_max,0.5126,0.5111810769638422,0.0,1.8368331189647453,1.8693303350618704
RW,MLPQR,A2,2,S_max_raw,0.5143,0.5197912067838413,0.056666666666666664,2.4561717307320396,2.5297255468132107
RW,MLPQR,A2,2,S_band,0.5088222222222223,0.5164773016683702,0.07333333333333333,0.369375,0.37854166666666667
RW,MLPQR,A2,2,S_mean,0.5127555555555556,0.5296663188160449,0.08,5.047005507063337,5.256400249094548
RW,MLPQR,A2,2,S_gls_pert,0.5186,0.5361233960719156,0.08333333333333333,1.0740461023978156,1.1540239030185186
RW,MLPQR,A2,2,S_gls_pool,0.5203555555555556,0.5386708298352748,0.08,1.0616193749983733,1.1443867250395816
RW,MLPQR,A2,2,S_gls_ema,0.5203666666666666,0.5384037736638974,0.08333333333333333,1.061632890421544,1.1440830081501645
RW,MLPQR,A2,2,S_gls_hybrid,0.5193666666666666,0.5353452484552936,0.07333333333333333,1.0332009490733902,1.1102613789929365
RW,MLPQR,A2,2,S_gls_emp,0.5222,0.5378580213432745,0.08,1.0015000832385528,1.0803150823963938
RW,MLPQR,A2,2,S_gls_b,0.5530111111111111,0.5485263521039332,0.08666666666666667,0.9210543363697453,1.0505491373452551
RW,MLPQR,A2,2,S_chi2,0.49871111111111116,0.5240788891514538,0.07333333333333333,3.985238351552213,4.318592822071532
RW,MLPQR,A2,2,S_maha,0.5099333333333333,0.504460512570901,0.06333333333333334,18.693781639742955,18.8541564657785
RW,MLPQR,A3,2,S_max,0.5638611111111111,0.5436738944599034,0.0,1.8368331189647453,1.9608803689230168
RW,MLPQR,A3,2,S_max_raw,0.5681888888888889,0.5626348641000106,0.08666666666666667,2.4561717307320396,2.755480762354288
RW,MLPQR,A3,2,S_band,0.5118611111111111,0.503869102888773,0.04,0.369375,0.37552083333333336
RW,MLPQR,A3,2,S_mean,0.4991111111111111,0.5016483570434872,0.05,5.047005507063337,5.045380486982209
RW,MLPQR,A3,2,S_gls_pert,0.4966666666666667,0.501362596717792,0.05333333333333334,1.0740461023978156,1.0680051429090107
RW,MLPQR,A3,2,S_gls_pool,0.49593333333333334,0.5009743691559039,0.05,1.0616193749983733,1.0546827342570801
RW,MLPQR,A3,2,S_gls_ema,0.49543333333333334,0.5009073967761064,0.05,1.061632890421544,1.054598086564101
RW,MLPQR,A3,2,S_gls_hybrid,0.49625555555555556,0.5019903616223813,0.05,1.0332009490733902,1.0275031708204168
RW,MLPQR,A3,2,S_gls_emp,0.4955777777777778,0.502148647947696,0.056666666666666664,1.0015000832385528,0.9973295758651372
RW,MLPQR,A3,2,S_gls_b,0.4960333333333333,0.5022921215510778,0.056666666666666664,0.9210543363697453,0.9164052650381166
RW,MLPQR,A3,2,S_chi2,0.49770000000000003,0.503464717027849,0.05333333333333334,3.985238351552213,4.01427429233669
RW,MLPQR,A3,2,S_maha,0.6692222222222223,0.6638558749774275,0.16666666666666666,18.693781639742955,25.551176437470602
RW,MLPQR,A4,2,S_max,0.6991333333333334,0.6751476145590742,0.0,1.8368331189647453,2.1872708720393206
RW,MLPQR,A4,2,S_max_raw,0.7104111111111111,0.710994803402335,0.23333333333333334,2.4561717307320396,3.5005809532984267
RW,MLPQR,A4,2,S_band,0.6307777777777778,0.5978029467012879,0.08,0.369375,0.5073958333333334
RW,MLPQR,A4,2,S_mean,0.5666111111111111,0.5801288995471423,0.10333333333333333,5.047005507063337,6.000579257490772
RW,MLPQR,A4,2,S_gls_pert,0.5358111111111111,0.5576203641218509,0.09666666666666666,1.0740461023978156,1.213938335242141
RW,MLPQR,A4,2,S_gls_pool,0.5436,0.5605589383931051,0.1,1.0616193749983733,1.2104742525166023
RW,MLPQR,A4,2,S_gls_ema,0.5433111111111111,0.560746021012211,0.1,1.061632890421544,1.2097282671375933
RW,MLPQR,A4,2,S_gls_hybrid,0.5374666666666666,0.5571327537714359,0.1,1.0332009490733902,1.1680695857854764
RW,MLPQR,A4,2,S_gls_emp,0.5425444444444444,0.5565653261760697,0.09333333333333334,1.0015000832385528,1.1387719255544198
RW,MLPQR,A4,2,S_gls_b,0.5695111111111111,0.5694767372674713,0.12,0.9210543363697453,1.0936838063554788
RW,MLPQR,A4,2,S_chi2,0.5860111111111111,0.6050991690912181,0.10333333333333333,3.985238351552213,5.947674987765804
RW,MLPQR,A4,2,S_maha,0.7524333333333333,0.7641596668986395,0.2966666666666667,18.693781639742955,33.30442466496835
RW,MLPQR_CAL,A0,0,S_max,0.12871111111111114,0.325717070364785,0.0,1.5243367076916243,0.8520177612018882
RW,MLPQR_CAL,A0,0,S_max_raw,0.12846666666666667,0.32575412401950987,0.0,2.3646145250285855,1.0988745192155003
RW,MLPQR_CAL,A0,0,S_band,0.23602777777777778,0.44919849544208074,0.006666666666666667,0.20427083333333335,0.028854166666666667
RW,MLPQR_CAL,A0,0,S_mean,0.3184111111111111,0.3831954830315067,0.006666666666666667,3.7078300793264747,2.1510686968016954
RW,MLPQR_CAL,A0,0,S_gls_pert,0.3688,0.40272992269441255,0.006666666666666667,0.8723348061848181,0.5633225250584748
RW,MLPQR_CAL,A0,0,S_gls_pool,0.36665555555555557,0.40104338877611156,0.006666666666666667,0.8637721733762583,0.5507102415289243
RW,MLPQR_CAL,A0,0,S_gls_ema,0.3671777777777778,0.4013095240287828,0.006666666666666667,0.8632106837521477,0.5503689545652406
RW,MLPQR_CAL,A0,0,S_gls_hybrid,0.37250000000000005,0.40324253198421695,0.006666666666666667,0.830529637992901,0.5372974350060488
RW,MLPQR_CAL,A0,0,S_gls_emp,0.3748222222222223,0.40376930142520245,0.01,0.8068569035069034,0.5224120764373076
RW,MLPQR_CAL,A0,0,S_gls_b,0.3622,0.4021054728264179,0.0033333333333333335,0.9218443688020667,0.6137863018351969
RW,MLPQR_CAL,A0,0,S_chi2,0.6887777777777779,0.6027082939623285,0.0033333333333333335,2.5999008845543288,3.0280514319244323
RW,MLPQR_CAL,A0,0,S_maha,0.022755555555555564,0.3093018455699505,0.0,13.046739869643618,2.7773433845902273
RW,MLPQR_CAL,A1,0,S_max,0.26465555555555553,0.3705108082399525,0.0033333333333333335,1.5243367076916243,1.1122172581717833
RW,MLPQR_CAL,A1,0,S_max_raw,0.2666777777777778,0.36989761651093533,0.013333333333333334,2.3646145250285855,1.5579532237904945
RW,MLPQR_CAL,A1,0,S_band,0.3540055555555556,0.475057509735476,0.03333333333333333,0.20427083333333335,0.128125
RW,MLPQR_CAL,A1,0,S_mean,0.5364666666666666,0.5213459277929197,0.05333333333333334,3.7078300793264747,3.953115235389123
RW,MLPQR_CAL,A1,0,S_gls_pert,0.5521111111111111,0.5289863518861544,0.04,0.8723348061848181,0.9606041675644453
RW,MLPQR_CAL,A1,0,S_gls_pool,0.5523111111111111,0.520614330017513,0.03333333333333333,0.8637721733762583,0.9458243758960725
RW,MLPQR_CAL,A1,0,S_gls_ema,0.5523555555555555,0.5209769134112651,0.03333333333333333,0.8632106837521477,0.945320442849586
RW,MLPQR_CAL,A1,0,S_gls_hybrid,0.5564888888888888,0.5285359031997321,0.03666666666666667,0.830529637992901,0.9224373703743463
RW,MLPQR_CAL,A1,0,S_gls_emp,0.5563222222222223,0.5273644952532132,0.02666666666666667,0.8068569035069034,0.8960305609858122
RW,MLPQR_CAL,A1,0,S_gls_b,0.4566666666666666,0.46190361299628074,0.023333333333333334,0.9218443688020667,0.8129677300228872
RW,MLPQR_CAL,A1,0,S_chi2,0.5487666666666666,0.5394862994271957,0.05333333333333334,2.5999008845543288,2.7350464500499196
RW,MLPQR_CAL,A1,0,S_maha,0.05051111111111112,0.3121717919656665,0.0,13.046739869643618,3.5494954398258036
RW,MLPQR_CAL,A1p,0,S_max,0.17099444444444445,0.3371158685041644,0.0033333333333333335,1.5243367076916243,0.9266416537102733
RW,MLPQR_CAL,A1p,0,S_max_raw,0.16064444444444442,0.3337796876057033,0.0,2.3646145250285855,1.2028464043287967
RW,MLPQR_CAL,A1p,0,S_band,0.2593166666666667,0.44183479763177336,0.006666666666666667,0.20427083333333335,0.04447916666666667
RW,MLPQR_CAL,A1p,0,S_mean,0.3343111111111111,0.3923300622109866,0.01,3.7078300793264747,2.303317269933051
RW,MLPQR_CAL,A1p,0,S_gls_pert,0.4071222222222223,0.42577567586727927,0.013333333333333334,0.8723348061848181,0.647966388840948
RW,MLPQR_CAL,A1p,0,S_gls_pool,0.40351111111111115,0.42309064926546675,0.016666666666666666,0.8637721733762583,0.6334499474137237
RW,MLPQR_CAL,A1p,0,S_gls_ema,0.4039888888888889,0.4232760507707235,0.016666666666666666,0.8632106837521477,0.6335039898957813
RW,MLPQR_CAL,A1p,0,S_gls_hybrid,0.40884444444444445,0.4257986331216382,0.013333333333333334,0.830529637992901,0.6174586461805076
RW,MLPQR_CAL,A1p,0,S_gls_emp,0.4114222222222222,0.42695093933972117,0.016666666666666666,0.8068569035069034,0.6008654062178256
RW,MLPQR_CAL,A1p,0,S_gls_b,0.4225888888888889,0.43642672236456226,0.013333333333333334,0.9218443688020667,0.736405729664942
RW,MLPQR_CAL,A1p,0,S_chi2,0.6816222222222221,0.5947555762314041,0.01,2.5999008845543288,3.032408897435189
RW,MLPQR_CAL,A1p,0,S_maha,0.0335,0.31019498992798505,0.0,13.046739869643618,3.068056496587451
RW,MLPQR_CAL,A2,0,S_max,0.5145555555555555,0.5261347250845458,0.056666666666666664,1.5243367076916243,1.5552899435316503
RW,MLPQR_CAL,A2,0,S_max_raw,0.5085222222222223,0.5146125059818223,0.056666666666666664,2.3646145250285855,2.4126803909955483
RW,MLPQR_CAL,A2,0,S_band,0.5122055555555556,0.5114782698622528,0.043333333333333335,0.20427083333333335,0.21197916666666666
RW,MLPQR_CAL,A2,0,S_mean,0.5123777777777778,0.5181544803445728,0.06333333333333334,3.7078300793264747,3.831451222174486
RW,MLPQR_CAL,A2,0,S_gls_pert,0.522988888888889,0.5282125189775512,0.06666666666666667,0.8723348061848181,0.9300140838343611
RW,MLPQR_CAL,A2,0,S_gls_pool,0.5243111111111111,0.5296584612362749,0.06333333333333334,0.8637721733762583,0.9238675513472148
RW,MLPQR_CAL,A2,0,S_gls_ema,0.5245666666666666,0.5295780395719292,0.06333333333333334,0.8632106837521477,0.9237897620545474
RW,MLPQR_CAL,A2,0,S_gls_hybrid,0.531711111111111,0.5321469484422736,0.06333333333333334,0.830529637992901,0.8990615107823481
RW,MLPQR_CAL,A2,0,S_gls_emp,0.5358777777777778,0.5346331228914097,0.056666666666666664,0.8068569035069034,0.883662597067636
RW,MLPQR_CAL,A2,0,S_gls_b,0.5101555555555557,0.5312596459371234,0.07333333333333333,0.9218443688020667,0.9686324463339686
RW,MLPQR_CAL,A2,0,S_chi2,0.49108888888888885,0.5116356405493743,0.056666666666666664,2.5999008845543288,2.626516503596866
RW,MLPQR_CAL,A2,0,S_maha,0.5100111111111112,0.5183216512433649,0.06,13.046739869643618,13.365288736188921
RW,MLPQR_CAL,A3,0,S_max,0.5702611111111111,0.5576269614535331,0.056666666666666664,1.5243367076916243,1.6423159981127864
RW,MLPQR_CAL,A3,0,S_max_raw,0.5679055555555554,0.5509300310150564,0.06666666666666667,2.3646145250285855,2.6102517213069474
RW,MLPQR_CAL,A3,0,S_band,0.5256555555555555,0.5095724690271073,0.043333333333333335,0.20427083333333335,0.21083333333333334
RW,MLPQR_CAL,A3,0,S_mean,0.4998611111111111,0.5024368502037857,0.05333333333333334,3.7078300793264747,3.7044190131595953
RW,MLPQR_CAL,A3,0,S_gls_pert,0.5034166666666666,0.5075346374460964,0.05333333333333334,0.8723348061848181,0.8791201893759741
RW,MLPQR_CAL,A3,0,S_gls_pool,0.5041722222222222,0.5076308842638437,0.05,0.8637721733762583,0.8724217191445799
RW,MLPQR_CAL,A3,0,S_gls_ema,0.5043944444444444,0.5077555334901822,0.05333333333333334,0.8632106837521477,0.8719471592368827
RW,MLPQR_CAL,A3,0,S_gls_hybrid,0.5040277777777777,0.5082440365024928,0.056666666666666664,0.830529637992901,0.8416534685420574
RW,MLPQR_CAL,A3,0,S_gls_emp,0.5081277777777777,0.5125264198477364,0.05333333333333334,0.8068569035069034,0.8266877611214926
RW,MLPQR_CAL,A3,0,S_gls_b,0.5099388888888888,0.5128922038551915,0.04666666666666667,0.9218443688020667,0.9474830848534528
RW,MLPQR_CAL,A3,0,S_chi2,0.4828388888888889,0.49440948140576585,0.05,2.5999008845543288,2.548514456821168
RW,MLPQR_CAL,A3,0,S_maha,0.6821722222222222,0.6874918529736327,0.20666666666666667,13.046739869643618,18.537698345521893
RW,MLPQR_CAL,A4,0,S_max,0.7176555555555556,0.6657375442870501,0.07333333333333333,1.5243367076916243,1.88592350383047
RW,MLPQR_CAL,A4,0,S_max_raw,0.7365999999999999,0.7192335892457038,0.19333333333333333,2.3646145250285855,3.5201240484147607
RW,MLPQR_CAL,A4,0,S_band,0.69715,0.6441902434370315,0.07333333333333333,0.20427083333333335,0.37625
RW,MLPQR_CAL,A4,0,S_mean,0.5982444444444444,0.6056668972610719,0.1,3.7078300793264747,4.766025978857698
RW,MLPQR_CAL,A4,0,S_gls_pert,0.576811111111111,0.5725855413328367,0.08666666666666667,0.8723348061848181,1.057245261496921
RW,MLPQR_CAL,A4,0,S_gls_pool,0.5716222222222223,0.5680651380105417,0.09333333333333334,0.8637721733762583,1.037799665929965
RW,MLPQR_CAL,A4,0,S_gls_ema,0.5732666666666667,0.5689008146353003,0.09333333333333334,0.8632106837521477,1.0401256746557808
RW,MLPQR_CAL,A4,0,S_gls_hybrid,0.5787555555555556,0.5722359934782528,0.09,0.830529637992901,1.0124608598962985
RW,MLPQR_CAL,A4,0,S_gls_emp,0.5774111111111111,0.5734961281040226,0.08333333333333333,0.8068569035069034,0.9842386050615937
RW,MLPQR_CAL,A4,0,S_gls_b,0.5538222222222222,0.5546916209044552,0.07666666666666666,0.9218443688020667,1.0529917957389276
RW,MLPQR_CAL,A4,0,S_chi2,0.5271888888888889,0.5817000502477965,0.14,2.5999008845543288,3.289392350962638
RW,MLPQR_CAL,A4,0,S_maha,0.7680111111111111,0.7850463172919866,0.39666666666666667,13.046739869643618,23.33510058517154
RW,MLPQR_CAL,A0,1,S_max,0.11609444444444444,0.32293132739319935,0.0,1.5629052699781498,0.8821740871649166
RW,MLPQR_CAL,A0,1,S_max_raw,0.10781111111111111,0.3211595105673024,0.0,2.457368658480469,1.1077498058072308
RW,MLPQR_CAL,A0,1,S_band,0.20005555555555554,0.4521991428845541,0.0,0.22416666666666665,0.0253125
RW,MLPQR_CAL,A0,1,S_mean,0.31087777777777775,0.3791120019321317,0.0,3.955819510041815,2.2375375826020925
RW,MLPQR_CAL,A0,1,S_gls_pert,0.37135555555555555,0.40250038763219176,0.0033333333333333335,0.8998369602494131,0.5898006569681438
RW,MLPQR_CAL,A0,1,S_gls_pool,0.3703333333333333,0.4018319918403955,0.0,0.8892878499679572,0.5843237758054352
RW,MLPQR_CAL,A0,1,S_gls_ema,0.3701,0.4016444958218147,0.0033333333333333335,0.8913081006687587,0.585200107932618
RW,MLPQR_CAL,A0,1,S_gls_hybrid,0.3668888888888888,0.40037979728984524,0.0,0.8712356160535658,0.5663071987581877
RW,MLPQR_CAL,A0,1,S_gls_emp,0.3626555555555556,0.3983306623699378,0.0,0.8519097934027748,0.5498827295208482
RW,MLPQR_CAL,A0,1,S_gls_b,0.4063111111111112,0.4194656342110588,0.006666666666666667,0.8830127227567687,0.6545743700744332
RW,MLPQR_CAL,A0,1,S_chi2,0.6937333333333333,0.5932315105964802,0.0,2.6111397612332556,2.9477441051838036
RW,MLPQR_CAL,A0,1,S_maha,0.021833333333333333,0.3094194752769817,0.0,14.196507409947277,2.9249229735158218
RW,MLPQR_CAL,A1,1,S_max,0.26400555555555555,0.37555673401033574,0.016666666666666666,1.5629052699781498,1.1415780865127196
RW,MLPQR_CAL,A1,1,S_max_raw,0.24560000000000004,0.36343812537981973,0.006666666666666667,2.457368658480469,1.5608925456394638
RW,MLPQR_CAL,A1,1,S_band,0.3383333333333333,0.4781145305019188,0.06,0.22416666666666665,0.14770833333333333
RW,MLPQR_CAL,A1,1,S_mean,0.5229999999999999,0.5125920950355025,0.04,3.955819510041815,4.08857998416969
RW,MLPQR_CAL,A1,1,S_gls_pert,0.5558,0.538679635455986,0.05,0.8998369602494131,1.0113618335681767
RW,MLPQR_CAL,A1,1,S_gls_pool,0.5545111111111112,0.540135817744647,0.043333333333333335,0.8892878499679572,0.9976446971838214
RW,MLPQR_CAL,A1,1,S_gls_ema,0.5550444444444445,0.5406723276720283,0.04666666666666667,0.8913081006687587,1.00024705428461
RW,MLPQR_CAL,A1,1,S_gls_hybrid,0.5540666666666666,0.539527163258898,0.05,0.8712356160535658,0.977086187143187
RW,MLPQR_CAL,A1,1,S_gls_emp,0.5520777777777778,0.5385682213799559,0.056666666666666664,0.8519097934027748,0.9528536329594891
RW,MLPQR_CAL,A1,1,S_gls_b,0.4997888888888889,0.5014679204090691,0.05,0.8830127227567687,0.8778476620598364
RW,MLPQR_CAL,A1,1,S_chi2,0.5917333333333333,0.5543258598561612,0.04,2.6111397612332556,2.8648642040982812
RW,MLPQR_CAL,A1,1,S_maha,0.04516666666666666,0.31173754849782614,0.0,14.196507409947277,3.7005880921239025
RW,MLPQR_CAL,A1p,1,S_max,0.1852,0.34421555316507735,0.01,1.5629052699781498,0.9889945224234479
RW,MLPQR_CAL,A1p,1,S_max_raw,0.14275555555555558,0.328964374273069,0.0,2.457368658480469,1.2062621765461745
RW,MLPQR_CAL,A1p,1,S_band,0.24530000000000002,0.4258257007606546,0.0033333333333333335,0.22416666666666665,0.04666666666666667
RW,MLPQR_CAL,A1p,1,S_mean,0.3204,0.38593547957628205,0.0,3.955819510041815,2.3626869415971723
RW,MLPQR_CAL,A1p,1,S_gls_pert,0.41418888888888894,0.43030598026149247,0.013333333333333334,0.8998369602494131,0.6891614968509507
RW,MLPQR_CAL,A1p,1,S_gls_pool,0.4148666666666666,0.4309298006560665,0.01,0.8892878499679572,0.6839859894776918
RW,MLPQR_CAL,A1p,1,S_gls_ema,0.41423333333333334,0.4304745634127389,0.01,0.8913081006687587,0.6839070044364597
RW,MLPQR_CAL,A1p,1,S_gls_hybrid,0.4096888888888889,0.428246153236873,0.013333333333333334,0.8712356160535658,0.661473051498538
RW,MLPQR_CAL,A1p,1,S_gls_emp,0.4056666666666667,0.4263007391564167,0.01,0.8519097934027748,0.6426797484556115
RW,MLPQR_CAL,A1p,1,S_gls_b,0.4682222222222222,0.46903215730662956,0.03,0.8830127227567687,0.7984129671829833
RW,MLPQR_CAL,A1p,1,S_chi2,0.6881444444444444,0.5910882847413663,0.0,2.6111397612332556,2.9480989355747957
RW,MLPQR_CAL,A1p,1,S_maha,0.03211111111111111,0.31040080160295297,0.0,14.196507409947277,3.297066313323796
RW,MLPQR_CAL,A2,1,S_max,0.5206944444444443,0.5302573160438742,0.08666666666666667,1.5629052699781498,1.6011206143276004
RW,MLPQR_CAL,A2,1,S_max_raw,0.4985777777777778,0.507119846547788,0.06,2.457368658480469,2.4680732217051338
RW,MLPQR_CAL,A2,1,S_band,0.5015388888888889,0.5131646515122479,0.08,0.22416666666666665,0.22791666666666666
RW,MLPQR_CAL,A2,1,S_mean,0.5023,0.5191730622289095,0.06333333333333334,3.955819510041815,4.010946541976991
RW,MLPQR_CAL,A2,1,S_gls_pert,0.5172000000000001,0.5298352997177059,0.08333333333333333,0.8998369602494131,0.9620317906498639
RW,MLPQR_CAL,A2,1,S_gls_pool,0.5203333333333334,0.5327151452316612,0.08666666666666667,0.8892878499679572,0.9553951849561423
RW,MLPQR_CAL,A2,1,S_gls_ema,0.5195555555555555,0.5311731800085597,0.08666666666666667,0.8913081006687587,0.9571044933392202
RW,MLPQR_CAL,A2,1,S_gls_hybrid,0.516588888888889,0.5290108697295521,0.08666666666666667,0.8712356160535658,0.9304012144970579
RW,MLPQR_CAL,A2,1,S_gls_emp,0.5156999999999999,0.5293748343329863,0.09333333333333334,0.8519097934027748,0.9088818953194815
RW,MLPQR_CAL,A2,1,S_gls_b,0.5415555555555556,0.5472021674659823,0.09,0.8830127227567687,0.994607437063717
RW,MLPQR_CAL,A2,1,S_chi2,0.505211111111111,0.522043378521937,0.07,2.6111397612332556,2.7613752112544128
RW,MLPQR_CAL,A2,1,S_maha,0.5226555555555557,0.5148264438943195,0.04666666666666667,14.196507409947277,14.609921358381538
RW,MLPQR_CAL,A3,1,S_max,0.5802333333333334,0.5800108810874018,0.11,1.5629052699781498,1.7013321761151337
RW,MLPQR_CAL,A3,1,S_max_raw,0.5745055555555556,0.5598821963212679,0.08333333333333333,2.457368658480469,2.7480703869304755
RW,MLPQR_CAL,A3,1,S_band,0.5248111111111111,0.5083801525372441,0.05333333333333334,0.22416666666666665,0.2296875
RW,MLPQR_CAL,A3,1,S_mean,0.49707222222222225,0.5026057661963008,0.05,3.955819510041815,3.9343584306269954
RW,MLPQR_CAL,A3,1,S_gls_pert,0.49642777777777775,0.5041891427178509,0.056666666666666664,0.8998369602494131,0.8997831426126538
RW,MLPQR_CAL,A3,1,S_gls_pool,0.49871666666666664,0.5084269304290896,0.05,0.8892878499679572,0.8927597034042261
RW,MLPQR_CAL,A3,1,S_gls_ema,0.49867222222222224,0.5084801348853298,0.05333333333333334,0.8913081006687587,0.8945799747143686
RW,MLPQR_CAL,A3,1,S_gls_hybrid,0.4995388888888889,0.5074126541162789,0.06,0.8712356160535658,0.8752063733964343
RW,MLPQR_CAL,A3,1,S_gls_emp,0.5042611111111112,0.5120068972972794,0.056666666666666664,0.8519097934027748,0.864313395368171
RW,MLPQR_CAL,A3,1,S_gls_b,0.5085611111111111,0.5104159878840526,0.06666666666666667,0.8830127227567687,0.9051639149810343
RW,MLPQR_CAL,A3,1,S_chi2,0.4865277777777778,0.4982474480113819,0.05333333333333334,2.6111397612332556,2.570420487223613
RW,MLPQR_CAL,A3,1,S_maha,0.6816944444444445,0.6586397614096918,0.11333333333333333,14.196507409947277,19.895262638787607
RW,MLPQR_CAL,A4,1,S_max,0.7308777777777778,0.7063192986184772,0.27666666666666667,1.5629052699781498,1.951365460196818
RW,MLPQR_CAL,A4,1,S_max_raw,0.7302333333333333,0.7120063716461134,0.21333333333333335,2.457368658480469,3.5981948828358306
RW,MLPQR_CAL,A4,1,S_band,0.6853500000000001,0.6311422168035552,0.11666666666666667,0.22416666666666665,0.3804166666666667
RW,MLPQR_CAL,A4,1,S_mean,0.5774111111111111,0.597150724606441,0.10666666666666667,3.955819510041815,4.818854127883213
RW,MLPQR_CAL,A4,1,S_gls_pert,0.5697666666666668,0.5687955228710188,0.08333333333333333,0.8998369602494131,1.081360542357164
RW,MLPQR_CAL,A4,1,S_gls_pool,0.5665444444444445,0.5729529878840534,0.08333333333333333,0.8892878499679572,1.0663971547213544
RW,MLPQR_CAL,A4,1,S_gls_ema,0.5667,0.5721472124231307,0.08666666666666667,0.8913081006687587,1.0695382911094835
RW,MLPQR_CAL,A4,1,S_gls_hybrid,0.5652999999999999,0.5721303651348308,0.08666666666666667,0.8712356160535658,1.041946563972193
RW,MLPQR_CAL,A4,1,S_gls_emp,0.5626,0.5731213842617306,0.09,0.8519097934027748,1.0150993990748873
RW,MLPQR_CAL,A4,1,S_gls_b,0.5712333333333333,0.579988673259151,0.11333333333333333,0.8830127227567687,1.0682495158495893
RW,MLPQR_CAL,A4,1,S_chi2,0.5231,0.5797333464509082,0.13,2.6111397612332556,3.3396101532927944
RW,MLPQR_CAL,A4,1,S_maha,0.7636444444444445,0.7506862496499779,0.19666666666666666,14.196507409947277,24.58067149463339
RW,MLPQR_CAL,A0,2,S_max,0.13631111111111113,0.32768609193683895,0.0033333333333333335,1.559742671775148,0.8728027856674326
RW,MLPQR_CAL,A0,2,S_max_raw,0.1321222222222222,0.3265952231975012,0.0033333333333333335,2.4561717307320396,1.1288813439161582
RW,MLPQR_CAL,A0,2,S_band,0.21318888888888887,0.4410243806480772,0.006666666666666667,0.23729166666666668,0.03958333333333333
RW,MLPQR_CAL,A0,2,S_mean,0.31529999999999997,0.38175597722035515,0.0033333333333333335,4.052878879717573,2.366510207199029
RW,MLPQR_CAL,A0,2,S_gls_pert,0.3599111111111112,0.4046522861146393,0.01,0.9375600423586687,0.6305863949216609
RW,MLPQR_CAL,A0,2,S_gls_pool,0.3620444444444444,0.4036776923718331,0.006666666666666667,0.9266465226785718,0.6219178409721239
RW,MLPQR_CAL,A0,2,S_gls_ema,0.36117777777777776,0.40343077369361546,0.006666666666666667,0.9270310290099,0.6215870607847239
RW,MLPQR_CAL,A0,2,S_gls_hybrid,0.3580333333333333,0.4030668339758963,0.01,0.8985319744737588,0.6000976220176707
RW,MLPQR_CAL,A0,2,S_gls_emp,0.35931111111111114,0.4023050313421834,0.006666666666666667,0.8717091044903688,0.5820977627076189
RW,MLPQR_CAL,A0,2,S_gls_b,0.4143,0.42577366427917607,0.013333333333333334,0.887965883914679,0.6764439208463381
RW,MLPQR_CAL,A0,2,S_chi2,0.6798333333333334,0.5980465240399898,0.0033333333333333335,2.5426644629196176,2.9777307423120147
RW,MLPQR_CAL,A0,2,S_maha,0.030466666666666663,0.3098360111827423,0.0,12.65686869717723,2.8241665409485632
RW,MLPQR_CAL,A1,2,S_max,0.24463888888888888,0.363869380839971,0.013333333333333334,1.559742671775148,1.1003984440159384
RW,MLPQR_CAL,A1,2,S_max_raw,0.2539666666666667,0.3673410160052155,0.013333333333333334,2.4561717307320396,1.5950511262061757
RW,MLPQR_CAL,A1,2,S_band,0.32382222222222223,0.48151460884924296,0.07,0.23729166666666668,0.14197916666666666
RW,MLPQR_CAL,A1,2,S_mean,0.4924777777777779,0.5001405619593517,0.06,4.052878879717573,3.9766175440826674
RW,MLPQR_CAL,A1,2,S_gls_pert,0.5147666666666667,0.5175655109352305,0.04666666666666667,0.9375600423586687,0.9718781022533644
RW,MLPQR_CAL,A1,2,S_gls_pool,0.5153555555555556,0.5174185506538627,0.043333333333333335,0.9266465226785718,0.9608811805967522
RW,MLPQR_CAL,A1,2,S_gls_ema,0.5149666666666667,0.5170156798167627,0.043333333333333335,0.9270310290099,0.9604745599942296
RW,MLPQR_CAL,A1,2,S_gls_hybrid,0.5152333333333333,0.5161182698007692,0.04666666666666667,0.8985319744737588,0.9328467937094475
RW,MLPQR_CAL,A1,2,S_gls_emp,0.5133777777777777,0.5148323411707381,0.04666666666666667,0.8717091044903688,0.9030417876441038
RW,MLPQR_CAL,A1,2,S_gls_b,0.4860555555555556,0.48225254009903873,0.03333333333333333,0.887965883914679,0.8373956114248067
RW,MLPQR_CAL,A1,2,S_chi2,0.5954888888888888,0.567099914356996,0.05333333333333334,2.5426644629196176,2.9106019163304144
RW,MLPQR_CAL,A1,2,S_maha,0.0505,0.3121219791005381,0.0,12.65686869717723,3.3734195253183055
RW,MLPQR_CAL,A1p,2,S_max,0.1711333333333333,0.33741917965656454,0.01,1.559742671775148,0.9417749433136043
RW,MLPQR_CAL,A1p,2,S_max_raw,0.16947777777777778,0.33616169471051116,0.006666666666666667,2.4561717307320396,1.2747564815560621
RW,MLPQR_CAL,A1p,2,S_band,0.22847777777777778,0.43581334418701,0.01,0.23729166666666668,0.049375
RW,MLPQR_CAL,A1p,2,S_mean,0.33406666666666673,0.39223461674560567,0.013333333333333334,4.052878879717573,2.5229222686627084
RW,MLPQR_CAL,A1p,2,S_gls_pert,0.4021222222222222,0.4283191060790543,0.013333333333333334,0.9375600423586687,0.7204857697807135
RW,MLPQR_CAL,A1p,2,S_gls_pool,0.4045444444444445,0.4279277450741027,0.01,0.9266465226785718,0.7116480882737403
RW,MLPQR_CAL,A1p,2,S_gls_ema,0.40428888888888886,0.4277380091751306,0.01,0.9270310290099,0.7117807812264435
RW,MLPQR_CAL,A1p,2,S_gls_hybrid,0.3991,0.42631077271676504,0.013333333333333334,0.8985319744737588,0.6839210293953716
RW,MLPQR_CAL,A1p,2,S_gls_emp,0.39878888888888886,0.4260116661202914,0.013333333333333334,0.8717091044903688,0.6595883122893834
RW,MLPQR_CAL,A1p,2,S_gls_b,0.4622777777777778,0.46070020230613207,0.02666666666666667,0.887965883914679,0.7820551647934769
RW,MLPQR_CAL,A1p,2,S_chi2,0.6645666666666667,0.5909455243658833,0.01,2.5426644629196176,2.949839887503798
RW,MLPQR_CAL,A1p,2,S_maha,0.0372,0.310491836398385,0.0,12.65686869717723,2.9982120556117335
RW,MLPQR_CAL,A2,2,S_max,0.5079722222222222,0.512075327261073,0.06333333333333334,1.559742671775148,1.5793099410674734
RW,MLPQR_CAL,A2,2,S_max_raw,0.5143,0.5197912067838413,0.056666666666666664,2.4561717307320396,2.5297255468132107
RW,MLPQR_CAL,A2,2,S_band,0.5017833333333332,0.5123246753783375,0.05333333333333334,0.23729166666666668,0.24427083333333333
RW,MLPQR_CAL,A2,2,S_mean,0.5060222222222222,0.5235771322723748,0.07666666666666666,4.052878879717573,4.160075842440142
RW,MLPQR_CAL,A2,2,S_gls_pert,0.5157,0.530621395850984,0.056666666666666664,0.9375600423586687,0.9921066044135141
RW,MLPQR_CAL,A2,2,S_gls_pool,0.5164666666666667,0.5309992381397015,0.056666666666666664,0.9266465226785718,0.9822805140490634
RW,MLPQR_CAL,A2,2,S_gls_ema,0.5159222222222222,0.5301184489039196,0.056666666666666664,0.9270310290099,0.9819733919465113
RW,MLPQR_CAL,A2,2,S_gls_hybrid,0.5146888888888889,0.5291929818807476,0.06,0.8985319744737588,0.9499260840595366
RW,MLPQR_CAL,A2,2,S_gls_emp,0.517,0.5287738962633297,0.06,0.8717091044903688,0.9242806672850247
RW,MLPQR_CAL,A2,2,S_gls_b,0.5414222222222222,0.5365291315574012,0.06666666666666667,0.887965883914679,0.9756942446081686
RW,MLPQR_CAL,A2,2,S_chi2,0.5123,0.528089895611896,0.07333333333333333,2.5426644629196176,2.7219640033583747
RW,MLPQR_CAL,A2,2,S_maha,0.5059111111111111,0.5043275476046065,0.06,12.65686869717723,12.722568668672722
RW,MLPQR_CAL,A3,2,S_max,0.5652611111111111,0.5422096503469983,0.07333333333333333,1.559742671775148,1.6620042395467742
RW,MLPQR_CAL,A3,2,S_max_raw,0.5681888888888889,0.5626348641000106,0.08666666666666667,2.4561717307320396,2.755480762354288
RW,MLPQR_CAL,A3,2,S_band,0.5197777777777778,0.5069802927385414,0.03666666666666667,0.23729166666666668,0.24302083333333332
RW,MLPQR_CAL,A3,2,S_mean,0.4983222222222222,0.5010034973225228,0.05,4.052878879717573,4.037292052081591
RW,MLPQR_CAL,A3,2,S_gls_pert,0.49452222222222225,0.4993906952034217,0.05,0.9375600423586687,0.9287246640328047
RW,MLPQR_CAL,A3,2,S_gls_pool,0.4943111111111111,0.49969615282708674,0.05333333333333334,0.9266465226785718,0.9166021012292388
RW,MLPQR_CAL,A3,2,S_gls_ema,0.49420000000000003,0.4995074254023921,0.05,0.9270310290099,0.9170967233345237
RW,MLPQR_CAL,A3,2,S_gls_hybrid,0.4945666666666667,0.5000940945370717,0.05,0.8985319744737588,0.8907331968035415
RW,MLPQR_CAL,A3,2,S_gls_emp,0.4943333333333333,0.5002014001728363,0.06,0.8717091044903688,0.8647564049890178
RW,MLPQR_CAL,A3,2,S_gls_b,0.4953444444444445,0.5017946259353506,0.05333333333333334,0.887965883914679,0.8805842982282722
RW,MLPQR_CAL,A3,2,S_chi2,0.4918555555555555,0.497560274787146,0.05333333333333334,2.5426644629196176,2.5239452013051475
RW,MLPQR_CAL,A3,2,S_maha,0.6694444444444443,0.6657384634170876,0.16666666666666666,12.65686869717723,17.2864749968245
RW,MLPQR_CAL,A4,2,S_max,0.6884277777777777,0.659088235436996,0.12666666666666668,1.559742671775148,1.8773118717971329
RW,MLPQR_CAL,A4,2,S_max_raw,0.7104111111111111,0.710994803402335,0.23333333333333334,2.4561717307320396,3.5005809532984267
RW,MLPQR_CAL,A4,2,S_band,0.6548666666666667,0.6254344611546825,0.11,0.23729166666666668,0.3876041666666667
RW,MLPQR_CAL,A4,2,S_mean,0.5666666666666667,0.5934306692775759,0.12,4.052878879717573,4.823372724540607
RW,MLPQR_CAL,A4,2,S_gls_pert,0.5450333333333334,0.562565057683951,0.08666666666666667,0.9375600423586687,1.0733839366846267
RW,MLPQR_CAL,A4,2,S_gls_pool,0.5501222222222223,0.5633423906299115,0.08,0.9266465226785718,1.0666905040183923
RW,MLPQR_CAL,A4,2,S_gls_ema,0.5491333333333333,0.5644655527246345,0.08333333333333333,0.9270310290099,1.0660442125832121
RW,MLPQR_CAL,A4,2,S_gls_hybrid,0.5447333333333333,0.5606876324595516,0.08333333333333333,0.8985319744737588,1.0261147003081723
RW,MLPQR_CAL,A4,2,S_gls_emp,0.5445333333333333,0.5601486498112513,0.08666666666666667,0.8717091044903688,0.9947384641589291
RW,MLPQR_CAL,A4,2,S_gls_b,0.5685666666666667,0.566274620161467,0.09,0.887965883914679,1.0464420411670614
RW,MLPQR_CAL,A4,2,S_chi2,0.5489999999999999,0.592390638440791,0.11,2.5426644629196176,3.3771135506123056
RW,MLPQR_CAL,A4,2,S_maha,0.7588222222222223,0.7705108076460344,0.3,12.65686869717723,22.477552143087845
RW,ORACLE,A0,0,S_max,0.0,0.5,0.0,1.6282415296282216,0.0
RW,ORACLE,A0,0,S_max_raw,0.0,0.5,0.0,1.6876431737277364,0.0
RW,ORACLE,A0,0,S_band,0.14166666666666666,0.5,0.0,0.20104166666666667,0.0
RW,ORACLE,A0,0,S_mean,0.0,0.5,0.0,3.667273062288462,0.0
RW,ORACLE,A0,0,S_gls_pert,0.0,0.5,0.0,0.7997773683065071,0.0
RW,ORACLE,A0,0,S_gls_pool,0.0,0.5,0.0,0.7997773683065073,0.0
RW,ORACLE,A0,0,S_gls_ema,0.0,0.5,0.0,0.799777368306507,0.0
RW,ORACLE,A0,0,S_gls_hybrid,0.0,0.5,0.0,0.809745499552885,0.0
RW,ORACLE,A0,0,S_gls_emp,0.0,0.5,0.0,0.8245755775503658,0.0
RW,ORACLE,A0,0,S_gls_b,0.0,0.5,0.0,0.8239902754907843,0.0
RW,ORACLE,A0,0,S_chi2,0.8933333333333333,0.9036144578313253,0.0,2.715922522327479,4.0
RW,ORACLE,A0,0,S_maha,0.0,0.5,0.0,17.12369666261539,0.0
RW,ORACLE,A1,0,S_max,0.00666666666666671,0.38241936579824976,0.0,1.6282415296282216,0.6987049837700059
RW,ORACLE,A1,0,S_max_raw,0.00666666666666671,0.3772815500327505,0.0,1.6876431737277364,0.7000106374674216
RW,ORACLE,A1,0,S_band,0.14166666666666666,0.5,0.0,0.20104166666666667,0.0
RW,ORACLE,A1,0,S_mean,0.62,0.6230727309568979,0.0,3.667273062288462,3.9524722565808537
RW,ORACLE,A1,0,S_gls_pert,0.6533333333333333,0.5667448332459902,0.0,0.7997773683065071,0.9718160839014759
RW,ORACLE,A1,0,S_gls_pool,0.6533333333333333,0.576900860138341,0.0,0.7997773683065073,0.9718160839014763
RW,ORACLE,A1,0,S_gls_ema,0.6533333333333333,0.5624853510233698,0.0,0.799777368306507,0.9718160839014763
RW,ORACLE,A1,0,S_gls_hybrid,0.6566666666666667,0.5836172626428147,0.0,0.809745499552885,0.9822482209667633
RW,ORACLE,A1,0,S_gls_emp,0.6633333333333333,0.566805439318474,0.0,0.8245755775503658,0.9964765226523483
RW,ORACLE,A1,0,S_gls_b,0.4966666666666667,0.4803118850515358,0.0,0.8239902754907843,0.7137391921586264
RW,ORACLE,A1,0,S_chi2,0.43666666666666665,0.5371776089481478,0.0,2.715922522327479,2.047245382619833
RW,ORACLE,A1,0,S_maha,0.0,0.33450684089945215,0.0,17.12369666261539,0.9444265009296009
RW,ORACLE,A1p,0,S_max,0.00666666666666671,0.3694054431309631,0.0,1.6282415296282216,0.6987049837700048
RW,ORACLE,A1p,0,S_max_raw,0.00666666666666671,0.3622054228348606,0.0,1.6876431737277364,0.7000106374674206
RW,ORACLE,A1p,0,S_band,0.14166666666666666,0.5,0.0,0.20104166666666667,0.0
RW,ORACLE,A1p,0,S_mean,0.19999999999999996,0.39673928980610185,0.0,3.667273062288462,1.2284606783816792
RW,ORACLE,A1p,0,S_gls_pert,0.3866666666666667,0.4453472042690001,0.0,0.7997773683065071,0.5138959092231602
RW,ORACLE,A1p,0,S_gls_pool,0.3866666666666667,0.4442589487326273,0.0,0.7997773683065073,0.5138959092231604
RW,ORACLE,A1p,0,S_gls_ema,0.3866666666666667,0.41803260522099306,0.0,0.799777368306507,0.5138959092231604
RW,ORACLE,A1p,0,S_gls_hybrid,0.3833333333333333,0.4393742202595542,0.0,0.809745499552885,0.5267965865282662
RW,ORACLE,A1p,0,S_gls_emp,0.3966666666666666,0.44534663509428285,0.0,0.8245755775503658,0.5437870038712548
RW,ORACLE,A1p,0,S_gls_b,0.4733333333333334,0.4629319219431845,0.0,0.8239902754907843,0.6995170887831725
RW,ORACLE,A1p,0,S_chi2,0.8866666666666667,0.8146379176035305,0.0,2.715922522327479,3.752176075408609
RW,ORACLE,A1p,0,S_maha,0.0,0.33594555752039906,0.0,17.12369666261539,0.48932535594750487
RW,ORACLE,A2,0,S_max,0.5358444444444445,0.5326451476476715,0.0,1.6282415296282216,1.7043197703498763
RW,ORACLE,A2,0,S_max_raw,0.5378444444444445,0.5411194111185943,0.07333333333333333,1.6876431737277364,1.774538306105672
RW,ORACLE,A2,0,S_band,0.5214611111111112,0.5193459324458087,0.06,0.20104166666666667,0.21604166666666666
RW,ORACLE,A2,0,S_mean,0.5089444444444444,0.5181646576223876,0.06666666666666667,3.667273062288462,3.7864752542178857
RW,ORACLE,A2,0,S_gls_pert,0.5547444444444445,0.555584524376264,0.08,0.7997773683065071,0.923744946278088
RW,ORACLE,A2,0,S_gls_pool,0.5547444444444445,0.555584524376264,0.08,0.7997773683065073,0.9237449462780883
RW,ORACLE,A2,0,S_gls_ema,0.5547444444444445,0.555584524376264,0.08,0.799777368306507,0.9237449462780881
RW,ORACLE,A2,0,S_gls_hybrid,0.5549111111111111,0.5568593944415599,0.09,0.809745499552885,0.9369850182942338
RW,ORACLE,A2,0,S_gls_emp,0.5546666666666666,0.5582528334585973,0.08333333333333333,0.8245755775503658,0.9554484083331992
RW,ORACLE,A2,0,S_gls_b,0.5782111111111111,0.5986268492948611,0.12666666666666668,0.8239902754907843,1.017172641221944
RW,ORACLE,A2,0,S_chi2,0.49981111111111115,0.511907182265374,0.05,2.715922522327479,2.7776053690642275
RW,ORACLE,A2,0,S_maha,0.5220888888888889,0.5257304127427851,0.09,17.12369666261539,17.54686300466302
RW,ORACLE,A3,0,S_max,0.5962111111111111,0.577172677119942,0.0,1.6282415296282216,1.8149350614083088
RW,ORACLE,A3,0,S_max_raw,0.6025166666666667,0.6158300719293788,0.13666666666666666,1.6876431737277364,1.9847627560096592
RW,ORACLE,A3,0,S_band,0.5268166666666667,0.5110713639811113,0.04,0.20104166666666667,0.20770833333333333
RW,ORACLE,A3,0,S_mean,0.5012388888888889,0.5022866935655634,0.05333333333333334,3.667273062288462,3.6765819355121745
RW,ORACLE,A3,0,S_gls_pert,0.5097277777777778,0.5142674183660723,0.06,0.7997773683065071,0.824379824557136
RW,ORACLE,A3,0,S_gls_pool,0.5097277777777778,0.5142674183660723,0.06,0.7997773683065073,0.8243798245571357
RW,ORACLE,A3,0,S_gls_ema,0.5097277777777778,0.5142674183660723,0.06,0.799777368306507,0.8243798245571355
RW,ORACLE,A3,0,S_gls_hybrid,0.5099833333333333,0.5169076278246947,0.06666666666666667,0.809745499552885,0.83617257524568
RW,ORACLE,A3,0,S_gls_emp,0.5117055555555556,0.5178745107279197,0.06666666666666667,0.8245755775503658,0.8554875463070105
RW,ORACLE,A3,0,S_gls_b,0.5163777777777778,0.5335751166319586,0.08666666666666667,0.8239902754907843,0.8837383221055016
RW,ORACLE,A3,0,S_chi2,0.4812055555555556,0.48908170953119845,0.05,2.715922522327479,2.6629241229071168
RW,ORACLE,A3,0,S_maha,0.8825722222222223,0.8848941534177616,0.55,17.12369666261539,27.500788374098992
RW,ORACLE,A4,0,S_max,0.8054888888888889,0.7727715856411823,0.0,1.6282415296282216,2.2303568674058147
RW,ORACLE,A4,0,S_max_raw,0.8145666666666666,0.8143585681213622,0.37,1.6876431737277364,2.5898057611183
RW,ORACLE,A4,0,S_band,0.7365277777777778,0.6931312686262886,0.18666666666666668,0.20104166666666667,0.4110416666666667
RW,ORACLE,A4,0,S_mean,0.6210666666666667,0.6498504939127663,0.19666666666666666,3.667273062288462,5.2413730363541235
RW,ORACLE,A4,0,S_gls_pert,0.6089333333333333,0.6352272823004012,0.17,0.7997773683065071,1.1159158185802187
RW,ORACLE,A4,0,S_gls_pool,0.6089333333333333,0.6352272823004012,0.17,0.7997773683065073,1.1159158185802192
RW,ORACLE,A4,0,S_gls_ema,0.6089333333333333,0.6352272823004012,0.17,0.799777368306507,1.1159158185802187
RW,ORACLE,A4,0,S_gls_hybrid,0.6098444444444445,0.635128854807276,0.18333333333333332,0.809745499552885,1.1294609434913712
RW,ORACLE,A4,0,S_gls_emp,0.6130555555555556,0.6359545927255066,0.18666666666666668,0.8245755775503658,1.152549911682174
RW,ORACLE,A4,0,S_gls_b,0.6226888888888888,0.6711138391094331,0.24666666666666667,0.8239902754907843,1.1906584056637215
RW,ORACLE,A4,0,S_chi2,0.569811111111111,0.6377214996036247,0.23666666666666666,2.715922522327479,4.706549980454898
RW,ORACLE,A4,0,S_maha,0.9733888888888889,0.9774704359436968,0.92,17.12369666261539,39.03956349516974
RW,ORACLE,A0,1,S_max,0.0,0.5,0.0,1.6422834075551633,0.0
RW,ORACLE,A0,1,S_max_raw,0.0,0.5,0.0,1.6957488095323308,0.0
RW,ORACLE,A0,1,S_band,0.13333333333333336,0.5,0.0,0.20458333333333334,0.0
RW,ORACLE,A0,1,S_mean,0.0,0.5,0.0,3.7555997981912514,0.0
RW,ORACLE,A0,1,S_gls_pert,0.0,0.5,0.0,0.8021155342944305,0.0
RW,ORACLE,A0,1,S_gls_pool,0.0,0.5,0.0,0.8021155342944307,0.0
RW,ORACLE,A0,1,S_gls_ema,0.0,0.5,0.0,0.8021155342944308,0.0
RW,ORACLE,A0,1,S_gls_hybrid,0.0,0.5,0.0,0.8064912497327575,0.0
RW,ORACLE,A0,1,S_gls_emp,0.0,0.5,0.0,0.8147086788713271,0.0
RW,ORACLE,A0,1,S_gls_b,0.0,0.5,0.0,0.7868928090840899,0.0
RW,ORACLE,A0,1,S_chi2,0.8933333333333333,0.9036144578313253,0.0,2.627142216229979,4.0
RW,ORACLE,A0,1,S_maha,0.0,0.5,0.0,17.339279673283407,0.0
RW,ORACLE,A1,1,S_max,0.00666666666666671,0.39937381201283906,0.0,1.6422834075551633,0.698704983770006
RW,ORACLE,A1,1,S_max_raw,0.00666666666666671,0.39213881256517014,0.0,1.6957488095323308,0.7000106374674216
RW,ORACLE,A1,1,S_band,0.13333333333333336,0.5,0.0,0.20458333333333334,0.0
RW,ORACLE,A1,1,S_mean,0.5766666666666667,0.6123292361349333,0.0,3.7555997981912514,3.9524722565808537
RW,ORACLE,A1,1,S_gls_pert,0.6366666666666667,0.5594024209960896,0.0,0.8021155342944305,0.9718160839014763
RW,ORACLE,A1,1,S_gls_pool,0.6366666666666667,0.5752147108861141,0.0,0.8021155342944307,0.9718160839014761
RW,ORACLE,A1,1,S_gls_ema,0.6366666666666667,0.5462743214463495,0.0,0.8021155342944308,0.9718160839014763
RW,ORACLE,A1,1,S_gls_hybrid,0.6366666666666667,0.5992106509489161,0.0,0.8064912497327575,0.973473247622342
RW,ORACLE,A1,1,S_gls_emp,0.6533333333333333,0.5885071271672107,0.0,0.8147086788713271,0.9776215170491102
RW,ORACLE,A1,1,S_gls_b,0.5433333333333333,0.5098209731982934,0.0,0.7868928090840899,0.7137391921586266
RW,ORACLE,A1,1,S_chi2,0.4633333333333334,0.5641791327402373,0.0,2.627142216229979,2.0472453826198334
RW,ORACLE,A1,1,S_maha,0.0,0.3407310541055958,0.0,17.339279673283407,0.9444265009296011
RW,ORACLE,A1p,1,S_max,0.00666666666666671,0.3754661136429797,0.0,1.6422834075551633,0.6987049837700048
RW,ORACLE,A1p,1,S_max_raw,0.00666666666666671,0.3683406981486218,0.0,1.6957488095323308,0.7000106374674205
RW,ORACLE,A1p,1,S_band,0.13333333333333336,0.5,0.0,0.20458333333333334,0.0
RW,ORACLE,A1p,1,S_mean,0.20666666666666667,0.4000470671901812,0.0,3.7555997981912514,1.228460678381679
RW,ORACLE,A1p,1,S_gls_pert,0.4033333333333333,0.460099488188679,0.0,0.8021155342944305,0.5138959092231602
RW,ORACLE,A1p,1,S_gls_pool,0.4033333333333333,0.4638274740464034,0.0,0.8021155342944307,0.5138959092231603
RW,ORACLE,A1p,1,S_gls_ema,0.4033333333333333,0.4238332365848141,0.0,0.8021155342944308,0.5138959092231604
RW,ORACLE,A1p,1,S_gls_hybrid,0.3933333333333333,0.44959376984837796,0.0,0.8064912497327575,0.5112874213932096
RW,ORACLE,A1p,1,S_gls_emp,0.3766666666666667,0.45133992841177956,0.0,0.8147086788713271,0.511195626891862
RW,ORACLE,A1p,1,S_gls_b,0.5266666666666666,0.4892544285411433,0.0,0.7868928090840899,0.6995170887831725
RW,ORACLE,A1p,1,S_chi2,0.89,0.8220192995903874,0.0,2.627142216229979,3.752176075408609
RW,ORACLE,A1p,1,S_maha,0.0,0.3401340986066216,0.0,17.339279673283407,0.48932535594750487
RW,ORACLE,A2,1,S_max,0.5337333333333334,0.5279358355462733,0.0,1.6422834075551633,1.708351928903794
RW,ORACLE,A2,1,S_max_raw,0.5361222222222223,0.538328096718099,0.06666666666666667,1.6957488095323308,1.769148953169369
RW,ORACLE,A2,1,S_band,0.5153666666666666,0.5236972344287372,0.056666666666666664,0.20458333333333334,0.215625
RW,ORACLE,A2,1,S_mean,0.5039111111111112,0.5179453509293619,0.05333333333333334,3.7555997981912514,3.836592700400097
RW,ORACLE,A2,1,S_gls_pert,0.5309666666666666,0.5460332475304944,0.07333333333333333,0.8021155342944305,0.8905531491273365
RW,ORACLE,A2,1,S_gls_pool,0.5309666666666666,0.5460332475304944,0.07333333333333333,0.8021155342944307,0.8905531491273363
RW,ORACLE,A2,1,S_gls_ema,0.5309666666666666,0.5460332475304944,0.07333333333333333,0.8021155342944308,0.8905531491273367
RW,ORACLE,A2,1,S_gls_hybrid,0.5300222222222222,0.5450260015392422,0.08333333333333333,0.8064912497327575,0.8934243570451315
RW,ORACLE,A2,1,S_gls_emp,0.5283333333333333,0.5428889977818612,0.07666666666666666,0.8147086788713271,0.899915102882857
RW,ORACLE,A2,1,S_gls_b,0.5713555555555556,0.5769238824010223,0.14333333333333334,0.7868928090840899,0.9637996870855403
RW,ORACLE,A2,1,S_chi2,0.4999222222222222,0.5146438956635173,0.05333333333333334,2.627142216229979,2.7517463764790433
RW,ORACLE,A2,1,S_maha,0.5240777777777778,0.5338683633853788,0.08,17.339279673283407,17.750884502865482
RW,ORACLE,A3,1,S_max,0.6199055555555556,0.5973658338314678,0.0,1.6422834075551633,1.870524871332331
RW,ORACLE,A3,1,S_max_raw,0.6284611111111111,0.6378248745257031,0.13666666666666666,1.6957488095323308,2.0122222376072223
RW,ORACLE,A3,1,S_band,0.5280944444444444,0.5105485618924868,0.043333333333333335,0.20458333333333334,0.211875
RW,ORACLE,A3,1,S_mean,0.4984222222222222,0.5031419308978904,0.04666666666666667,3.7555997981912514,3.745609524960819
RW,ORACLE,A3,1,S_gls_pert,0.5035555555555555,0.5093831586138877,0.05,0.8021155342944305,0.8114332275426375
RW,ORACLE,A3,1,S_gls_pool,0.5035555555555555,0.5093831586138877,0.05,0.8021155342944307,0.8114332275426374
RW,ORACLE,A3,1,S_gls_ema,0.5035555555555555,0.5093831586138877,0.05,0.8021155342944308,0.8114332275426375
RW,ORACLE,A3,1,S_gls_hybrid,0.5049555555555555,0.5078563258203168,0.05,0.8064912497327575,0.815789326779371
RW,ORACLE,A3,1,S_gls_emp,0.5060111111111111,0.5078839172768976,0.05,0.8147086788713271,0.8241815818622653
RW,ORACLE,A3,1,S_gls_b,0.5139444444444444,0.5196995986129092,0.07333333333333333,0.7868928090840899,0.8323080467242643
RW,ORACLE,A3,1,S_chi2,0.47909999999999997,0.4921603938326008,0.05333333333333334,2.627142216229979,2.566088380155198
RW,ORACLE,A3,1,S_maha,0.9128666666666667,0.9194454542609172,0.6033333333333334,17.339279673283407,28.36766896707617
RW,ORACLE,A4,1,S_max,0.809277777777778,0.7695044050468791,0.0,1.6422834075551633,2.2449700610250445
RW,ORACLE,A4,1,S_max_raw,0.8239222222222222,0.8279887854773178,0.3933333333333333,1.6957488095323308,2.6719670887471154
RW,ORACLE,A4,1,S_band,0.7306499999999999,0.6963309735121419,0.13,0.20458333333333334,0.40979166666666667
RW,ORACLE,A4,1,S_mean,0.6129,0.6536473366331135,0.17333333333333334,3.7555997981912514,5.369172623705276
RW,ORACLE,A4,1,S_gls_pert,0.6108555555555555,0.6412856104597886,0.15333333333333332,0.8021155342944305,1.131094518526388
RW,ORACLE,A4,1,S_gls_pool,0.6108555555555555,0.6412856104597886,0.15333333333333332,0.8021155342944307,1.1310945185263885
RW,ORACLE,A4,1,S_gls_ema,0.6108555555555555,0.6412856104597886,0.15333333333333332,0.8021155342944308,1.1310945185263885
RW,ORACLE,A4,1,S_gls_hybrid,0.6133666666666667,0.6401601549233649,0.16333333333333333,0.8064912497327575,1.1384288507993932
RW,ORACLE,A4,1,S_gls_emp,0.6142000000000001,0.6396678724409034,0.16,0.8147086788713271,1.1498592382749055
RW,ORACLE,A4,1,S_gls_b,0.6234,0.6404368810519807,0.21333333333333335,0.7868928090840899,1.1146866711270698
RW,ORACLE,A4,1,S_chi2,0.5860333333333334,0.6546572760881758,0.21333333333333335,2.627142216229979,5.052744953380218
RW,ORACLE,A4,1,S_maha,0.9620333333333333,0.9731892981747593,0.88,17.339279673283407,38.57813588493146
RW,ORACLE,A0,2,S_max,0.0,0.5,0.0,1.6645060586404237,0.0
RW,ORACLE,A0,2,S_max_raw,0.0,0.5,0.0,1.7140582492325775,0.0
RW,ORACLE,A0,2,S_band,0.11499999999999999,0.5,0.0,0.21864583333333334,0.0
RW,ORACLE,A0,2,S_mean,0.0,0.5,0.0,3.8703061638262186,0.0
RW,ORACLE,A0,2,S_gls_pert,0.0,0.5,0.0,0.8195898994608309,0.0
RW,ORACLE,A0,2,S_gls_pool,0.0,0.5,0.0,0.8195898994608305,0.0
RW,ORACLE,A0,2,S_gls_ema,0.0,0.5,0.0,0.8195898994608306,0.0
RW,ORACLE,A0,2,S_gls_hybrid,0.0,0.5,0.0,0.8169695421807617,0.0
RW,ORACLE,A0,2,S_gls_emp,0.0,0.5,0.0,0.8168484060013639,0.0
RW,ORACLE,A0,2,S_gls_b,0.0,0.5,0.0,0.8144661955160802,0.0
RW,ORACLE,A0,2,S_chi2,0.8666666666666667,0.8823529411764706,0.0,2.720076814309941,4.0
RW,ORACLE,A0,2,S_maha,0.0,0.5,0.0,17.510253050676038,0.0
RW,ORACLE,A1,2,S_max,0.010000000000000009,0.3897588426557027,0.0,1.6645060586404237,0.698704983770006
RW,ORACLE,A1,2,S_max_raw,0.010000000000000009,0.38303508056256486,0.0,1.7140582492325775,0.7000106374674216
RW,ORACLE,A1,2,S_band,0.11499999999999999,0.5,0.0,0.21864583333333334,0.0
RW,ORACLE,A1,2,S_mean,0.5733333333333333,0.6057348541490484,0.0,3.8703061638262186,3.9524722565808537
RW,ORACLE,A1,2,S_gls_pert,0.6699999999999999,0.5778703989400515,0.0,0.8195898994608309,0.9718160839014761
RW,ORACLE,A1,2,S_gls_pool,0.6699999999999999,0.5934377438487953,0.0,0.8195898994608305,0.9718160839014761
RW,ORACLE,A1,2,S_gls_ema,0.6699999999999999,0.5686784154246065,0.0,0.8195898994608306,0.9718160839014763
RW,ORACLE,A1,2,S_gls_hybrid,0.6733333333333333,0.6019951417002596,0.0,0.8169695421807617,0.9668212469901564
RW,ORACLE,A1,2,S_gls_emp,0.6699999999999999,0.5900291816488054,0.0,0.8168484060013639,0.9639617388204526
RW,ORACLE,A1,2,S_gls_b,0.5,0.48400647908454264,0.0,0.8144661955160802,0.7137391921586264
RW,ORACLE,A1,2,S_chi2,0.42333333333333334,0.5373079346922702,0.0,2.720076814309941,2.0472453826198334
RW,ORACLE,A1,2,S_maha,0.0,0.3370110068405857,0.0,17.510253050676038,0.9444265009296009
RW,ORACLE,A1p,2,S_max,0.010000000000000009,0.3711919925506003,0.0,1.6645060586404237,0.6987049837700048
RW,ORACLE,A1p,2,S_max_raw,0.010000000000000009,0.3675234266600438,0.0,1.7140582492325775,0.7000106374674205
RW,ORACLE,A1p,2,S_band,0.11499999999999999,0.5,0.0,0.21864583333333334,0.0
RW,ORACLE,A1p,2,S_mean,0.18333333333333335,0.3918486375742234,0.0,3.8703061638262186,1.2284606783816787
RW,ORACLE,A1p,2,S_gls_pert,0.4,0.4581760011255073,0.0,0.8195898994608309,0.5138959092231602
RW,ORACLE,A1p,2,S_gls_pool,0.4,0.45335707483364657,0.0,0.8195898994608305,0.5138959092231602
RW,ORACLE,A1p,2,S_gls_ema,0.4,0.4231572564545593,0.0,0.8195898994608306,0.5138959092231602
RW,ORACLE,A1p,2,S_gls_hybrid,0.4033333333333333,0.468426343066422,0.0,0.8169695421807617,0.5069105804317517
RW,ORACLE,A1p,2,S_gls_emp,0.3833333333333333,0.44819294655858305,0.0,0.8168484060013639,0.5021718837551422
RW,ORACLE,A1p,2,S_gls_b,0.49,0.47151522348360986,0.0,0.8144661955160802,0.6995170887831724
RW,ORACLE,A1p,2,S_chi2,0.86,0.7848018360638032,0.0,2.720076814309941,3.752176075408609
RW,ORACLE,A1p,2,S_maha,0.0,0.3381841501674279,0.0,17.510253050676038,0.48932535594750487
RW,ORACLE,A2,2,S_max,0.5368722222222222,0.5332008786218158,0.0,1.6645060586404237,1.7357528217787985
RW,ORACLE,A2,2,S_max_raw,0.5403555555555555,0.5456256452675137,0.06,1.7140582492325775,1.7976764659587827
RW,ORACLE,A2,2,S_band,0.5254444444444444,0.5289804538846544,0.06666666666666667,0.21864583333333334,0.24541666666666667
RW,ORACLE,A2,2,S_mean,0.5162333333333333,0.5294026391149956,0.08666666666666667,3.8703061638262186,4.074565138572751
RW,ORACLE,A2,2,S_gls_pert,0.5427888888888889,0.5537354643108803,0.09666666666666666,0.8195898994608309,0.9350900603975909
RW,ORACLE,A2,2,S_gls_pool,0.5427888888888889,0.5537354643108803,0.09666666666666666,0.8195898994608305,0.9350900603975909
RW,ORACLE,A2,2,S_gls_ema,0.5427888888888889,0.5537354643108803,0.09666666666666666,0.8195898994608306,0.9350900603975909
RW,ORACLE,A2,2,S_gls_hybrid,0.5431222222222223,0.5531776104968149,0.09666666666666666,0.8169695421807617,0.931432495307609
RW,ORACLE,A2,2,S_gls_emp,0.5434444444444444,0.5528615866073734,0.09666666666666666,0.8168484060013639,0.9312014712670604
RW,ORACLE,A2,2,S_gls_b,0.5459888888888889,0.5840951912795385,0.20333333333333334,0.8144661955160802,0.9503359067950441
RW,ORACLE,A2,2,S_chi2,0.4983222222222222,0.5221821397683593,0.07666666666666666,2.720076814309941,2.8934280045672116
RW,ORACLE,A2,2,S_maha,0.5225333333333333,0.5255999096354036,0.05,17.510253050676038,17.9743109631617
RW,ORACLE,A3,2,S_max,0.6147222222222222,0.6025243570757194,0.0,1.6645060586404237,1.895109217986623
RW,ORACLE,A3,2,S_max_raw,0.6225166666666666,0.6362599664144337,0.14666666666666667,1.7140582492325775,2.022839114679608
RW,ORACLE,A3,2,S_band,0.5309388888888888,0.5135325312625928,0.043333333333333335,0.21864583333333334,0.2278125
RW,ORACLE,A3,2,S_mean,0.5011888888888889,0.5054040135480022,0.056666666666666664,3.8703061638262186,3.8815097385568547
RW,ORACLE,A3,2,S_gls_pert,0.4922888888888889,0.5036175957561628,0.056666666666666664,0.8195898994608309,0.8156770282846694
RW,ORACLE,A3,2,S_gls_pool,0.4922888888888889,0.5036175957561628,0.056666666666666664,0.8195898994608305,0.815677028284669
RW,ORACLE,A3,2,S_gls_ema,0.4922888888888889,0.5036175957561628,0.056666666666666664,0.8195898994608306,0.815677028284669
RW,ORACLE,A3,2,S_gls_hybrid,0.4910333333333333,0.5024586830716364,0.05333333333333334,0.8169695421807617,0.8113534856358371
RW,ORACLE,A3,2,S_gls_emp,0.4916555555555555,0.5046239842729421,0.056666666666666664,0.8168484060013639,0.811195833378155
RW,ORACLE,A3,2,S_gls_b,0.5165222222222221,0.534113714446264,0.08333333333333333,0.8144661955160802,0.8708570906631588
RW,ORACLE,A3,2,S_chi2,0.48219999999999996,0.49428205804222086,0.05333333333333334,2.720076814309941,2.69359467657487
RW,ORACLE,A3,2,S_maha,0.8940666666666666,0.8951189294461769,0.5266666666666666,17.510253050676038,28.45204563359166
RW,ORACLE,A4,2,S_max,0.7951,0.7630164606905715,0.0,1.6645060586404237,2.2154921145934505
RW,ORACLE,A4,2,S_max_raw,0.8093444444444444,0.8164851284692682,0.41,1.7140582492325775,2.598985075681806
RW,ORACLE,A4,2,S_band,0.7136888888888889,0.6648524191070028,0.13,0.21864583333333334,0.40447916666666667
RW,ORACLE,A4,2,S_mean,0.608,0.6342575664641233,0.18666666666666668,3.8703061638262186,5.2348868410103035
RW,ORACLE,A4,2,S_gls_pert,0.604488888888889,0.6203501243367566,0.15666666666666668,0.8195898994608309,1.1032049252996785
RW,ORACLE,A4,2,S_gls_pool,0.604488888888889,0.6203501243367566,0.15666666666666668,0.8195898994608305,1.1032049252996776
RW,ORACLE,A4,2,S_gls_ema,0.604488888888889,0.6203501243367566,0.15666666666666668,0.8195898994608306,1.1032049252996776
RW,ORACLE,A4,2,S_gls_hybrid,0.6034999999999999,0.6200922950180523,0.16333333333333333,0.8169695421807617,1.0983668325748632
RW,ORACLE,A4,2,S_gls_emp,0.6036,0.620642490896257,0.16333333333333333,0.8168484060013639,1.0986250888398765
RW,ORACLE,A4,2,S_gls_b,0.6234111111111111,0.6599814974467825,0.23333333333333334,0.8144661955160802,1.1508993786810562
RW,ORACLE,A4,2,S_chi2,0.5512888888888889,0.635047309518196,0.21666666666666667,2.720076814309941,4.62874960252347
RW,ORACLE,A4,2,S_maha,0.9719111111111111,0.9753664469391989,0.8566666666666667,17.510253050676038,38.69514780162537
SEAS,MLPQR,A0,0,S_max,0.0767,0.31579364834616075,0.0,2.205885464058596,1.4225586429644976
SEAS,MLPQR,A0,0,S_max_raw,0.0994,0.31941776480569806,0.0,3.204575457157334,1.781084959869342
SEAS,MLPQR,A0,0,S_band,0.17145000000000002,0.36039527766108365,0.006666666666666667,0.34177083333333336,0.13572916666666668
SEAS,MLPQR,A0,0,S_mean,0.4418,0.4475637696838649,0.023333333333333334,2.408625184486539,2.0102886659833326
SEAS,MLPQR,A0,0,S_gls_pert,0.4643333333333333,0.47565860015971323,0.03,1.7677177860826498,1.5731044001725365
SEAS,MLPQR,A0,0,S_gls_pool,0.44575555555555557,0.44998958354369556,0.023333333333333334,1.2108902285099965,1.0192204112527923
SEAS,MLPQR,A0,0,S_gls_ema,0.4453444444444445,0.45034867316070776,0.02,1.1837948030193446,0.9959127140731028
SEAS,MLPQR,A0,0,S_gls_hybrid,0.45395555555555556,0.4553748561835459,0.01,1.0696369452147378,0.916794012933982
SEAS,MLPQR,A0,0,S_gls_emp,0.43742222222222227,0.44610965634184735,0.02,0.9690079947573857,0.7986660877321767
SEAS,MLPQR,A0,0,S_gls_b,0.46343333333333336,0.47544964746486235,0.03,1.7582633875529214,1.562143694756918
SEAS,MLPQR,A0,0,S_chi2,0.4821888888888889,0.45649174788951025,0.0,2.0983968963780426,1.6839300400414967
SEAS,MLPQR,A0,0,S_maha,0.04192222222222222,0.3131641383878634,0.006666666666666667,39.25702305333069,11.78940017665849
SEAS,MLPQR,A1,0,S_max,0.23381111111111105,0.36579926036937926,0.0,2.205885464058596,1.7678981433619292
SEAS,MLPQR,A1,0,S_max_raw,0.19454444444444446,0.3440996135438867,0.0033333333333333335,3.204575457157334,2.1892874976718635
SEAS,MLPQR,A1,0,S_band,0.39258333333333334,0.4613276510276792,0.043333333333333335,0.34177083333333336,0.2736458333333333
SEAS,MLPQR,A1,0,S_mean,0.7158666666666667,0.7234885920093543,0.2733333333333333,2.408625184486539,4.054460402630363
SEAS,MLPQR,A1,0,S_gls_pert,0.6707222222222223,0.6670535898830069,0.14333333333333334,1.7677177860826498,3.053625927331115
SEAS,MLPQR,A1,0,S_gls_pool,0.7318444444444444,0.737325704149897,0.2866666666666667,1.2108902285099965,2.110885947028699
SEAS,MLPQR,A1,0,S_gls_ema,0.7330777777777778,0.7387804529907666,0.26666666666666666,1.1837948030193446,2.0724609189371974
SEAS,MLPQR,A1,0,S_gls_hybrid,0.7196,0.7303686475319767,0.24333333333333335,1.0696369452147378,1.8778417204121176
SEAS,MLPQR,A1,0,S_gls_emp,0.7274222222222222,0.7313668261021263,0.26666666666666666,0.9690079947573857,1.6645778239878473
SEAS,MLPQR,A1,0,S_gls_b,0.6719777777777779,0.6666005553029598,0.14333333333333334,1.7582633875529214,3.0400422103904807
SEAS,MLPQR,A1,0,S_chi2,0.5266222222222223,0.5112644474747674,0.04666666666666667,2.0983968963780426,2.139383903166613
SEAS,MLPQR,A1,0,S_maha,0.17002222222222224,0.3881148219377901,0.07,39.25702305333069,22.840655722680832
SEAS,MLPQR,A1p,0,S_max,0.16696666666666668,0.3387659815740756,0.0,2.205885464058596,1.628770802183795
SEAS,MLPQR,A1p,0,S_max_raw,0.14505555555555555,0.329765389582115,0.0033333333333333335,3.204575457157334,2.0023207107849443
SEAS,MLPQR,A1p,0,S_band,0.2883277777777778,0.4001560175716402,0.013333333333333334,0.34177083333333336,0.209375
SEAS,MLPQR,A1p,0,S_mean,0.6137777777777778,0.6068916030103101,0.13333333333333333,2.408625184486539,3.1757157859904184
SEAS,MLPQR,A1p,0,S_gls_pert,0.5928444444444444,0.5908074573478559,0.11,1.7677177860826498,2.4224423771727106
SEAS,MLPQR,A1p,0,S_gls_pool,0.6321666666666668,0.6217571830025572,0.13666666666666666,1.2108902285099965,1.661511804926826
SEAS,MLPQR,A1p,0,S_gls_ema,0.6307888888888888,0.626417043611875,0.14,1.1837948030193446,1.628145352932777
SEAS,MLPQR,A1p,0,S_gls_hybrid,0.6263777777777777,0.6283081058466489,0.15333333333333332,1.0696369452147378,1.4864414427204744
SEAS,MLPQR,A1p,0,S_gls_emp,0.6306,0.6184623544043167,0.12666666666666668,0.9690079947573857,1.3176403752898118
SEAS,MLPQR,A1p,0,S_gls_b,0.5950555555555556,0.5916805150769069,0.11,1.7582633875529214,2.415654157486816
SEAS,MLPQR,A1p,0,S_chi2,0.49806666666666666,0.4686452047115892,0.01,2.0983968963780426,1.8228639425117596
SEAS,MLPQR,A1p,0,S_maha,0.1164,0.3467395497969493,0.04666666666666667,39.25702305333069,17.554503941936726
SEAS,MLPQR,A2,0,S_max,0.5462666666666667,0.5395424513157288,0.0,2.205885464058596,2.320606777661774
SEAS,MLPQR,A2,0,S_max_raw,0.5445666666666668,0.5486910273956376,0.08333333333333333,3.204575457157334,3.3630060285804664
SEAS,MLPQR,A2,0,S_band,0.5529055555555555,0.5530124347405683,0.06,0.34177083333333336,0.37375
SEAS,MLPQR,A2,0,S_mean,0.5988888888888889,0.6274406419820362,0.18333333333333332,2.408625184486539,3.2369247854999648
SEAS,MLPQR,A2,0,S_gls_pert,0.5939555555555556,0.5986456522870081,0.11666666666666667,1.7677177860826498,2.4875459272138127
SEAS,MLPQR,A2,0,S_gls_pool,0.6149666666666667,0.6367075949633544,0.16333333333333333,1.2108902285099965,1.6823168341096721
SEAS,MLPQR,A2,0,S_gls_ema,0.6105555555555555,0.6358319970723857,0.16,1.1837948030193446,1.637822696631026
SEAS,MLPQR,A2,0,S_gls_hybrid,0.6130444444444445,0.6380665501199022,0.16333333333333333,1.0696369452147378,1.5090324344478492
SEAS,MLPQR,A2,0,S_gls_emp,0.6152333333333334,0.638245635667521,0.17,0.9690079947573857,1.3473699972657995
SEAS,MLPQR,A2,0,S_gls_b,0.5940333333333333,0.5991617720102158,0.11333333333333333,1.7582633875529214,2.482172082232557
SEAS,MLPQR,A2,0,S_chi2,0.5928111111111112,0.6147183786004284,0.13666666666666666,2.0983968963780426,2.9083809085251677
SEAS,MLPQR,A2,0,S_maha,0.5739222222222222,0.5765762178789617,0.10666666666666667,39.25702305333069,45.11867846633986
SEAS,MLPQR,A3,0,S_max,0.6536222222222222,0.5999471967881116,0.0,2.205885464058596,2.459428799097853
SEAS,MLPQR,A3,0,S_max_raw,0.7002444444444446,0.7025700478127892,0.21333333333333335,3.204575457157334,4.028665896789418
SEAS,MLPQR,A3,0,S_band,0.5314055555555556,0.5191817988324269,0.03,0.34177083333333336,0.35875
SEAS,MLPQR,A3,0,S_mean,0.4947222222222222,0.49795332533754255,0.05,2.408625184486539,2.374457056846008
SEAS,MLPQR,A3,0,S_gls_pert,0.4959111111111111,0.49957201546104185,0.043333333333333335,1.7677177860826498,1.748666009234254
SEAS,MLPQR,A3,0,S_gls_pool,0.4977555555555555,0.49736970980315914,0.05,1.2108902285099965,1.1971744982265977
SEAS,MLPQR,A3,0,S_gls_ema,0.4974,0.49693389521238573,0.03666666666666667,1.1837948030193446,1.1691672079418782
SEAS,MLPQR,A3,0,S_gls_hybrid,0.5015333333333333,0.5018015580980345,0.05333333333333334,1.0696369452147378,1.0663402871075407
SEAS,MLPQR,A3,0,S_gls_emp,0.5015666666666667,0.49970447646496663,0.05,0.9690079947573857,0.9668932206082557
SEAS,MLPQR,A3,0,S_gls_b,0.4949333333333333,0.4997012984349628,0.043333333333333335,1.7582633875529214,1.7348122057664614
SEAS,MLPQR,A3,0,S_chi2,0.5381,0.5380755335935972,0.07666666666666666,2.0983968963780426,2.3367474831845128
SEAS,MLPQR,A3,0,S_maha,0.6821111111111111,0.6563953076530156,0.14,39.25702305333069,50.06290357258053
SEAS,MLPQR,A4,0,S_max,0.769388888888889,0.7022241619285854,0.0,2.205885464058596,2.5174818472009974
SEAS,MLPQR,A4,0,S_max_raw,0.8339000000000001,0.833061519801866,0.37666666666666665,3.204575457157334,4.7557282803638605
SEAS,MLPQR,A4,0,S_band,0.7511,0.7174760068201911,0.17,0.34177083333333336,0.49041666666666667
SEAS,MLPQR,A4,0,S_mean,0.5475444444444444,0.5617334060688908,0.10666666666666667,2.408625184486539,2.786996361432526
SEAS,MLPQR,A4,0,S_gls_pert,0.5583555555555556,0.560827695327948,0.07,1.7677177860826498,2.189326354909387
SEAS,MLPQR,A4,0,S_gls_pool,0.5598777777777777,0.5703687807270976,0.11333333333333333,1.2108902285099965,1.4373075714905506
SEAS,MLPQR,A4,0,S_gls_ema,0.5637,0.5741993177268779,0.11666666666666667,1.1837948030193446,1.423360394926491
SEAS,MLPQR,A4,0,S_gls_hybrid,0.5731777777777778,0.577231149116316,0.08666666666666667,1.0696369452147378,1.3125320024958211
SEAS,MLPQR,A4,0,S_gls_emp,0.5643111111111111,0.5714025590599262,0.08666666666666667,0.9690079947573857,1.1569824406204345
SEAS,MLPQR,A4,0,S_gls_b,0.5649,0.5629014501853843,0.07333333333333333,1.7582633875529214,2.1986817323890055
SEAS,MLPQR,A4,0,S_chi2,0.7952444444444445,0.7992917860622737,0.32,2.0983968963780426,4.7623727515980905
SEAS,MLPQR,A4,0,S_maha,0.8667333333333334,0.8410692218569058,0.39666666666666667,39.25702305333069,68.88102289049638
SEAS,MLPQR,A0,1,S_max,0.09204444444444444,0.319167523248773,0.0,2.2442847299984017,1.4665875040402852
SEAS,MLPQR,A0,1,S_max_raw,0.1052777777777778,0.32070722266791624,0.0,3.3648161213568724,1.8297673483831347
SEAS,MLPQR,A0,1,S_band,0.2010111111111111,0.3740951818537646,0.02,0.34239583333333334,0.15510416666666665
SEAS,MLPQR,A0,1,S_mean,0.46048888888888884,0.4569329646779644,0.013333333333333334,2.4173942936959416,2.0844555139388543
SEAS,MLPQR,A0,1,S_gls_pert,0.47634444444444446,0.47981927882379116,0.023333333333333334,1.6181586737776108,1.4741225933714186
SEAS,MLPQR,A0,1,S_gls_pool,0.45715555555555554,0.45474955137393347,0.013333333333333334,1.159586139602562,0.9934131569114739
SEAS,MLPQR,A0,1,S_gls_ema,0.45892222222222223,0.4550518309374788,0.01,1.1917150847496996,1.0153592403373655
SEAS,MLPQR,A0,1,S_gls_hybrid,0.4685888888888889,0.45853817630569244,0.013333333333333334,0.999407003458075,0.8693621751616424
SEAS,MLPQR,A0,1,S_gls_emp,0.45272222222222225,0.44913457240178234,0.013333333333333334,0.9421773601914093,0.7921520274878278
SEAS,MLPQR,A0,1,S_gls_b,0.48321111111111115,0.4824891419811833,0.023333333333333334,1.6036556485176479,1.4788003634887856
SEAS,MLPQR,A0,1,S_chi2,0.5141555555555556,0.469329020510007,0.0033333333333333335,2.2762687394725742,1.9251031269558727
SEAS,MLPQR,A0,1,S_maha,0.04245555555555555,0.3141880506277626,0.006666666666666667,39.98512237986942,11.810601750896327
SEAS,MLPQR,A1,1,S_max,0.24534444444444445,0.37851262856096324,0.0,2.2442847299984017,1.803749130116893
SEAS,MLPQR,A1,1,S_max_raw,0.21692222222222224,0.35294660347675605,0.0033333333333333335,3.3648161213568724,2.2798245114170483
SEAS,MLPQR,A1,1,S_band,0.39695,0.49101675843990905,0.08333333333333333,0.34239583333333334,0.2808333333333333
SEAS,MLPQR,A1,1,S_mean,0.7326333333333334,0.7320133736132903,0.23333333333333334,2.4173942936959416,4.272209723040004
SEAS,MLPQR,A1,1,S_gls_pert,0.6858777777777778,0.6791494164931118,0.09666666666666666,1.6181586737776108,2.980116680523653
SEAS,MLPQR,A1,1,S_gls_pool,0.7437111111111111,0.7429030105414453,0.25666666666666665,1.159586139602562,2.0996607528974764
SEAS,MLPQR,A1,1,S_gls_ema,0.7416555555555555,0.7406074699091458,0.24666666666666667,1.1917150847496996,2.1574794557372727
SEAS,MLPQR,A1,1,S_gls_hybrid,0.7461222222222222,0.7525178811661019,0.30333333333333334,0.999407003458075,1.864163490897228
SEAS,MLPQR,A1,1,S_gls_emp,0.7478444444444445,0.7464345681023696,0.2633333333333333,0.9421773601914093,1.7212977596555614
SEAS,MLPQR,A1,1,S_gls_b,0.6836222222222221,0.6785398857617746,0.09666666666666666,1.6036556485176479,2.9544137529037684
SEAS,MLPQR,A1,1,S_chi2,0.5476666666666666,0.545339152938816,0.07333333333333333,2.2762687394725742,2.5728282830438762
SEAS,MLPQR,A1,1,S_maha,0.1388333333333333,0.37550714625026826,0.05333333333333334,39.98512237986942,24.41576271279264
SEAS,MLPQR,A1p,1,S_max,0.18968888888888888,0.35333631178239716,0.0,2.2442847299984017,1.6749302736782083
SEAS,MLPQR,A1p,1,S_max_raw,0.1683,0.3364923888749565,0.0033333333333333335,3.3648161213568724,2.07875692148235
SEAS,MLPQR,A1p,1,S_band,0.30219444444444443,0.4310193323401399,0.06,0.34239583333333334,0.22052083333333333
SEAS,MLPQR,A1p,1,S_mean,0.626411111111111,0.6235799316100586,0.15666666666666668,2.4173942936959416,3.3445277815150796
SEAS,MLPQR,A1p,1,S_gls_pert,0.6026111111111111,0.6010221011575047,0.07666666666666666,1.6181586737776108,2.3306689873360433
SEAS,MLPQR,A1p,1,S_gls_pool,0.6409111111111111,0.638155922739336,0.14666666666666667,1.159586139602562,1.654092452909551
SEAS,MLPQR,A1p,1,S_gls_ema,0.6411,0.6334082657731575,0.13,1.1917150847496996,1.6961769857683024
SEAS,MLPQR,A1p,1,S_gls_hybrid,0.6473444444444445,0.6472728642106453,0.16,0.999407003458075,1.4665443882456068
SEAS,MLPQR,A1p,1,S_gls_emp,0.6485555555555556,0.6462227516388857,0.15666666666666668,0.9421773601914093,1.364279473266789
SEAS,MLPQR,A1p,1,S_gls_b,0.6034,0.6013741005948519,0.07333333333333333,1.6036556485176479,2.317458186905274
SEAS,MLPQR,A1p,1,S_chi2,0.5079888888888888,0.4935176207001635,0.04666666666666667,2.2762687394725742,2.163966409293959
SEAS,MLPQR,A1p,1,S_maha,0.09525555555555554,0.3493488053424762,0.043333333333333335,39.98512237986942,18.72484867528198
SEAS,MLPQR,A2,1,S_max,0.53805,0.5386511661541578,0.0,2.2442847299984017,2.352648343940016
SEAS,MLPQR,A2,1,S_max_raw,0.5444555555555556,0.5436081739136627,0.06,3.3648161213568724,3.5466549944223082
SEAS,MLPQR,A2,1,S_band,0.5640611111111111,0.5738197780908404,0.09333333333333334,0.34239583333333334,0.38177083333333334
SEAS,MLPQR,A2,1,S_mean,0.6204666666666666,0.6378770423792101,0.16666666666666666,2.4173942936959416,3.423073966710579
SEAS,MLPQR,A2,1,S_gls_pert,0.6215111111111111,0.6161226285137064,0.09,1.6181586737776108,2.4053473385399258
SEAS,MLPQR,A2,1,S_gls_pool,0.6374222222222222,0.648324527392808,0.16666666666666666,1.159586139602562,1.693603802421997
SEAS,MLPQR,A2,1,S_gls_ema,0.6369,0.6478492951969435,0.16666666666666666,1.1917150847496996,1.7391468297812658
SEAS,MLPQR,A2,1,S_gls_hybrid,0.6531222222222222,0.659815946362018,0.16333333333333333,0.999407003458075,1.5140011535722697
SEAS,MLPQR,A2,1,S_gls_emp,0.6402333333333332,0.6516608753292344,0.17,0.9421773601914093,1.3922905588418397
SEAS,MLPQR,A2,1,S_gls_b,0.6251333333333334,0.6170531096617471,0.08666666666666667,1.6036556485176479,2.396640780560316
SEAS,MLPQR,A2,1,S_chi2,0.5830777777777778,0.6127079967430719,0.14,2.2762687394725742,3.169871589659588
SEAS,MLPQR,A2,1,S_maha,0.5543777777777777,0.5719343098998255,0.11,39.98512237986942,45.84403390955788
SEAS,MLPQR,A3,1,S_max,0.6261222222222221,0.5794726086536693,0.0,2.2442847299984017,2.451056723064682
SEAS,MLPQR,A3,1,S_max_raw,0.6856444444444445,0.6764973001751371,0.19333333333333333,3.3648161213568724,4.235354704615986
SEAS,MLPQR,A3,1,S_band,0.5283222222222222,0.5216346598879325,0.043333333333333335,0.34239583333333334,0.3584375
SEAS,MLPQR,A3,1,S_mean,0.49229999999999996,0.5010996189927557,0.06,2.4173942936959416,2.3765659869054137
SEAS,MLPQR,A3,1,S_gls_pert,0.49670000000000003,0.5004095406488138,0.04,1.6181586737776108,1.599824982532743
SEAS,MLPQR,A3,1,S_gls_pool,0.4921888888888889,0.501097318446128,0.05333333333333334,1.159586139602562,1.142334853446191
SEAS,MLPQR,A3,1,S_gls_ema,0.4927666666666667,0.5005652425456353,0.05,1.1917150847496996,1.1742415898624956
SEAS,MLPQR,A3,1,S_gls_hybrid,0.4974666666666666,0.5042572101626303,0.06333333333333334,0.999407003458075,0.9930580477195928
SEAS,MLPQR,A3,1,S_gls_emp,0.5035333333333334,0.5079787970705811,0.056666666666666664,0.9421773601914093,0.9514590848078008
SEAS,MLPQR,A3,1,S_gls_b,0.49585555555555555,0.5002624986027243,0.04,1.6036556485176479,1.5848146703979757
SEAS,MLPQR,A3,1,S_chi2,0.5304888888888888,0.5343240591025595,0.07666666666666666,2.2762687394725742,2.512974717613765
SEAS,MLPQR,A3,1,S_maha,0.6866333333333334,0.6508715766148965,0.16,39.98512237986942,50.863390427961036
SEAS,MLPQR,A4,1,S_max,0.7586944444444446,0.6903605810331553,0.0,2.2442847299984017,2.5271876476212007
SEAS,MLPQR,A4,1,S_max_raw,0.7802222222222223,0.7605208278035694,0.25333333333333335,3.3648161213568724,4.702971111349911
SEAS,MLPQR,A4,1,S_band,0.7648833333333334,0.7491279714091625,0.27,0.34239583333333334,0.5004166666666666
SEAS,MLPQR,A4,1,S_mean,0.5510666666666667,0.5671877200725719,0.10333333333333333,2.4173942936959416,2.8569073482014833
SEAS,MLPQR,A4,1,S_gls_pert,0.5654111111111111,0.5699413709825139,0.08666666666666667,1.6181586737776108,2.116249928686871
SEAS,MLPQR,A4,1,S_gls_pool,0.5627555555555556,0.5738102221809491,0.1,1.159586139602562,1.4029409947290536
SEAS,MLPQR,A4,1,S_gls_ema,0.5653555555555556,0.5747445526110696,0.1,1.1917150847496996,1.446298807673154
SEAS,MLPQR,A4,1,S_gls_hybrid,0.5764444444444444,0.58293964930627,0.10333333333333333,0.999407003458075,1.2505505177762453
SEAS,MLPQR,A4,1,S_gls_emp,0.5651444444444444,0.5769322451042984,0.11333333333333333,0.9421773601914093,1.1572694976675575
SEAS,MLPQR,A4,1,S_gls_b,0.5657888888888889,0.5683971257037239,0.08666666666666667,1.6036556485176479,2.096206180774459
SEAS,MLPQR,A4,1,S_chi2,0.7804,0.7756456010622621,0.2733333333333333,2.2762687394725742,4.948880353980665
SEAS,MLPQR,A4,1,S_maha,0.8625111111111111,0.8469414466339327,0.47,39.98512237986942,73.59458933800502
SEAS,MLPQR,A0,2,S_max,0.0762,0.3157560716113586,0.0,2.2583450242307292,1.432938394976638
SEAS,MLPQR,A0,2,S_max_raw,0.08406666666666666,0.31698403350328475,0.0,3.3410333761459103,1.7639701614630887
SEAS,MLPQR,A0,2,S_band,0.1757,0.3667917256120387,0.006666666666666667,0.36041666666666666,0.146875
SEAS,MLPQR,A0,2,S_mean,0.45015555555555564,0.44249718914207287,0.01,2.4517401905675555,2.0192094631826754
SEAS,MLPQR,A0,2,S_gls_pert,0.46795555555555557,0.4669620709111326,0.016666666666666666,1.961619761768812,1.593253180310927
SEAS,MLPQR,A0,2,S_gls_pool,0.4554666666666667,0.44608639003751005,0.01,1.150090021303332,0.9546762725722285
SEAS,MLPQR,A0,2,S_gls_ema,0.4622777777777778,0.45664311953541165,0.013333333333333334,1.3102481935671593,1.091886715948329
SEAS,MLPQR,A0,2,S_gls_hybrid,0.46040000000000003,0.4473555526192053,0.006666666666666667,1.068898599947173,0.8887960653503744
SEAS,MLPQR,A0,2,S_gls_emp,0.4495555555555556,0.44069154006856925,0.006666666666666667,0.9652372180748182,0.7792098617465716
SEAS,MLPQR,A0,2,S_gls_b,0.4639333333333333,0.4657098086657369,0.016666666666666666,1.9590094210807139,1.584665713407644
SEAS,MLPQR,A0,2,S_chi2,0.4831888888888889,0.4529365455350082,0.0,2.4350142700928115,1.8601317673280267
SEAS,MLPQR,A0,2,S_maha,0.04916666666666667,0.3143462587192831,0.006666666666666667,44.962133336020635,13.024906406110592
SEAS,MLPQR,A1,2,S_max,0.21586666666666668,0.36555337133148136,0.0,2.2583450242307292,1.791483879869107
SEAS,MLPQR,A1,2,S_max_raw,0.18829999999999997,0.3411587523057696,0.0,3.3410333761459103,2.2230433681217723
SEAS,MLPQR,A1,2,S_band,0.37426111111111116,0.4525549709019251,0.043333333333333335,0.36041666666666666,0.2775
SEAS,MLPQR,A1,2,S_mean,0.7091444444444445,0.7111585247199375,0.22333333333333333,2.4517401905675555,4.097584444476153
SEAS,MLPQR,A1,2,S_gls_pert,0.6508444444444444,0.6245703540163444,0.11666666666666667,1.961619761768812,3.097522189346625
SEAS,MLPQR,A1,2,S_gls_pool,0.7234333333333334,0.7171329208930155,0.22666666666666666,1.150090021303332,1.988868416941868
SEAS,MLPQR,A1,2,S_gls_ema,0.7221222222222222,0.6942032588155423,0.12333333333333334,1.3102481935671593,2.2087900572801904
SEAS,MLPQR,A1,2,S_gls_hybrid,0.7087333333333332,0.7090999388694305,0.22333333333333333,1.068898599947173,1.819701544477856
SEAS,MLPQR,A1,2,S_gls_emp,0.7243222222222222,0.7119614528677918,0.21,0.9652372180748182,1.6608888403793014
SEAS,MLPQR,A1,2,S_gls_b,0.6483222222222221,0.6227966317969261,0.11,1.9590094210807139,3.08040117521406
SEAS,MLPQR,A1,2,S_chi2,0.5141333333333333,0.49502884009012943,0.04666666666666667,2.4350142700928115,2.369686848529081
SEAS,MLPQR,A1,2,S_maha,0.15202222222222223,0.377344350619914,0.08,44.962133336020635,27.44772061517801
SEAS,MLPQR,A1p,2,S_max,0.1598222222222222,0.3399178439932762,0.0,2.2583450242307292,1.6622577614752345
SEAS,MLPQR,A1p,2,S_max_raw,0.14052222222222222,0.32831242763622076,0.0,3.3410333761459103,2.0362852651019927
SEAS,MLPQR,A1p,2,S_band,0.28093888888888885,0.39548024244789826,0.023333333333333334,0.36041666666666666,0.21739583333333334
SEAS,MLPQR,A1p,2,S_mean,0.6074888888888889,0.5984455980947557,0.10333333333333333,2.4517401905675555,3.2015226353332378
SEAS,MLPQR,A1p,2,S_gls_pert,0.5629777777777778,0.5570184708547864,0.08333333333333333,1.961619761768812,2.447028304372593
SEAS,MLPQR,A1p,2,S_gls_pool,0.6224444444444445,0.6066245216600374,0.09666666666666666,1.150090021303332,1.5557026696942513
SEAS,MLPQR,A1p,2,S_gls_ema,0.6245333333333333,0.6018353559584809,0.07,1.3102481935671593,1.7353406018424358
SEAS,MLPQR,A1p,2,S_gls_hybrid,0.6067888888888888,0.600615062682105,0.11,1.068898599947173,1.4234083554767698
SEAS,MLPQR,A1p,2,S_gls_emp,0.6258,0.601223781522795,0.09,0.9652372180748182,1.3026452428760387
SEAS,MLPQR,A1p,2,S_gls_b,0.5636111111111111,0.5571417849443494,0.08,1.9590094210807139,2.4424405006892256
SEAS,MLPQR,A1p,2,S_chi2,0.4765222222222223,0.4597569044310862,0.01,2.4350142700928115,2.004933461219088
SEAS,MLPQR,A1p,2,S_maha,0.115,0.3515116702150733,0.05333333333333334,44.962133336020635,21.418526547081903
SEAS,MLPQR,A2,2,S_max,0.5066277777777778,0.5138055867852565,0.0,2.2583450242307292,2.3446570030699028
SEAS,MLPQR,A2,2,S_max_raw,0.5503666666666668,0.5469165077989084,0.08,3.3410333761459103,3.5223218176224056
SEAS,MLPQR,A2,2,S_band,0.5506777777777778,0.545917816811216,0.06,0.36041666666666666,0.38958333333333334
SEAS,MLPQR,A2,2,S_mean,0.614,0.6256959115920582,0.15666666666666668,2.4517401905675555,3.3637554052827228
SEAS,MLPQR,A2,2,S_gls_pert,0.5708777777777778,0.5662650897301359,0.07333333333333333,1.961619761768812,2.575733644353475
SEAS,MLPQR,A2,2,S_gls_pool,0.6245222222222222,0.6306844765107236,0.15666666666666668,1.150090021303332,1.6134293581041517
SEAS,MLPQR,A2,2,S_gls_ema,0.6249555555555556,0.6135929039246016,0.09666666666666666,1.3102481935671593,1.8059652966885453
SEAS,MLPQR,A2,2,S_gls_hybrid,0.6115444444444444,0.618514883475243,0.14333333333333334,1.068898599947173,1.469353728144946
SEAS,MLPQR,A2,2,S_gls_emp,0.6206777777777779,0.6271791997821017,0.14,0.9652372180748182,1.348170258255124
SEAS,MLPQR,A2,2,S_gls_b,0.5671333333333333,0.5652081164983953,0.07333333333333333,1.9590094210807139,2.559569562865723
SEAS,MLPQR,A2,2,S_chi2,0.5824555555555555,0.591510767004287,0.13,2.4350142700928115,3.284920161372721
SEAS,MLPQR,A2,2,S_maha,0.5377000000000001,0.5452217691133038,0.08333333333333333,44.962133336020635,51.62579729540157
SEAS,MLPQR,A3,2,S_max,0.6214666666666667,0.5739127396190097,0.0,2.2583450242307292,2.4800603309849554
SEAS,MLPQR,A3,2,S_max_raw,0.6835055555555555,0.6844302887188276,0.19,3.3410333761459103,4.160070081158055
SEAS,MLPQR,A3,2,S_band,0.5361555555555556,0.5246027991710759,0.05,0.36041666666666666,0.37885416666666666
SEAS,MLPQR,A3,2,S_mean,0.4929111111111111,0.49642794587483696,0.04666666666666667,2.4517401905675555,2.4118841825610025
SEAS,MLPQR,A3,2,S_gls_pert,0.4975777777777778,0.5017922475829479,0.05333333333333334,1.961619761768812,1.9478781947936652
SEAS,MLPQR,A3,2,S_gls_pool,0.49501111111111107,0.4995217918209059,0.05,1.150090021303332,1.135157963649065
SEAS,MLPQR,A3,2,S_gls_ema,0.4978222222222223,0.4985758539217947,0.04,1.3102481935671593,1.2912880221948584
SEAS,MLPQR,A3,2,S_gls_hybrid,0.5022555555555556,0.5004115344211617,0.06,1.068898599947173,1.0638236157133327
SEAS,MLPQR,A3,2,S_gls_emp,0.5046888888888889,0.5078932886823506,0.05,0.9652372180748182,0.9760513530283561
SEAS,MLPQR,A3,2,S_gls_b,0.4982777777777777,0.5017894285826582,0.05333333333333334,1.9590094210807139,1.947154087885506
SEAS,MLPQR,A3,2,S_chi2,0.5379555555555555,0.5331136690868294,0.06,2.4350142700928115,2.719446627397496
SEAS,MLPQR,A3,2,S_maha,0.6697000000000001,0.6241602675365253,0.11333333333333333,44.962133336020635,55.599336964558994
SEAS,MLPQR,A4,2,S_max,0.7383222222222222,0.6669058599360655,0.0,2.2583450242307292,2.5299897177862674
SEAS,MLPQR,A4,2,S_max_raw,0.8126222222222224,0.8048335525815491,0.36,3.3410333761459103,4.762969969496327
SEAS,MLPQR,A4,2,S_band,0.7503611111111111,0.6955920431406335,0.10666666666666667,0.36041666666666666,0.49875
SEAS,MLPQR,A4,2,S_mean,0.5303666666666667,0.5433656804977935,0.08,2.4517401905675555,2.718444948564623
SEAS,MLPQR,A4,2,S_gls_pert,0.5318777777777778,0.5307029173818538,0.06333333333333334,1.961619761768812,2.2080734880904673
SEAS,MLPQR,A4,2,S_gls_pool,0.542511111111111,0.5557659700207508,0.08,1.150090021303332,1.3236448457013874
SEAS,MLPQR,A4,2,S_gls_ema,0.5443444444444445,0.5461248146093962,0.05,1.3102481935671593,1.4933289151824742
SEAS,MLPQR,A4,2,S_gls_hybrid,0.5434888888888889,0.555966288214037,0.09,1.068898599947173,1.237187149092469
SEAS,MLPQR,A4,2,S_gls_emp,0.569,0.5701551512991946,0.11333333333333333,0.9652372180748182,1.1750803037023372
SEAS,MLPQR,A4,2,S_gls_b,0.5323666666666667,0.5309515728099272,0.06666666666666667,1.9590094210807139,2.2081643510651814
SEAS,MLPQR,A4,2,S_chi2,0.7783000000000001,0.7441115871845191,0.22333333333333333,2.4350142700928115,4.941654401711484
SEAS,MLPQR,A4,2,S_maha,0.8239222222222223,0.7735929904468343,0.28,44.962133336020635,74.3666472609185
SEAS,MLPQR_CAL,A0,0,S_max,0.06778333333333333,0.3144249727310968,0.0,1.8529717331571798,1.1840563238259412
SEAS,MLPQR_CAL,A0,0,S_max_raw,0.0994,0.31941776480569806,0.0,3.204575457157334,1.781084959869342
SEAS,MLPQR_CAL,A0,0,S_band,0.13719444444444445,0.3943741326143594,0.0,0.2028125,0.048854166666666664
SEAS,MLPQR_CAL,A0,0,S_mean,0.4415222222222222,0.44738953128478004,0.023333333333333334,1.9946848798939558,1.665952634448638
SEAS,MLPQR_CAL,A0,0,S_gls_pert,0.4626,0.473952655918802,0.03666666666666667,1.4878497328028482,1.3187571937132125
SEAS,MLPQR_CAL,A0,0,S_gls_pool,0.4466555555555556,0.44957678302579784,0.02666666666666667,1.0148424587599827,0.8544169298743899
SEAS,MLPQR_CAL,A0,0,S_gls_ema,0.44705555555555554,0.4500801038271963,0.02,0.9925581924520757,0.8364090984427016
SEAS,MLPQR_CAL,A0,0,S_gls_hybrid,0.4527333333333333,0.4542784899451193,0.013333333333333334,0.9035297810146197,0.7700548185950357
SEAS,MLPQR_CAL,A0,0,S_gls_emp,0.4376888888888889,0.44550592432334457,0.02,0.8182947752054791,0.6731044527309359
SEAS,MLPQR_CAL,A0,0,S_gls_b,0.4641,0.4746117109208937,0.03666666666666667,1.4766347189795157,1.3081810987720046
SEAS,MLPQR_CAL,A0,0,S_chi2,0.7419111111111111,0.7345132510490275,0.3333333333333333,1.2937420243953612,2.120172149413896
SEAS,MLPQR_CAL,A0,0,S_maha,0.04192222222222222,0.31323419833839056,0.006666666666666667,27.19233758766742,8.158513101866715
SEAS,MLPQR_CAL,A1,0,S_max,0.23699444444444445,0.35940052854006677,0.013333333333333334,1.8529717331571798,1.4757225769793452
SEAS,MLPQR_CAL,A1,0,S_max_raw,0.19454444444444446,0.3440996135438867,0.0033333333333333335,3.204575457157334,2.1892874976718635
SEAS,MLPQR_CAL,A1,0,S_band,0.3778111111111111,0.47595175162268966,0.06333333333333334,0.2028125,0.15833333333333333
SEAS,MLPQR_CAL,A1,0,S_mean,0.7173555555555555,0.7248652444161363,0.26666666666666666,1.9946848798939558,3.3649760718108754
SEAS,MLPQR_CAL,A1,0,S_gls_pert,0.6784666666666667,0.6719553985599968,0.15,1.4878497328028482,2.6150483070127706
SEAS,MLPQR_CAL,A1,0,S_gls_pool,0.7377333333333334,0.7414610375589011,0.29,1.0148424587599827,1.7912578903705132
SEAS,MLPQR_CAL,A1,0,S_gls_ema,0.7396666666666667,0.7449584731840588,0.28,0.9925581924520757,1.7620566378949767
SEAS,MLPQR_CAL,A1,0,S_gls_hybrid,0.7268777777777778,0.7367350663981742,0.2733333333333333,0.9035297810146197,1.6105633734157516
SEAS,MLPQR_CAL,A1,0,S_gls_emp,0.7360111111111111,0.7391545014507912,0.2833333333333333,0.8182947752054791,1.4319775714836278
SEAS,MLPQR_CAL,A1,0,S_gls_b,0.6814777777777777,0.6720384571720603,0.14,1.4766347189795157,2.6025577820254573
SEAS,MLPQR_CAL,A1,0,S_chi2,0.6136222222222222,0.6241770713143515,0.20666666666666667,1.2937420243953612,1.6880648022854692
SEAS,MLPQR_CAL,A1,0,S_maha,0.1744,0.39378670247346637,0.07666666666666666,27.19233758766742,16.383532519054114
SEAS,MLPQR_CAL,A1p,0,S_max,0.16629444444444444,0.33526314604964924,0.006666666666666667,1.8529717331571798,1.3656847599166535
SEAS,MLPQR_CAL,A1p,0,S_max_raw,0.14505555555555555,0.329765389582115,0.0033333333333333335,3.204575457157334,2.0023207107849443
SEAS,MLPQR_CAL,A1p,0,S_band,0.26995555555555556,0.40702398332089457,0.01,0.2028125,0.10510416666666667
SEAS,MLPQR_CAL,A1p,0,S_mean,0.6156777777777778,0.6086277720175808,0.12666666666666668,1.9946848798939558,2.638096982411772
SEAS,MLPQR_CAL,A1p,0,S_gls_pert,0.6029777777777778,0.599253273099595,0.12333333333333334,1.4878497328028482,2.083042668284066
SEAS,MLPQR_CAL,A1p,0,S_gls_pool,0.6389111111111111,0.627768025657566,0.15333333333333332,1.0148424587599827,1.4141441151366836
SEAS,MLPQR_CAL,A1p,0,S_gls_ema,0.6381777777777778,0.6326790269927598,0.14666666666666667,0.9925581924520757,1.3881965170850896
SEAS,MLPQR_CAL,A1p,0,S_gls_hybrid,0.6352111111111112,0.6352084036005758,0.16666666666666666,0.9035297810146197,1.280826174419049
SEAS,MLPQR_CAL,A1p,0,S_gls_emp,0.6409777777777779,0.6265640962648804,0.14666666666666667,0.8182947752054791,1.1382058989812556
SEAS,MLPQR_CAL,A1p,0,S_gls_b,0.6060666666666666,0.5993560561390656,0.12,1.4766347189795157,2.0769977006462574
SEAS,MLPQR_CAL,A1p,0,S_chi2,0.6418666666666666,0.6497142904722524,0.22,1.2937420243953612,1.7758198911303764
SEAS,MLPQR_CAL,A1p,0,S_maha,0.12191111111111111,0.3530792832764047,0.05,27.19233758766742,12.62254940988285
SEAS,MLPQR_CAL,A2,0,S_max,0.6102777777777778,0.6134073562426496,0.14,1.8529717331571798,1.9826208590104626
SEAS,MLPQR_CAL,A2,0,S_max_raw,0.5445666666666668,0.5486910273956376,0.08333333333333333,3.204575457157334,3.3630060285804664
SEAS,MLPQR_CAL,A2,0,S_band,0.5914388888888888,0.5943723242956469,0.13,0.2028125,0.25333333333333335
SEAS,MLPQR_CAL,A2,0,S_mean,0.601,0.6281176286364067,0.17333333333333334,1.9946848798939558,2.6911392442209707
SEAS,MLPQR_CAL,A2,0,S_gls_pert,0.5989222222222222,0.6078811908369548,0.12,1.4878497328028482,2.130523003259907
SEAS,MLPQR_CAL,A2,0,S_gls_pool,0.6215444444444445,0.6411235819741892,0.17,1.0148424587599827,1.429884355730457
SEAS,MLPQR_CAL,A2,0,S_gls_ema,0.6172777777777778,0.6406107773841797,0.16333333333333333,0.9925581924520757,1.3947976636042174
SEAS,MLPQR_CAL,A2,0,S_gls_hybrid,0.6206444444444444,0.6450088609898244,0.18333333333333332,0.9035297810146197,1.2973028886464166
SEAS,MLPQR_CAL,A2,0,S_gls_emp,0.6253111111111112,0.6459268474965625,0.16666666666666666,0.8182947752054791,1.1632824762416891
SEAS,MLPQR_CAL,A2,0,S_gls_b,0.6003999999999999,0.6083160176681253,0.11666666666666667,1.4766347189795157,2.125172863442271
SEAS,MLPQR_CAL,A2,0,S_chi2,0.5396444444444445,0.5813091597110223,0.15666666666666668,1.2937420243953612,1.584737972144831
SEAS,MLPQR_CAL,A2,0,S_maha,0.5797333333333334,0.5869869947377807,0.10333333333333333,27.19233758766742,31.755165004301574
SEAS,MLPQR_CAL,A3,0,S_max,0.6973944444444444,0.6538298642963358,0.14333333333333334,1.8529717331571798,2.0819421902617425
SEAS,MLPQR_CAL,A3,0,S_max_raw,0.7002444444444446,0.7025700478127892,0.21333333333333335,3.204575457157334,4.028665896789418
SEAS,MLPQR_CAL,A3,0,S_band,0.5503777777777777,0.530187563244465,0.05,0.2028125,0.22322916666666667
SEAS,MLPQR_CAL,A3,0,S_mean,0.4944222222222222,0.49709801331548953,0.05,1.9946848798939558,1.9637014015353231
SEAS,MLPQR_CAL,A3,0,S_gls_pert,0.4963444444444444,0.5006364067413737,0.05333333333333334,1.4878497328028482,1.47580537322635
SEAS,MLPQR_CAL,A3,0,S_gls_pool,0.49766666666666665,0.497122793075804,0.04666666666666667,1.0148424587599827,1.0028402645030106
SEAS,MLPQR_CAL,A3,0,S_gls_ema,0.4972777777777778,0.49725371096243587,0.03333333333333333,0.9925581924520757,0.9805177579158514
SEAS,MLPQR_CAL,A3,0,S_gls_hybrid,0.5013333333333334,0.5028068796643808,0.056666666666666664,0.9035297810146197,0.9004447189641981
SEAS,MLPQR_CAL,A3,0,S_gls_emp,0.5004666666666666,0.49995988768141275,0.043333333333333335,0.8182947752054791,0.8158092767139529
SEAS,MLPQR_CAL,A3,0,S_gls_b,0.49701111111111107,0.5006074267485325,0.04666666666666667,1.4766347189795157,1.4646308793734222
SEAS,MLPQR_CAL,A3,0,S_chi2,0.4619333333333333,0.49089333149809034,0.06666666666666667,1.2937420243953612,1.208424392150249
SEAS,MLPQR_CAL,A3,0,S_maha,0.6840444444444443,0.6571038750522199,0.13666666666666666,27.19233758766742,34.675053088333506
SEAS,MLPQR_CAL,A4,0,S_max,0.8006833333333333,0.7699762936512405,0.31333333333333335,1.8529717331571798,2.202288639867357
SEAS,MLPQR_CAL,A4,0,S_max_raw,0.8339000000000001,0.833061519801866,0.37666666666666665,3.204575457157334,4.7557282803638605
SEAS,MLPQR_CAL,A4,0,S_band,0.8026500000000001,0.7698873907749746,0.27,0.2028125,0.3665625
SEAS,MLPQR_CAL,A4,0,S_mean,0.5492444444444444,0.5638209824483392,0.10333333333333333,1.9946848798939558,2.317617411703253
SEAS,MLPQR_CAL,A4,0,S_gls_pert,0.5614777777777777,0.5635320687228104,0.08,1.4878497328028482,1.8586142860731532
SEAS,MLPQR_CAL,A4,0,S_gls_pool,0.563,0.5738423231253119,0.11333333333333333,1.0148424587599827,1.2166785615349747
SEAS,MLPQR_CAL,A4,0,S_gls_ema,0.5676222222222223,0.5785921579189217,0.11333333333333333,0.9925581924520757,1.2059589370107373
SEAS,MLPQR_CAL,A4,0,S_gls_hybrid,0.5772222222222223,0.581529264611598,0.09,0.9035297810146197,1.1204533183642442
SEAS,MLPQR_CAL,A4,0,S_gls_emp,0.5677333333333334,0.5762179968983205,0.09,0.8182947752054791,0.9870490864136676
SEAS,MLPQR_CAL,A4,0,S_gls_b,0.5691777777777778,0.5668828208267329,0.07666666666666666,1.4766347189795157,1.8655298083601144
SEAS,MLPQR_CAL,A4,0,S_chi2,0.6594888888888889,0.7211669363207354,0.34,1.2937420243953612,2.240955972150128
SEAS,MLPQR_CAL,A4,0,S_maha,0.8680555555555557,0.8434347178155106,0.37,27.19233758766742,47.864468844988245
SEAS,MLPQR_CAL,A0,1,S_max,0.08701111111111112,0.31768735485561717,0.0,1.8717134142569452,1.198473334532707
SEAS,MLPQR_CAL,A0,1,S_max_raw,0.1052777777777778,0.32070722266791624,0.0,3.3648161213568724,1.8297673483831347
SEAS,MLPQR_CAL,A0,1,S_band,0.15545,0.3953808351185547,0.01,0.20895833333333333,0.060208333333333336
SEAS,MLPQR_CAL,A0,1,S_mean,0.45815555555555554,0.45578135335464404,0.013333333333333334,1.9708758208860728,1.6915673523249553
SEAS,MLPQR_CAL,A0,1,S_gls_pert,0.472,0.4762843760734972,0.023333333333333334,1.3475158007974437,1.2133373038348827
SEAS,MLPQR_CAL,A0,1,S_gls_pool,0.45634444444444444,0.45408883521390503,0.013333333333333334,0.9564309711713384,0.8162707592847632
SEAS,MLPQR_CAL,A0,1,S_gls_ema,0.4586,0.45476171951382577,0.01,0.9832964660683446,0.834487008279862
SEAS,MLPQR_CAL,A0,1,S_gls_hybrid,0.4660777777777778,0.4562772863983682,0.013333333333333334,0.8333697143894879,0.7199728687028769
SEAS,MLPQR_CAL,A0,1,S_gls_emp,0.45122222222222214,0.4481467330846788,0.013333333333333334,0.7901352648548792,0.6595188995599007
SEAS,MLPQR_CAL,A0,1,S_gls_b,0.4777666666666667,0.4786545003112765,0.02666666666666667,1.3377014538929564,1.21567125209613
SEAS,MLPQR_CAL,A0,1,S_chi2,0.7307999999999999,0.6992250202021159,0.19,1.3018421108051885,2.144814375701338
SEAS,MLPQR_CAL,A0,1,S_maha,0.04264444444444445,0.3139734592671398,0.006666666666666667,26.97305410609759,7.993051149427007
SEAS,MLPQR_CAL,A1,1,S_max,0.26030555555555557,0.3747912268814171,0.006666666666666667,1.8717134142569452,1.5030677550298666
SEAS,MLPQR_CAL,A1,1,S_max_raw,0.21692222222222224,0.35294660347675605,0.0033333333333333335,3.3648161213568724,2.2798245114170483
SEAS,MLPQR_CAL,A1,1,S_band,0.38905000000000006,0.5012608350200368,0.08666666666666667,0.20895833333333333,0.1703125
SEAS,MLPQR_CAL,A1,1,S_mean,0.7334333333333334,0.7326401324491478,0.25,1.9708758208860728,3.4855014446914567
SEAS,MLPQR_CAL,A1,1,S_gls_pert,0.6869777777777777,0.6804271778550399,0.12,1.3475158007974437,2.483243125078351
SEAS,MLPQR_CAL,A1,1,S_gls_pool,0.7451444444444444,0.7441339509794422,0.25666666666666665,0.9564309711713384,1.740798435102245
SEAS,MLPQR_CAL,A1,1,S_gls_ema,0.7435,0.7425599478029814,0.25,0.9832964660683446,1.7876674970037791
SEAS,MLPQR_CAL,A1,1,S_gls_hybrid,0.7507777777777778,0.7563843143454694,0.30666666666666664,0.8333697143894879,1.5683514600825448
SEAS,MLPQR_CAL,A1,1,S_gls_emp,0.7526,0.7512550011159806,0.2733333333333333,0.7901352648548792,1.4628149592040471
SEAS,MLPQR_CAL,A1,1,S_gls_b,0.6855333333333333,0.6802354101850976,0.12333333333333334,1.3377014538929564,2.466834293489909
SEAS,MLPQR_CAL,A1,1,S_chi2,0.6224555555555555,0.6373526679916192,0.16,1.3018421108051885,1.8390920073209005
SEAS,MLPQR_CAL,A1,1,S_maha,0.14040000000000002,0.37558408034320545,0.06,26.97305410609759,16.80979514462566
SEAS,MLPQR_CAL,A1p,1,S_max,0.19966666666666666,0.34931130065039184,0.0033333333333333335,1.8717134142569452,1.3976504690761098
SEAS,MLPQR_CAL,A1p,1,S_max_raw,0.1683,0.3364923888749565,0.0033333333333333335,3.3648161213568724,2.07875692148235
SEAS,MLPQR_CAL,A1p,1,S_band,0.29156111111111105,0.432434109345643,0.03333333333333333,0.20895833333333333,0.1225
SEAS,MLPQR_CAL,A1p,1,S_mean,0.6269888888888889,0.6238784997330067,0.16,1.9708758208860728,2.727961734734871
SEAS,MLPQR_CAL,A1p,1,S_gls_pert,0.6047777777777777,0.6030729462743747,0.09333333333333334,1.3475158007974437,1.9470496537688957
SEAS,MLPQR_CAL,A1p,1,S_gls_pool,0.643688888888889,0.6404871668157492,0.13666666666666666,0.9564309711713384,1.373888210781339
SEAS,MLPQR_CAL,A1p,1,S_gls_ema,0.6441444444444444,0.6358507522661283,0.13333333333333333,0.9832964660683446,1.4077285757834497
SEAS,MLPQR_CAL,A1p,1,S_gls_hybrid,0.6520111111111111,0.6515080430318755,0.16,0.8333697143894879,1.2367357605803893
SEAS,MLPQR_CAL,A1p,1,S_gls_emp,0.6563555555555556,0.652986066325064,0.15666666666666668,0.7901352648548792,1.1637938678991913
SEAS,MLPQR_CAL,A1p,1,S_gls_b,0.6069666666666668,0.604352463749968,0.09333333333333334,1.3377014538929564,1.9425669644765646
SEAS,MLPQR_CAL,A1p,1,S_chi2,0.6625333333333333,0.652443046890312,0.17,1.3018421108051885,1.9188580691994388
SEAS,MLPQR_CAL,A1p,1,S_maha,0.09724444444444445,0.35049085372627936,0.043333333333333335,26.97305410609759,12.945237218878905
SEAS,MLPQR_CAL,A2,1,S_max,0.5940777777777778,0.5768248090149615,0.05333333333333334,1.8717134142569452,1.9785647491957397
SEAS,MLPQR_CAL,A2,1,S_max_raw,0.5444555555555556,0.5436081739136627,0.06,3.3648161213568724,3.5466549944223082
SEAS,MLPQR_CAL,A2,1,S_band,0.5778277777777777,0.5956616572357455,0.13333333333333333,0.20895833333333333,0.2555208333333333
SEAS,MLPQR_CAL,A2,1,S_mean,0.6214444444444445,0.6369898884373617,0.16666666666666666,1.9708758208860728,2.795534061733318
SEAS,MLPQR_CAL,A2,1,S_gls_pert,0.6241000000000001,0.6182181347444351,0.10333333333333333,1.3475158007974437,2.012696168901197
SEAS,MLPQR_CAL,A2,1,S_gls_pool,0.6427555555555555,0.6514122001148158,0.17,0.9564309711713384,1.409048694737068
SEAS,MLPQR_CAL,A2,1,S_gls_ema,0.6413777777777778,0.6504166784073333,0.15333333333333332,0.9832964660683446,1.445969267770389
SEAS,MLPQR_CAL,A2,1,S_gls_hybrid,0.6593333333333333,0.6646512562259195,0.16666666666666666,0.8333697143894879,1.2788152514403737
SEAS,MLPQR_CAL,A2,1,S_gls_emp,0.6470555555555555,0.6582518988569099,0.17666666666666667,0.7901352648548792,1.1870178570204228
SEAS,MLPQR_CAL,A2,1,S_gls_b,0.6278222222222223,0.6194116289881191,0.10333333333333333,1.3377014538929564,2.0118024659947626
SEAS,MLPQR_CAL,A2,1,S_chi2,0.5590111111111111,0.5916496139544821,0.13333333333333333,1.3018421108051885,1.6623811001144062
SEAS,MLPQR_CAL,A2,1,S_maha,0.5578444444444444,0.5752980172134174,0.12,26.97305410609759,31.19701465125643
SEAS,MLPQR_CAL,A3,1,S_max,0.6493888888888888,0.6092735590435523,0.07666666666666666,1.8717134142569452,2.05495211082922
SEAS,MLPQR_CAL,A3,1,S_max_raw,0.6856444444444445,0.6764973001751371,0.19333333333333333,3.3648161213568724,4.235354704615986
SEAS,MLPQR_CAL,A3,1,S_band,0.54705,0.5303788635385421,0.06333333333333334,0.20895833333333333,0.22875
SEAS,MLPQR_CAL,A3,1,S_mean,0.49304444444444445,0.5010490577617273,0.07,1.9708758208860728,1.937705422516545
SEAS,MLPQR_CAL,A3,1,S_gls_pert,0.4959444444444444,0.5007127807988219,0.05,1.3475158007974437,1.3319697568460647
SEAS,MLPQR_CAL,A3,1,S_gls_pool,0.49429999999999996,0.5020241720151689,0.05,0.9564309711713384,0.945147761633757
SEAS,MLPQR_CAL,A3,1,S_gls_ema,0.49378888888888894,0.5004070721994558,0.05,0.9832964660683446,0.9706240008833457
SEAS,MLPQR_CAL,A3,1,S_gls_hybrid,0.49879999999999997,0.5047019447267549,0.06333333333333334,0.8333697143894879,0.8307847746343355
SEAS,MLPQR_CAL,A3,1,S_gls_emp,0.5036888888888889,0.5081881581677641,0.05333333333333334,0.7901352648548792,0.8006169223252921
SEAS,MLPQR_CAL,A3,1,S_gls_b,0.49463333333333337,0.500760838110454,0.05,1.3377014538929564,1.3219111690241172
SEAS,MLPQR_CAL,A3,1,S_chi2,0.4849777777777778,0.5000354806068046,0.056666666666666664,1.3018421108051885,1.271791614178584
SEAS,MLPQR_CAL,A3,1,S_maha,0.6852444444444444,0.6483713472853849,0.15666666666666668,26.97305410609759,34.238083726404994
SEAS,MLPQR_CAL,A4,1,S_max,0.7594722222222222,0.7196805687398149,0.20666666666666667,1.8717134142569452,2.1754788330737966
SEAS,MLPQR_CAL,A4,1,S_max_raw,0.7802222222222223,0.7605208278035694,0.25333333333333335,3.3648161213568724,4.702971111349911
SEAS,MLPQR_CAL,A4,1,S_band,0.7802666666666667,0.7543582457230602,0.27,0.20895833333333333,0.3622916666666667
SEAS,MLPQR_CAL,A4,1,S_mean,0.5522444444444444,0.5678850724406471,0.11,1.9708758208860728,2.3335260216384124
SEAS,MLPQR_CAL,A4,1,S_gls_pert,0.5644,0.5703985207402166,0.09333333333333334,1.3475158007974437,1.7619555721815012
SEAS,MLPQR_CAL,A4,1,S_gls_pool,0.569088888888889,0.57678764780757,0.09666666666666666,0.9564309711713384,1.1709364510405655
SEAS,MLPQR_CAL,A4,1,S_gls_ema,0.5708777777777778,0.5784003719508679,0.09666666666666666,0.9832964660683446,1.2068654819644034
SEAS,MLPQR_CAL,A4,1,S_gls_hybrid,0.5821444444444445,0.5863478420292393,0.10666666666666667,0.8333697143894879,1.0551968758532253
SEAS,MLPQR_CAL,A4,1,S_gls_emp,0.5712888888888888,0.5820410993655976,0.11666666666666667,0.7901352648548792,0.9829444748908199
SEAS,MLPQR_CAL,A4,1,S_gls_b,0.5617111111111112,0.567184047623763,0.09333333333333334,1.3377014538929564,1.7428298183099715
SEAS,MLPQR_CAL,A4,1,S_chi2,0.6268222222222223,0.6923542735644523,0.27666666666666667,1.3018421108051885,2.2024588881626745
SEAS,MLPQR_CAL,A4,1,S_maha,0.8629444444444444,0.8445240444511021,0.4766666666666667,26.97305410609759,49.567066248024446
SEAS,MLPQR_CAL,A0,2,S_max,0.06861111111111111,0.31457997549788125,0.0,1.9000153852195092,1.186705747681883
SEAS,MLPQR_CAL,A0,2,S_max_raw,0.08406666666666666,0.31698403350328475,0.0,3.3410333761459103,1.7639701614630887
SEAS,MLPQR_CAL,A0,2,S_band,0.13356666666666667,0.39963685424324147,0.006666666666666667,0.23291666666666666,0.058229166666666665
SEAS,MLPQR_CAL,A0,2,S_mean,0.449211111111111,0.4430578700222497,0.006666666666666667,2.0269936926471632,1.6697350981517043
SEAS,MLPQR_CAL,A0,2,S_gls_pert,0.4662666666666666,0.4660925886182502,0.016666666666666666,1.6474466611074312,1.3347969272125104
SEAS,MLPQR_CAL,A0,2,S_gls_pool,0.4560222222222222,0.4466616031754157,0.01,0.9634833913827424,0.8004792055813734
SEAS,MLPQR_CAL,A0,2,S_gls_ema,0.46263333333333334,0.45703911641823874,0.013333333333333334,1.096423135939616,0.9126203148013349
SEAS,MLPQR_CAL,A0,2,S_gls_hybrid,0.46138888888888885,0.4478206017930766,0.006666666666666667,0.8978245186705771,0.7460080617684159
SEAS,MLPQR_CAL,A0,2,S_gls_emp,0.4546111111111111,0.44314316200750054,0.006666666666666667,0.8061114535996552,0.6526729889773464
SEAS,MLPQR_CAL,A0,2,S_gls_b,0.4643777777777778,0.46558207617971614,0.016666666666666666,1.642025826915345,1.3260537530672734
SEAS,MLPQR_CAL,A0,2,S_chi2,0.7366555555555555,0.6744687113318711,0.0033333333333333335,1.3275314638240445,2.138472963721405
SEAS,MLPQR_CAL,A0,2,S_maha,0.04837777777777777,0.31441090273537275,0.006666666666666667,31.14210833543104,9.062221942015322
SEAS,MLPQR_CAL,A1,2,S_max,0.2193388888888889,0.35542603852388643,0.006666666666666667,1.9000153852195092,1.4754612376634668
SEAS,MLPQR_CAL,A1,2,S_max_raw,0.18829999999999997,0.3411587523057696,0.0,3.3410333761459103,2.2230433681217723
SEAS,MLPQR_CAL,A1,2,S_band,0.34075,0.4409491110016012,0.02666666666666667,0.23291666666666666,0.15739583333333335
SEAS,MLPQR_CAL,A1,2,S_mean,0.6968777777777778,0.6960967729451337,0.2,2.0269936926471632,3.2854785549479097
SEAS,MLPQR_CAL,A1,2,S_gls_pert,0.6467111111111111,0.6195202079728583,0.1,1.6474466611074312,2.5566173490079764
SEAS,MLPQR_CAL,A1,2,S_gls_pool,0.7153111111111112,0.7057529588772118,0.23333333333333334,0.9634833913827424,1.6264784082196821
SEAS,MLPQR_CAL,A1,2,S_gls_ema,0.714188888888889,0.6862430806737961,0.12666666666666668,1.096423135939616,1.8033548274746287
SEAS,MLPQR_CAL,A1,2,S_gls_hybrid,0.7011444444444445,0.6983226129483653,0.21666666666666667,0.8978245186705771,1.4965252565452913
SEAS,MLPQR_CAL,A1,2,S_gls_emp,0.7165555555555554,0.6963567724691664,0.19666666666666666,0.8061114535996552,1.3583326208578066
SEAS,MLPQR_CAL,A1,2,S_gls_b,0.6445777777777777,0.6178244495273826,0.09333333333333334,1.642025826915345,2.5416032218117226
SEAS,MLPQR_CAL,A1,2,S_chi2,0.6414777777777778,0.6063460486993453,0.02666666666666667,1.3275314638240445,1.7897595134800037
SEAS,MLPQR_CAL,A1,2,S_maha,0.14815555555555554,0.375016365521254,0.07666666666666666,31.14210833543104,18.87553050861737
SEAS,MLPQR_CAL,A1p,2,S_max,0.15804444444444446,0.33366074753410285,0.0033333333333333335,1.9000153852195092,1.3747287342610748
SEAS,MLPQR_CAL,A1p,2,S_max_raw,0.14052222222222222,0.32831242763622076,0.0,3.3410333761459103,2.0362852651019927
SEAS,MLPQR_CAL,A1p,2,S_band,0.24607222222222225,0.4003390336659104,0.006666666666666667,0.23291666666666666,0.11083333333333334
SEAS,MLPQR_CAL,A1p,2,S_mean,0.5945777777777779,0.58443729760355,0.09,2.0269936926471632,2.561171107163908
SEAS,MLPQR_CAL,A1p,2,S_gls_pert,0.5574000000000001,0.5527811902876242,0.07666666666666666,1.6474466611074312,2.0200122522288515
SEAS,MLPQR_CAL,A1p,2,S_gls_pool,0.6134222222222222,0.5950395510548923,0.1,0.9634833913827424,1.270871271990605
SEAS,MLPQR_CAL,A1p,2,S_gls_ema,0.6154888888888889,0.593638653671916,0.07666666666666666,1.096423135939616,1.4147738708711064
SEAS,MLPQR_CAL,A1p,2,S_gls_hybrid,0.5998555555555555,0.5882153717009148,0.11,0.8978245186705771,1.1697424078499097
SEAS,MLPQR_CAL,A1p,2,S_gls_emp,0.6180888888888889,0.5898939645215255,0.08,0.8061114535996552,1.0645471634729156
SEAS,MLPQR_CAL,A1p,2,S_gls_b,0.5614333333333333,0.5531729252354616,0.07666666666666666,1.642025826915345,2.017140988274836
SEAS,MLPQR_CAL,A1p,2,S_chi2,0.6733111111111111,0.625804871361788,0.01,1.3275314638240445,1.8814709367510485
SEAS,MLPQR_CAL,A1p,2,S_maha,0.1123888888888889,0.35020719380852877,0.05333333333333334,31.14210833543104,14.808015604619738
SEAS,MLPQR_CAL,A2,2,S_max,0.573238888888889,0.5727910146815368,0.07333333333333333,1.9000153852195092,1.9918147912316373
SEAS,MLPQR_CAL,A2,2,S_max_raw,0.5503666666666668,0.5469165077989084,0.08,3.3410333761459103,3.5223218176224056
SEAS,MLPQR_CAL,A2,2,S_band,0.5641277777777778,0.5612858686304856,0.05333333333333334,0.23291666666666666,0.2703125
SEAS,MLPQR_CAL,A2,2,S_mean,0.6068222222222222,0.6140539698178114,0.14,2.0269936926471632,2.7056275789571917
SEAS,MLPQR_CAL,A2,2,S_gls_pert,0.5687222222222222,0.5619438444030536,0.07333333333333333,1.6474466611074312,2.132169950139317
SEAS,MLPQR_CAL,A2,2,S_gls_pool,0.6179111111111111,0.6203901838055839,0.16333333333333333,0.9634833913827424,1.3221973827883176
SEAS,MLPQR_CAL,A2,2,S_gls_ema,0.6191888888888889,0.6055975783643895,0.1,1.096423135939616,1.4793089983414693
SEAS,MLPQR_CAL,A2,2,S_gls_hybrid,0.6065555555555555,0.6091910542320892,0.13,0.8978245186705771,1.2122365732990985
SEAS,MLPQR_CAL,A2,2,S_gls_emp,0.6183000000000001,0.6164746708966622,0.12333333333333334,0.8061114535996552,1.107982336675095
SEAS,MLPQR_CAL,A2,2,S_gls_b,0.5676777777777777,0.5612850210053812,0.07333333333333333,1.642025826915345,2.121493767952501
SEAS,MLPQR_CAL,A2,2,S_chi2,0.5634,0.5771026124639794,0.10666666666666667,1.3275314638240445,1.6840386062367334
SEAS,MLPQR_CAL,A2,2,S_maha,0.5354222222222222,0.5426774563884329,0.08,31.14210833543104,35.65225285929557
SEAS,MLPQR_CAL,A3,2,S_max,0.6527833333333334,0.617570270515412,0.08666666666666667,1.9000153852195092,2.0945024936713943
SEAS,MLPQR_CAL,A3,2,S_max_raw,0.6835055555555555,0.6844302887188276,0.19,3.3410333761459103,4.160070081158055
SEAS,MLPQR_CAL,A3,2,S_band,0.5455222222222224,0.5307173209888728,0.05,0.23291666666666666,0.25385416666666666
SEAS,MLPQR_CAL,A3,2,S_mean,0.48939999999999995,0.4936606536557739,0.043333333333333335,2.0269936926471632,1.9764658906435322
SEAS,MLPQR_CAL,A3,2,S_gls_pert,0.4960222222222222,0.5006397601960563,0.05333333333333334,1.6474466611074312,1.6302962510534633
SEAS,MLPQR_CAL,A3,2,S_gls_pool,0.49464444444444444,0.4968608525297056,0.05333333333333334,0.9634833913827424,0.9463841985330026
SEAS,MLPQR_CAL,A3,2,S_gls_ema,0.4946555555555556,0.4977239304994968,0.05,1.096423135939616,1.0722663828116732
SEAS,MLPQR_CAL,A3,2,S_gls_hybrid,0.5021888888888889,0.5001824174545559,0.06333333333333334,0.8978245186705771,0.8908368280409767
SEAS,MLPQR_CAL,A3,2,S_gls_emp,0.4995777777777777,0.5052313407972946,0.056666666666666664,0.8061114535996552,0.8074773341461406
SEAS,MLPQR_CAL,A3,2,S_gls_b,0.4978333333333333,0.501324847089956,0.05333333333333334,1.642025826915345,1.6277640088043326
SEAS,MLPQR_CAL,A3,2,S_chi2,0.49215555555555557,0.5018494397995881,0.056666666666666664,1.3275314638240445,1.3209887338396333
SEAS,MLPQR_CAL,A3,2,S_maha,0.6679333333333333,0.6240279660207858,0.11333333333333333,31.14210833543104,38.42566044160431
SEAS,MLPQR_CAL,A4,2,S_max,0.7866333333333333,0.7427672072639009,0.15,1.9000153852195092,2.2197303666607557
SEAS,MLPQR_CAL,A4,2,S_max_raw,0.8126222222222224,0.8048335525815491,0.36,3.3410333761459103,4.762969969496327
SEAS,MLPQR_CAL,A4,2,S_band,0.7651833333333333,0.7120745032983159,0.12333333333333334,0.23291666666666666,0.375
SEAS,MLPQR_CAL,A4,2,S_mean,0.5316666666666666,0.546526120138958,0.08666666666666667,2.0269936926471632,2.260126608771644
SEAS,MLPQR_CAL,A4,2,S_gls_pert,0.5356222222222222,0.5317623366339135,0.056666666666666664,1.6474466611074312,1.870266550462724
SEAS,MLPQR_CAL,A4,2,S_gls_pool,0.5465444444444445,0.559937594235085,0.09,0.9634833913827424,1.1212475472176935
SEAS,MLPQR_CAL,A4,2,S_gls_ema,0.5470333333333334,0.5505643617090935,0.056666666666666664,1.096423135939616,1.2609670817132321
SEAS,MLPQR_CAL,A4,2,S_gls_hybrid,0.5526222222222221,0.5595243255333563,0.08666666666666667,0.8978245186705771,1.0592580305550379
SEAS,MLPQR_CAL,A4,2,S_gls_emp,0.5810555555555555,0.5781899742095877,0.10666666666666667,0.8061114535996552,1.005100656420485
SEAS,MLPQR_CAL,A4,2,S_gls_b,0.5375888888888889,0.5323554194555704,0.05333333333333334,1.642025826915345,1.870513008093107
SEAS,MLPQR_CAL,A4,2,S_chi2,0.6740333333333333,0.6929707233724051,0.21333333333333335,1.3275314638240445,2.329815235775068
SEAS,MLPQR_CAL,A4,2,S_maha,0.8266888888888889,0.7762429281193317,0.29,31.14210833543104,51.7218656013491
SEAS,ORACLE,A0,0,S_max,0.0,0.5,0.0,2.0505384008836267,0.0
SEAS,ORACLE,A0,0,S_max_raw,0.0,0.5,0.0,2.1378309591933684,0.0
SEAS,ORACLE,A0,0,S_band,0.003333333333333355,0.5,0.0,0.1834375,0.0
SEAS,ORACLE,A0,0,S_mean,0.0,0.5,0.0,1.6143802398488332,0.0
SEAS,ORACLE,A0,0,S_gls_pert,0.0,0.5,0.0,0.7231357845336674,0.0
SEAS,ORACLE,A0,0,S_gls_pool,0.0,0.5,0.0,0.723135784533667,0.0
SEAS,ORACLE,A0,0,S_gls_ema,0.0,0.5,0.0,0.7231357845336672,0.0
SEAS,ORACLE,A0,0,S_gls_hybrid,0.0,0.5,0.0,0.7467677524855025,0.0
SEAS,ORACLE,A0,0,S_gls_emp,0.0,0.5,0.0,0.7844416082730409,0.0
SEAS,ORACLE,A0,0,S_gls_b,0.0,0.5,0.0,0.7295900266449757,0.0
SEAS,ORACLE,A0,0,S_chi2,0.9966666666666667,0.9966777408637874,1.0,1.1101677274920334,4.0
SEAS,ORACLE,A0,0,S_maha,0.0,0.5,0.0,28.01166149193891,0.0
SEAS,ORACLE,A1,0,S_max,0.0,0.41767399267399263,0.0,2.0505384008836267,0.6987049837700043
SEAS,ORACLE,A1,0,S_max_raw,0.0,0.39020494444030274,0.0,2.1378309591933684,0.7000106374674201
SEAS,ORACLE,A1,0,S_band,0.003333333333333355,0.5,0.0,0.1834375,0.0
SEAS,ORACLE,A1,0,S_mean,0.95,0.9510224089635854,1.0,1.6143802398488332,3.9524722565808537
SEAS,ORACLE,A1,0,S_gls_pert,0.9366666666666666,0.836234637199188,0.0,0.7231357845336674,1.833658256002014
SEAS,ORACLE,A1,0,S_gls_pool,0.9366666666666666,0.9011980086776974,0.0,0.723135784533667,1.833658256002014
SEAS,ORACLE,A1,0,S_gls_ema,0.9366666666666666,0.869439717829761,0.0,0.7231357845336672,1.833658256002014
SEAS,ORACLE,A1,0,S_gls_hybrid,0.9333333333333333,0.8421157186945355,0.0,0.7467677524855025,1.8679318146539952
SEAS,ORACLE,A1,0,S_gls_emp,0.9299999999999999,0.8701078151988378,0.0,0.7844416082730409,1.9220503401204787
SEAS,ORACLE,A1,0,S_gls_b,0.9366666666666666,0.8386721030686866,0.0,0.7295900266449757,1.8150549926876534
SEAS,ORACLE,A1,0,S_chi2,0.9033333333333333,0.8624394524653832,0.0,1.1101677274920334,2.047245382619834
SEAS,ORACLE,A1,0,S_maha,0.0,0.3126826967668947,0.0,28.01166149193891,3.3623025998043476
SEAS,ORACLE,A1p,0,S_max,0.0,0.49916805787423485,0.0,2.0505384008836267,0.6987049837700042
SEAS,ORACLE,A1p,0,S_max_raw,0.0,0.38999484227369036,0.0,2.1378309591933684,0.70001063746742
SEAS,ORACLE,A1p,0,S_band,0.003333333333333355,0.5,0.0,0.1834375,0.0
SEAS,ORACLE,A1p,0,S_mean,0.84,0.8569483616400755,0.0,1.6143802398488332,2.8832464076937154
SEAS,ORACLE,A1p,0,S_gls_pert,0.8566666666666667,0.7206251185370793,0.0,0.7231357845336674,1.3703250861972807
SEAS,ORACLE,A1p,0,S_gls_pool,0.8566666666666667,0.7678507830630098,0.0,0.723135784533667,1.37032508619728
SEAS,ORACLE,A1p,0,S_gls_ema,0.8566666666666667,0.7728357574084931,0.0,0.7231357845336672,1.3703250861972807
SEAS,ORACLE,A1p,0,S_gls_hybrid,0.87,0.750393087227526,0.0,0.7467677524855025,1.3957051185626734
SEAS,ORACLE,A1p,0,S_gls_emp,0.8666666666666667,0.8218336935438708,0.0,0.7844416082730409,1.435718293582256
SEAS,ORACLE,A1p,0,S_gls_b,0.8666666666666667,0.7304505957690719,0.0,0.7295900266449757,1.3843229034211448
SEAS,ORACLE,A1p,0,S_chi2,0.9833333333333333,0.9808834244080146,1.0,1.1101677274920334,2.9554910915268695
SEAS,ORACLE,A1p,0,S_maha,0.0,0.31565544871823437,0.0,28.01166149193891,1.916351501816647
SEAS,ORACLE,A2,0,S_max,0.5930944444444444,0.5743324736794586,0.0,2.0505384008836267,2.233782008077356
SEAS,ORACLE,A2,0,S_max_raw,0.6317666666666667,0.6075302063982466,0.11333333333333333,2.1378309591933684,2.3515322257316353
SEAS,ORACLE,A2,0,S_band,0.6443944444444445,0.6419173607892921,0.16,0.1834375,0.23947916666666666
SEAS,ORACLE,A2,0,S_mean,0.7380666666666668,0.7508477197744747,0.29,1.6143802398488332,2.9857172856276204
SEAS,ORACLE,A2,0,S_gls_pert,0.7599777777777779,0.7654978349598993,0.26,0.7231357845336674,1.4131404895522113
SEAS,ORACLE,A2,0,S_gls_pool,0.7599777777777779,0.7654978349598993,0.26,0.723135784533667,1.413140489552211
SEAS,ORACLE,A2,0,S_gls_ema,0.7599777777777779,0.7654978349598993,0.26,0.7231357845336672,1.4131404895522113
SEAS,ORACLE,A2,0,S_gls_hybrid,0.7566777777777778,0.7644172671882156,0.23,0.7467677524855025,1.440550149226475
SEAS,ORACLE,A2,0,S_gls_emp,0.7500333333333333,0.7592331644739865,0.21666666666666667,0.7844416082730409,1.4843819206933024
SEAS,ORACLE,A2,0,S_gls_b,0.7615333333333334,0.7645212590448538,0.25666666666666665,0.7295900266449757,1.432083384508111
SEAS,ORACLE,A2,0,S_chi2,0.5266777777777778,0.5846081446850409,0.16,1.1101677274920334,1.3350441041373198
SEAS,ORACLE,A2,0,S_maha,0.5703666666666667,0.5713745391367688,0.09,28.01166149193891,29.664413510019553
SEAS,ORACLE,A3,0,S_max,0.7303555555555556,0.6686097869190915,0.0,2.0505384008836267,2.4640977982088557
SEAS,ORACLE,A3,0,S_max_raw,0.8501055555555556,0.8615922522207784,0.5033333333333333,2.1378309591933684,3.0776557015421164
SEAS,ORACLE,A3,0,S_band,0.5754222222222223,0.5509651193267551,0.06333333333333334,0.1834375,0.20677083333333332
SEAS,ORACLE,A3,0,S_mean,0.5083055555555556,0.5056155841722472,0.06,1.6143802398488332,1.6347696418312738
SEAS,ORACLE,A3,0,S_gls_pert,0.5149611111111111,0.5087084608969437,0.03666666666666667,0.7231357845336674,0.7404007712559217
SEAS,ORACLE,A3,0,S_gls_pool,0.5149611111111111,0.5087084608969437,0.03666666666666667,0.723135784533667,0.7404007712559216
SEAS,ORACLE,A3,0,S_gls_ema,0.5149611111111111,0.5087084608969437,0.03666666666666667,0.7231357845336672,0.740400771255922
SEAS,ORACLE,A3,0,S_gls_hybrid,0.5153055555555556,0.5104601395007073,0.04,0.7467677524855025,0.7667642283385648
SEAS,ORACLE,A3,0,S_gls_emp,0.5161833333333333,0.513394665658814,0.03666666666666667,0.7844416082730409,0.8088256342446654
SEAS,ORACLE,A3,0,S_gls_b,0.5205166666666667,0.5132886924457403,0.043333333333333335,0.7295900266449757,0.7558292717820663
SEAS,ORACLE,A3,0,S_chi2,0.4218277777777778,0.4626840589234177,0.05333333333333334,1.1101677274920334,0.9524118208535132
SEAS,ORACLE,A3,0,S_maha,0.8779611111111112,0.8895024532457452,0.5466666666666666,28.01166149193891,41.22457748653999
SEAS,ORACLE,A4,0,S_max,0.8473388888888889,0.7735347671681172,0.0,2.0505384008836267,2.5451538672373304
SEAS,ORACLE,A4,0,S_max_raw,0.9305777777777778,0.9346853115542497,0.7033333333333334,2.1378309591933684,3.4816008365138553
SEAS,ORACLE,A4,0,S_band,0.9364944444444444,0.9285520444559254,0.6766666666666666,0.1834375,0.41583333333333333
SEAS,ORACLE,A4,0,S_mean,0.6452555555555555,0.6904008413170708,0.2633333333333333,1.6143802398488332,2.6528806439172166
SEAS,ORACLE,A4,0,S_gls_pert,0.6500555555555555,0.6913954407230242,0.21333333333333335,0.7231357845336674,1.2104979621266392
SEAS,ORACLE,A4,0,S_gls_pool,0.6500555555555555,0.6913954407230242,0.21333333333333335,0.723135784533667,1.2104979621266387
SEAS,ORACLE,A4,0,S_gls_ema,0.6500555555555555,0.6913954407230242,0.21333333333333335,0.7231357845336672,1.2104979621266387
SEAS,ORACLE,A4,0,S_gls_hybrid,0.6479222222222223,0.6921934532742748,0.20666666666666667,0.7467677524855025,1.244757365141027
SEAS,ORACLE,A4,0,S_gls_emp,0.6480333333333334,0.6937078193070653,0.20333333333333334,0.7844416082730409,1.3026691562526957
SEAS,ORACLE,A4,0,S_gls_b,0.6518444444444444,0.6887821192385872,0.19666666666666666,0.7295900266449757,1.2195903223030877
SEAS,ORACLE,A4,0,S_chi2,0.8927555555555555,0.9245482124322504,0.76,1.1101677274920334,4.264592716378206
SEAS,ORACLE,A4,0,S_maha,0.9936222222222223,0.994217638256449,0.9633333333333334,28.01166149193891,60.56179970953167
SEAS,ORACLE,A0,1,S_max,0.0,0.5,0.0,2.101460951635557,0.0
SEAS,ORACLE,A0,1,S_max_raw,0.0,0.5,0.0,2.193219880847425,0.0
SEAS,ORACLE,A0,1,S_band,0.0050000000000000044,0.5,0.0,0.20145833333333332,0.0
SEAS,ORACLE,A0,1,S_mean,0.0,0.5,0.0,1.84808929634038,0.0
SEAS,ORACLE,A0,1,S_gls_pert,0.0,0.5,0.0,0.8087371720460561,0.0
SEAS,ORACLE,A0,1,S_gls_pool,0.0,0.5,0.0,0.808737172046056,0.0
SEAS,ORACLE,A0,1,S_gls_ema,0.0,0.5,0.0,0.8087371720460561,0.0
SEAS,ORACLE,A0,1,S_gls_hybrid,0.0,0.5,0.0,0.8064030156017686,0.0
SEAS,ORACLE,A0,1,S_gls_emp,0.0,0.5,0.0,0.820731915863849,0.0
SEAS,ORACLE,A0,1,S_gls_b,0.0,0.5,0.0,0.7967587076179171,0.0
SEAS,ORACLE,A0,1,S_chi2,0.99,0.9900990099009901,1.0,1.1462047745563844,4.0
SEAS,ORACLE,A0,1,S_maha,0.0,0.5,0.0,28.43000672844129,0.0
SEAS,ORACLE,A1,1,S_max,0.0,0.41909255242227045,0.0,2.101460951635557,0.6987049837700042
SEAS,ORACLE,A1,1,S_max_raw,0.0,0.3856687908689477,0.0,2.193219880847425,0.7000106374674201
SEAS,ORACLE,A1,1,S_band,0.0050000000000000044,0.5,0.0,0.20145833333333332,0.0
SEAS,ORACLE,A1,1,S_mean,0.9333333333333333,0.936329617834395,0.0,1.84808929634038,3.9524722565808537
SEAS,ORACLE,A1,1,S_gls_pert,0.95,0.8652386490441342,1.0,0.8087371720460561,1.8336582560020145
SEAS,ORACLE,A1,1,S_gls_pool,0.95,0.9224793956043957,1.0,0.808737172046056,1.8336582560020145
SEAS,ORACLE,A1,1,S_gls_ema,0.95,0.8873632441202971,1.0,0.8087371720460561,1.8336582560020145
SEAS,ORACLE,A1,1,S_gls_hybrid,0.9533333333333334,0.8846329515851159,1.0,0.8064030156017686,1.826761831086514
SEAS,ORACLE,A1,1,S_gls_emp,0.9433333333333334,0.9236405045818665,0.0,0.820731915863849,1.8385378716698384
SEAS,ORACLE,A1,1,S_gls_b,0.9433333333333334,0.8498993270968322,0.0,0.7967587076179171,1.8150549926876534
SEAS,ORACLE,A1,1,S_chi2,0.8766666666666667,0.8331073161400115,0.0,1.1462047745563844,2.047245382619834
SEAS,ORACLE,A1,1,S_maha,0.0,0.3126764633012572,0.0,28.43000672844129,3.362302599804349
SEAS,ORACLE,A1p,1,S_max,0.0,0.49833890746934223,0.0,2.101460951635557,0.6987049837700042
SEAS,ORACLE,A1p,1,S_max_raw,0.0,0.3935285039621812,0.0,2.193219880847425,0.70001063746742
SEAS,ORACLE,A1p,1,S_band,0.0050000000000000044,0.5,0.0,0.20145833333333332,0.0
SEAS,ORACLE,A1p,1,S_mean,0.8,0.8269043031470776,0.0,1.84808929634038,2.8832464076937154
SEAS,ORACLE,A1p,1,S_gls_pert,0.8333333333333334,0.6963002266357347,0.0,0.8087371720460561,1.3703250861972807
SEAS,ORACLE,A1p,1,S_gls_pool,0.8333333333333334,0.7954574065756017,0.0,0.808737172046056,1.3703250861972807
SEAS,ORACLE,A1p,1,S_gls_ema,0.8333333333333334,0.7632431636336721,0.0,0.8087371720460561,1.370325086197281
SEAS,ORACLE,A1p,1,S_gls_hybrid,0.8266666666666667,0.699296631704319,0.0,0.8064030156017686,1.3664988188966178
SEAS,ORACLE,A1p,1,S_gls_emp,0.83,0.7326970495172397,0.0,0.820731915863849,1.3763526071980858
SEAS,ORACLE,A1p,1,S_gls_b,0.8433333333333333,0.7035222563793122,0.0,0.7967587076179171,1.3843229034211453
SEAS,ORACLE,A1p,1,S_chi2,0.9666666666666667,0.9558870967741935,1.0,1.1462047745563844,2.9554910915268695
SEAS,ORACLE,A1p,1,S_maha,0.0,0.31490013011641843,0.0,28.43000672844129,1.9163515018166473
SEAS,ORACLE,A2,1,S_max,0.5471444444444444,0.546010744620842,0.0,2.101460951635557,2.219166692000343
SEAS,ORACLE,A2,1,S_max_raw,0.5987888888888889,0.604846614900326,0.1,2.193219880847425,2.3781817202211473
SEAS,ORACLE,A2,1,S_band,0.608888888888889,0.6286328244841236,0.16333333333333333,0.20145833333333332,0.2547916666666667
SEAS,ORACLE,A2,1,S_mean,0.6578666666666666,0.7117345072257151,0.2833333333333333,1.84808929634038,2.9931529038612634
SEAS,ORACLE,A2,1,S_gls_pert,0.6884222222222223,0.7362884387260941,0.31333333333333335,0.8087371720460561,1.390120750830362
SEAS,ORACLE,A2,1,S_gls_pool,0.6884222222222223,0.7362884387260941,0.31333333333333335,0.808737172046056,1.3901207508303621
SEAS,ORACLE,A2,1,S_gls_ema,0.6884222222222223,0.7362884387260941,0.31333333333333335,0.8087371720460561,1.3901207508303621
SEAS,ORACLE,A2,1,S_gls_hybrid,0.6909888888888889,0.7347740727391965,0.3433333333333333,0.8064030156017686,1.389475919076174
SEAS,ORACLE,A2,1,S_gls_emp,0.6902666666666667,0.7270886694402088,0.31666666666666665,0.820731915863849,1.4064449052839898
SEAS,ORACLE,A2,1,S_gls_b,0.6991555555555555,0.7455234954972616,0.31666666666666665,0.7967587076179171,1.3984532940971952
SEAS,ORACLE,A2,1,S_chi2,0.5906444444444443,0.6309541385482882,0.21666666666666667,1.1462047745563844,1.695619608674706
SEAS,ORACLE,A2,1,S_maha,0.5574444444444444,0.5612816441887492,0.06333333333333334,28.43000672844129,29.84551796413814
SEAS,ORACLE,A3,1,S_max,0.7132499999999999,0.6509064199732356,0.0,2.101460951635557,2.467057227620638
SEAS,ORACLE,A3,1,S_max_raw,0.8349388888888888,0.8552297191808853,0.49666666666666665,2.193219880847425,3.140150950590991
SEAS,ORACLE,A3,1,S_band,0.5708722222222222,0.5468798057097157,0.056666666666666664,0.20145833333333332,0.22541666666666665
SEAS,ORACLE,A3,1,S_mean,0.49120555555555556,0.5010028274749243,0.06333333333333334,1.84808929634038,1.8268603082799852
SEAS,ORACLE,A3,1,S_gls_pert,0.4963277777777778,0.5073729099034606,0.056666666666666664,0.8087371720460561,0.8072230508823831
SEAS,ORACLE,A3,1,S_gls_pool,0.4963277777777778,0.5073729099034606,0.056666666666666664,0.808737172046056,0.807223050882383
SEAS,ORACLE,A3,1,S_gls_ema,0.4963277777777778,0.5073729099034606,0.056666666666666664,0.8087371720460561,0.8072230508823831
SEAS,ORACLE,A3,1,S_gls_hybrid,0.4972388888888889,0.5060965810772734,0.06,0.8064030156017686,0.8060793261602688
SEAS,ORACLE,A3,1,S_gls_emp,0.4993833333333333,0.5074175400452898,0.056666666666666664,0.820731915863849,0.8247434025358706
SEAS,ORACLE,A3,1,S_gls_b,0.50215,0.512830016399352,0.06333333333333334,0.7967587076179171,0.807620864283563
SEAS,ORACLE,A3,1,S_chi2,0.4726166666666667,0.49664336997598657,0.1,1.1462047745563844,1.1104236214358223
SEAS,ORACLE,A3,1,S_maha,0.8862611111111112,0.8924607636032675,0.51,28.43000672844129,41.92703872697035
SEAS,ORACLE,A4,1,S_max,0.841488888888889,0.7720008590887762,0.0,2.101460951635557,2.5359105619645423
SEAS,ORACLE,A4,1,S_max_raw,0.9159666666666666,0.9232586905831934,0.66,2.193219880847425,3.424465487937235
SEAS,ORACLE,A4,1,S_band,0.9070722222222222,0.8938921139809125,0.5833333333333334,0.20145833333333332,0.4140625
SEAS,ORACLE,A4,1,S_mean,0.5878222222222222,0.6331912941707738,0.17333333333333334,1.84808929634038,2.5234776646927126
SEAS,ORACLE,A4,1,S_gls_pert,0.5976888888888888,0.6505103535578094,0.18666666666666668,0.8087371720460561,1.1420496016581667
SEAS,ORACLE,A4,1,S_gls_pool,0.5976888888888888,0.6505103535578094,0.18666666666666668,0.808737172046056,1.1420496016581665
SEAS,ORACLE,A4,1,S_gls_ema,0.5976888888888888,0.6505103535578094,0.18666666666666668,0.8087371720460561,1.1420496016581665
SEAS,ORACLE,A4,1,S_gls_hybrid,0.6029444444444444,0.6545873675874958,0.21666666666666667,0.8064030156017686,1.15105327824621
SEAS,ORACLE,A4,1,S_gls_emp,0.6028666666666667,0.6533731917970251,0.20666666666666667,0.820731915863849,1.1769018500064066
SEAS,ORACLE,A4,1,S_gls_b,0.6036666666666667,0.6572102342936963,0.19666666666666666,0.7967587076179171,1.1418053783487843
SEAS,ORACLE,A4,1,S_chi2,0.8810777777777777,0.9101071779626291,0.7566666666666667,1.1462047745563844,4.11871732387536
SEAS,ORACLE,A4,1,S_maha,0.9910333333333333,0.9921339814477432,0.9466666666666667,28.43000672844129,62.312616874063146
SEAS,ORACLE,A0,2,S_max,0.0,0.5,0.0,2.1113954557827133,0.0
SEAS,ORACLE,A0,2,S_max_raw,0.0,0.5,0.0,2.207317871796792,0.0
SEAS,ORACLE,A0,2,S_band,0.003333333333333355,0.5,0.0,0.20333333333333334,0.0
SEAS,ORACLE,A0,2,S_mean,0.0,0.5,0.0,1.8075990975718097,0.0
SEAS,ORACLE,A0,2,S_gls_pert,0.0,0.5,0.0,0.8099263777459907,0.0
SEAS,ORACLE,A0,2,S_gls_pool,0.0,0.5,0.0,0.8099263777459907,0.0
SEAS,ORACLE,A0,2,S_gls_ema,0.0,0.5,0.0,0.8099263777459909,0.0
SEAS,ORACLE,A0,2,S_gls_hybrid,0.0,0.5,0.0,0.7994567544477996,0.0
SEAS,ORACLE,A0,2,S_gls_emp,0.0,0.5,0.0,0.801911827693038,0.0
SEAS,ORACLE,A0,2,S_gls_b,0.0,0.5,0.0,0.794839120348873,0.0
SEAS,ORACLE,A0,2,S_chi2,0.9766666666666667,0.9771986970684039,1.0,1.3010175098286596,4.0
SEAS,ORACLE,A0,2,S_maha,0.0,0.5,0.0,28.76176984087666,0.0
SEAS,ORACLE,A1,2,S_max,0.0,0.4196148308135349,0.0,2.1113954557827133,0.6987049837700042
SEAS,ORACLE,A1,2,S_max_raw,0.0,0.3892798149431356,0.0,2.207317871796792,0.7000106374674201
SEAS,ORACLE,A1,2,S_band,0.003333333333333355,0.5,0.0,0.20333333333333334,0.0
SEAS,ORACLE,A1,2,S_mean,0.92,0.9236455138790596,0.0,1.8075990975718097,3.9524722565808537
SEAS,ORACLE,A1,2,S_gls_pert,0.9233333333333333,0.8179673725254156,0.0,0.8099263777459907,1.8336582560020145
SEAS,ORACLE,A1,2,S_gls_pool,0.9233333333333333,0.8891679860135415,0.0,0.8099263777459907,1.8336582560020145
SEAS,ORACLE,A1,2,S_gls_ema,0.9233333333333333,0.8272640161430351,0.0,0.8099263777459909,1.833658256002015
SEAS,ORACLE,A1,2,S_gls_hybrid,0.9233333333333333,0.8275724812656392,0.0,0.7994567544477996,1.8057454748003625
SEAS,ORACLE,A1,2,S_gls_emp,0.9233333333333333,0.8911772695707985,0.0,0.801911827693038,1.7917566642981917
SEAS,ORACLE,A1,2,S_gls_b,0.9233333333333333,0.8165341027307713,0.0,0.794839120348873,1.8150549926876534
SEAS,ORACLE,A1,2,S_chi2,0.8333333333333334,0.7910519541234828,0.0,1.3010175098286596,2.047245382619834
SEAS,ORACLE,A1,2,S_maha,0.0,0.313330592494413,0.0,28.76176984087666,3.362302599804349
SEAS,ORACLE,A1p,2,S_max,0.0,0.49916805787423485,0.0,2.1113954557827133,0.6987049837700042
SEAS,ORACLE,A1p,2,S_max_raw,0.0,0.393946344175702,0.0,2.207317871796792,0.70001063746742
SEAS,ORACLE,A1p,2,S_band,0.003333333333333355,0.5,0.0,0.20333333333333334,0.0
SEAS,ORACLE,A1p,2,S_mean,0.8133333333333334,0.8387391121328885,0.0,1.8075990975718097,2.8832464076937154
SEAS,ORACLE,A1p,2,S_gls_pert,0.83,0.692523228401886,0.0,0.8099263777459907,1.3703250861972807
SEAS,ORACLE,A1p,2,S_gls_pool,0.83,0.7970648910677949,0.0,0.8099263777459907,1.3703250861972809
SEAS,ORACLE,A1p,2,S_gls_ema,0.83,0.7233612940324949,0.0,0.8099263777459909,1.3703250861972813
SEAS,ORACLE,A1p,2,S_gls_hybrid,0.84,0.7106875719032175,0.0,0.7994567544477996,1.3467680384058416
SEAS,ORACLE,A1p,2,S_gls_emp,0.8466666666666667,0.7621212149472911,0.0,0.801911827693038,1.3337167928000702
SEAS,ORACLE,A1p,2,S_gls_b,0.84,0.7002176221811551,0.0,0.794839120348873,1.384322903421145
SEAS,ORACLE,A1p,2,S_chi2,0.9466666666666667,0.9437787154242849,0.0,1.3010175098286596,2.9554910915268695
SEAS,ORACLE,A1p,2,S_maha,0.0,0.3147012380599322,0.0,28.76176984087666,1.9163515018166473
SEAS,ORACLE,A2,2,S_max,0.5498222222222222,0.5495129812434693,0.0,2.1113954557827133,2.2450536185554415
SEAS,ORACLE,A2,2,S_max_raw,0.6076555555555556,0.603276351141897,0.10333333333333333,2.207317871796792,2.403954782075636
SEAS,ORACLE,A2,2,S_band,0.6257444444444444,0.6309039526014628,0.13,0.20333333333333334,0.25979166666666664
SEAS,ORACLE,A2,2,S_mean,0.6869000000000001,0.6971547921793295,0.18,1.8075990975718097,2.9932844110498187
SEAS,ORACLE,A2,2,S_gls_pert,0.7055333333333333,0.7092575207162193,0.21666666666666667,0.8099263777459907,1.3900150785941385
SEAS,ORACLE,A2,2,S_gls_pool,0.7055333333333333,0.7092575207162193,0.21666666666666667,0.8099263777459907,1.390015078594139
SEAS,ORACLE,A2,2,S_gls_ema,0.7055333333333333,0.7092575207162193,0.21666666666666667,0.8099263777459909,1.3900150785941392
SEAS,ORACLE,A2,2,S_gls_hybrid,0.7039777777777778,0.7082360804676479,0.24,0.7994567544477996,1.367696578157055
SEAS,ORACLE,A2,2,S_gls_emp,0.7001555555555556,0.7058564993837202,0.22666666666666666,0.801911827693038,1.3599825499849472
SEAS,ORACLE,A2,2,S_gls_b,0.7168444444444444,0.7147026949956223,0.20666666666666667,0.794839120348873,1.395121447464086
SEAS,ORACLE,A2,2,S_chi2,0.5591444444444444,0.5995402518264302,0.16,1.3010175098286596,1.7261652173088304
SEAS,ORACLE,A2,2,S_maha,0.5611333333333333,0.5541249666364975,0.07,28.76176984087666,30.112694140917277
SEAS,ORACLE,A3,2,S_max,0.7032833333333334,0.6437315957265,0.0,2.1113954557827133,2.4760741318028674
SEAS,ORACLE,A3,2,S_max_raw,0.8298555555555555,0.8413442700967415,0.43333333333333335,2.207317871796792,3.1003457744286336
SEAS,ORACLE,A3,2,S_band,0.5691833333333334,0.5464126043262845,0.05,0.20333333333333334,0.22760416666666666
SEAS,ORACLE,A3,2,S_mean,0.4958944444444444,0.5003441896283845,0.056666666666666664,1.8075990975718097,1.7870378340385522
SEAS,ORACLE,A3,2,S_gls_pert,0.4999055555555556,0.5054993799221352,0.056666666666666664,0.8099263777459907,0.811523183986358
SEAS,ORACLE,A3,2,S_gls_pool,0.4999055555555556,0.5054993799221352,0.056666666666666664,0.8099263777459907,0.8115231839863586
SEAS,ORACLE,A3,2,S_gls_ema,0.4999055555555556,0.5054993799221352,0.056666666666666664,0.8099263777459909,0.8115231839863587
SEAS,ORACLE,A3,2,S_gls_hybrid,0.5008388888888888,0.5042828121623336,0.056666666666666664,0.7994567544477996,0.8026678690715986
SEAS,ORACLE,A3,2,S_gls_emp,0.5055833333333333,0.5060050565980633,0.05333333333333334,0.801911827693038,0.8110164665354175
SEAS,ORACLE,A3,2,S_gls_b,0.49959444444444445,0.5078671719794491,0.05333333333333334,0.794839120348873,0.801192809627242
SEAS,ORACLE,A3,2,S_chi2,0.4519388888888889,0.48707834086270024,0.06666666666666667,1.3010175098286596,1.2249659376715019
SEAS,ORACLE,A3,2,S_maha,0.8849166666666666,0.8939577185498844,0.5333333333333333,28.76176984087666,42.01156261165941
SEAS,ORACLE,A4,2,S_max,0.8483666666666667,0.7733323751911989,0.0,2.1113954557827133,2.5598299767488686
SEAS,ORACLE,A4,2,S_max_raw,0.932188888888889,0.9311594110337066,0.6466666666666666,2.207317871796792,3.504295607871136
SEAS,ORACLE,A4,2,S_band,0.9144499999999999,0.9018810068581368,0.5166666666666667,0.20333333333333334,0.42770833333333336
SEAS,ORACLE,A4,2,S_mean,0.5978777777777777,0.6234021642569474,0.14333333333333334,1.8075990975718097,2.49135182894219
SEAS,ORACLE,A4,2,S_gls_pert,0.6075555555555556,0.6303417549436059,0.14666666666666667,0.8099263777459907,1.1390534884423504
SEAS,ORACLE,A4,2,S_gls_pool,0.6075555555555556,0.6303417549436059,0.14666666666666667,0.8099263777459907,1.1390534884423502
SEAS,ORACLE,A4,2,S_gls_ema,0.6075555555555556,0.6303417549436059,0.14666666666666667,0.8099263777459909,1.1390534884423504
SEAS,ORACLE,A4,2,S_gls_hybrid,0.6071333333333333,0.6303473532182869,0.15,0.7994567544477996,1.1203067502304216
SEAS,ORACLE,A4,2,S_gls_emp,0.6087444444444444,0.6314191852095796,0.15,0.801911827693038,1.1248850610584864
SEAS,ORACLE,A4,2,S_gls_b,0.6214111111111111,0.6420478508050306,0.16,0.794839120348873,1.1539288203032907
SEAS,ORACLE,A4,2,S_chi2,0.8919555555555556,0.909610710773809,0.67,1.3010175098286596,4.338847605703661
SEAS,ORACLE,A4,2,S_maha,0.9939777777777777,0.9948638069343906,0.9633333333333334,28.76176984087666,62.680119367424034
WN,MLPQR,A0,0,S_max,0.001011111111111111,0.30769836312850496,0.0,2.3584456234312228,0.7086350064810494
WN,MLPQR,A0,0,S_max_raw,0.0024111111111111113,0.3077131456488353,0.0,2.5037807465405306,0.7334408304080902
WN,MLPQR,A0,0,S_band,0.008,0.4766627903005367,0.0,0.2246875,0.004895833333333334
WN,MLPQR,A0,0,S_mean,0.47153333333333336,0.4829953120869428,0.04,1.574455173553566,1.4655887598360116
WN,MLPQR,A0,0,S_gls_pert,0.4698222222222222,0.4745946323232771,0.04666666666666667,1.829206807923033,1.5856718847153601
WN,MLPQR,A0,0,S_gls_pool,0.46511111111111114,0.4710075271406606,0.043333333333333335,0.6356354630724184,0.571284219575153
WN,MLPQR,A0,0,S_gls_ema,0.4689666666666667,0.4695162201236659,0.03666666666666667,0.6757878715851159,0.6012633889973039
WN,MLPQR,A0,0,S_gls_hybrid,0.46926666666666667,0.46439055052320743,0.02,0.8804377284850033,0.7752946825328926
WN,MLPQR,A0,0,S_gls_emp,0.4596111111111111,0.46865210628321874,0.02666666666666667,0.9300437274985457,0.8229800470207697
WN,MLPQR,A0,0,S_gls_b,0.46077777777777784,0.4702491520795812,0.04666666666666667,1.8639111131971564,1.5936478289745664
WN,MLPQR,A0,0,S_chi2,0.9409777777777779,0.8955685939507207,0.82,1.1500807169521987,3.2636429085830945
WN,MLPQR,A0,0,S_maha,0.03503333333333333,0.3096973444886617,0.0,73.12550381314017,8.521576869975059
WN,MLPQR,A1,0,S_max,0.01567777777777778,0.3086524391943613,0.0,2.3584456234312228,1.1470874441272263
WN,MLPQR,A1,0,S_max_raw,0.03002222222222222,0.3094926952371972,0.0,2.5037807465405306,1.195132285839982
WN,MLPQR,A1,0,S_band,0.18535555555555555,0.4898892601000076,0.10666666666666667,0.2246875,0.09739583333333333
WN,MLPQR,A1,0,S_mean,0.8522222222222223,0.8619952467404428,0.5033333333333333,1.574455173553566,3.9913102059884418
WN,MLPQR,A1,0,S_gls_pert,0.7270111111111113,0.7380593272204294,0.2633333333333333,1.829206807923033,5.015630859760464
WN,MLPQR,A1,0,S_gls_pool,0.8586444444444443,0.8597627853890912,0.5333333333333333,0.6356354630724184,1.6305692887142942
WN,MLPQR,A1,0,S_gls_ema,0.8407444444444444,0.84648866153701,0.48333333333333334,0.6757878715851159,1.6847865375459796
WN,MLPQR,A1,0,S_gls_hybrid,0.8282333333333334,0.8511166690287368,0.48333333333333334,0.8804377284850033,2.3615804794948305
WN,MLPQR,A1,0,S_gls_emp,0.8488777777777777,0.849922672441621,0.49333333333333335,0.9300437274985457,2.3030221388098484
WN,MLPQR,A1,0,S_gls_b,0.7234444444444444,0.7362294494382912,0.2633333333333333,1.8639111131971564,5.033053273362431
WN,MLPQR,A1,0,S_chi2,0.7373333333333333,0.7255400557661836,0.2733333333333333,1.1500807169521987,2.073875892279689
WN,MLPQR,A1,0,S_maha,0.23215555555555556,0.4498847001986358,0.12,73.12550381314017,57.09522279881021
WN,MLPQR,A1p,0,S_max,0.01567777777777778,0.3086524391943613,0.0,2.3584456234312228,1.1470874441272263
WN,MLPQR,A1p,0,S_max_raw,0.03002222222222222,0.3094926952371972,0.0,2.5037807465405306,1.195132285839982
WN,MLPQR,A1p,0,S_band,0.18535555555555555,0.4898892601000076,0.10666666666666667,0.2246875,0.09739583333333333
WN,MLPQR,A1p,0,S_mean,0.8522222222222223,0.8619952467404428,0.5033333333333333,1.574455173553566,3.9913102059884418
WN,MLPQR,A1p,0,S_gls_pert,0.7270111111111113,0.7380593272204294,0.2633333333333333,1.829206807923033,5.015630859760464
WN,MLPQR,A1p,0,S_gls_pool,0.8586444444444443,0.8597627853890912,0.5333333333333333,0.6356354630724184,1.6305692887142942
WN,MLPQR,A1p,0,S_gls_ema,0.8407444444444444,0.84648866153701,0.48333333333333334,0.6757878715851159,1.6847865375459796
WN,MLPQR,A1p,0,S_gls_hybrid,0.8282333333333334,0.8511166690287368,0.48333333333333334,0.8804377284850033,2.3615804794948305
WN,MLPQR,A1p,0,S_gls_emp,0.8488777777777777,0.849922672441621,0.49333333333333335,0.9300437274985457,2.3030221388098484
WN,MLPQR,A1p,0,S_gls_b,0.7234444444444444,0.7362294494382912,0.2633333333333333,1.8639111131971564,5.033053273362431
WN,MLPQR,A1p,0,S_chi2,0.7373333333333333,0.7255400557661836,0.2733333333333333,1.1500807169521987,2.073875892279689
WN,MLPQR,A1p,0,S_maha,0.23215555555555556,0.4498847001986358,0.12,73.12550381314017,57.09522279881021
WN,MLPQR,A2,0,S_max,0.40694444444444444,0.4991557039309604,0.0,2.3584456234312228,2.4459171369049706
WN,MLPQR,A2,0,S_max_raw,0.6420666666666666,0.6586790375595801,0.21,2.5037807465405306,2.864847065540987
WN,MLPQR,A2,0,S_band,0.7203,0.7351314193551696,0.31666666666666665,0.2246875,0.32447916666666665
WN,MLPQR,A2,0,S_mean,0.8456222222222223,0.850503693821399,0.47,1.574455173553566,3.8656417290044813
WN,MLPQR,A2,0,S_gls_pert,0.7188444444444444,0.7321423545109635,0.2633333333333333,1.829206807923033,4.906758754937358
WN,MLPQR,A2,0,S_gls_pool,0.8478555555555555,0.8501134176223413,0.51,0.6356354630724184,1.59490362886786
WN,MLPQR,A2,0,S_gls_ema,0.8330222222222223,0.8400098314575272,0.47,0.6757878715851159,1.6656507117137778
WN,MLPQR,A2,0,S_gls_hybrid,0.8188111111111112,0.8423503562891084,0.45666666666666667,0.8804377284850033,2.310773133077988
WN,MLPQR,A2,0,S_gls_emp,0.8379222222222222,0.8407429970370761,0.4533333333333333,0.9300437274985457,2.252411343754079
WN,MLPQR,A2,0,S_gls_b,0.7182999999999999,0.7319018642238693,0.2633333333333333,1.8639111131971564,4.935621304061518
WN,MLPQR,A2,0,S_chi2,0.6641444444444444,0.7213030383724109,0.3333333333333333,1.1500807169521987,2.274218719686898
WN,MLPQR,A2,0,S_maha,0.6158111111111111,0.6431893105268784,0.17333333333333334,73.12550381314017,114.22816634977687
WN,MLPQR,A3,0,S_max,0.5751277777777778,0.5439935876568283,0.0,2.3584456234312228,2.5573457219940914
WN,MLPQR,A3,0,S_max_raw,0.8869388888888888,0.9030681062036882,0.6433333333333333,2.5037807465405306,3.949692089603145
WN,MLPQR,A3,0,S_band,0.5747388888888889,0.5559032214428952,0.07333333333333333,0.2246875,0.24927083333333333
WN,MLPQR,A3,0,S_mean,0.5015944444444445,0.5065987341400137,0.04666666666666667,1.574455173553566,1.582241914080374
WN,MLPQR,A3,0,S_gls_pert,0.5138833333333334,0.5233943729041289,0.06333333333333334,1.829206807923033,2.0168584565096013
WN,MLPQR,A3,0,S_gls_pool,0.5059166666666667,0.5068107225818517,0.06333333333333334,0.6356354630724184,0.645231634552439
WN,MLPQR,A3,0,S_gls_ema,0.5102277777777777,0.5109183522948213,0.06333333333333334,0.6757878715851159,0.6945803162770483
WN,MLPQR,A3,0,S_gls_hybrid,0.509361111111111,0.5183119798814297,0.08,0.8804377284850033,0.9175079114784639
WN,MLPQR,A3,0,S_gls_emp,0.4978944444444444,0.5057640208813338,0.04666666666666667,0.9300437274985457,0.9362656695392468
WN,MLPQR,A3,0,S_gls_b,0.5170722222222222,0.5241002977839107,0.06333333333333334,1.8639111131971564,2.0529904300905386
WN,MLPQR,A3,0,S_chi2,0.5596277777777778,0.5674161572514734,0.11,1.1500807169521987,1.3878308544890656
WN,MLPQR,A3,0,S_maha,0.5997611111111112,0.575152581641565,0.07666666666666666,73.12550381314017,86.79325731785532
WN,MLPQR,A4,0,S_max,0.7337888888888888,0.6535565695898108,0.0,2.3584456234312228,2.573387712555015
WN,MLPQR,A4,0,S_max_raw,0.9026111111111111,0.9025194518410404,0.5966666666666667,2.5037807465405306,3.771147785267684
WN,MLPQR,A4,0,S_band,0.9274666666666667,0.9091716918421665,0.64,0.2246875,0.42364583333333333
WN,MLPQR,A4,0,S_mean,0.5255777777777778,0.5301449591659538,0.056666666666666664,1.574455173553566,1.7079388186167657
WN,MLPQR,A4,0,S_gls_pert,0.5420888888888888,0.5446292947847005,0.08,1.829206807923033,2.2721117417605305
WN,MLPQR,A4,0,S_gls_pool,0.5445111111111112,0.5449207943442248,0.08666666666666667,0.6356354630724184,0.7262663864840996
WN,MLPQR,A4,0,S_gls_ema,0.5475,0.5494215221636376,0.08333333333333333,0.6757878715851159,0.7814325496692781
WN,MLPQR,A4,0,S_gls_hybrid,0.5552666666666667,0.5534550034811377,0.07333333333333333,0.8804377284850033,1.0366562581708993
WN,MLPQR,A4,0,S_gls_emp,0.5413,0.5396917613323775,0.07666666666666666,0.9300437274985457,1.043621320687167
WN,MLPQR,A4,0,S_gls_b,0.5486111111111112,0.5467832882732783,0.08,1.8639111131971564,2.3270970145911347
WN,MLPQR,A4,0,S_chi2,0.9530111111111111,0.9553651497349007,0.82,1.1500807169521987,4.598035982707082
WN,MLPQR,A4,0,S_maha,0.8363777777777778,0.7895936013587679,0.21,73.12550381314017,149.6458016431767
WN,MLPQR,A0,1,S_max,0.002672222222222222,0.30770050068104504,0.0,2.3755924786202103,0.709502131752436
WN,MLPQR,A0,1,S_max_raw,0.0016666666666666666,0.307695936209634,0.0,2.5094375206643478,0.7341102335942772
WN,MLPQR,A0,1,S_band,0.009616666666666667,0.4889389493327422,0.0033333333333333335,0.23166666666666666,0.006666666666666667
WN,MLPQR,A0,1,S_mean,0.4728222222222222,0.4822152758878295,0.06,1.588712067230205,1.4567974140339683
WN,MLPQR,A0,1,S_gls_pert,0.4648555555555556,0.47709195592375114,0.03,1.8186857252066284,1.5756325516595786
WN,MLPQR,A0,1,S_gls_pool,0.4688222222222222,0.47426759255158335,0.05333333333333334,0.7041366632348605,0.6256138858152965
WN,MLPQR,A0,1,S_gls_ema,0.4657888888888888,0.47335187248116345,0.04,0.8261002861706266,0.7261567853498789
WN,MLPQR,A0,1,S_gls_hybrid,0.4498333333333333,0.4553120668229393,0.03333333333333333,0.892634777731012,0.7473726078099387
WN,MLPQR,A0,1,S_gls_emp,0.43037777777777775,0.4519908387328657,0.04,0.9289119147554152,0.7605968835111706
WN,MLPQR,A0,1,S_gls_b,0.4595777777777778,0.47517779249722375,0.03,1.8311071094513882,1.5803622991010726
WN,MLPQR,A0,1,S_chi2,0.9513666666666667,0.9221350790651756,0.7866666666666666,1.08115147956585,3.2922150840517808
WN,MLPQR,A0,1,S_maha,0.031999999999999994,0.30964155332878784,0.0033333333333333335,68.24073907890443,8.26240904740731
WN,MLPQR,A1,1,S_max,0.009933333333333334,0.30808927382180606,0.0,2.3755924786202103,1.148697360179777
WN,MLPQR,A1,1,S_max_raw,0.026055555555555557,0.30904554106386295,0.0,2.5094375206643478,1.208462412843339
WN,MLPQR,A1,1,S_band,0.16982777777777777,0.46514168105142023,0.08,0.23166666666666666,0.1
WN,MLPQR,A1,1,S_mean,0.8542333333333333,0.8424110642162311,0.5166666666666667,1.588712067230205,4.034620433107989
WN,MLPQR,A1,1,S_gls_pert,0.7259222222222222,0.7441661910584223,0.24666666666666667,1.8186857252066284,5.211992025696253
WN,MLPQR,A1,1,S_gls_pool,0.8584111111111111,0.8420882120647346,0.5366666666666666,0.7041366632348605,1.787144976356044
WN,MLPQR,A1,1,S_gls_ema,0.8307666666666668,0.8167215237577202,0.38333333333333336,0.8261002861706266,2.094155024764947
WN,MLPQR,A1,1,S_gls_hybrid,0.8239777777777777,0.8429363652042163,0.43666666666666665,0.892634777731012,2.286318982134112
WN,MLPQR,A1,1,S_gls_emp,0.8440444444444445,0.8282216369063985,0.4866666666666667,0.9289119147554152,2.1822273216966175
WN,MLPQR,A1,1,S_gls_b,0.7266,0.7449301522693296,0.24666666666666667,1.8311071094513882,5.227089958478881
WN,MLPQR,A1,1,S_chi2,0.7342555555555556,0.7416589691169215,0.25333333333333335,1.08115147956585,2.0597227918076197
WN,MLPQR,A1,1,S_maha,0.24233333333333332,0.47209026401520954,0.13333333333333333,68.24073907890443,62.06608855709822
WN,MLPQR,A1p,1,S_max,0.009933333333333334,0.30808927382180606,0.0,2.3755924786202103,1.148697360179777
WN,MLPQR,A1p,1,S_max_raw,0.026055555555555557,0.30904554106386295,0.0,2.5094375206643478,1.208462412843339
WN,MLPQR,A1p,1,S_band,0.16982777777777777,0.46514168105142023,0.08,0.23166666666666666,0.1
WN,MLPQR,A1p,1,S_mean,0.8542333333333333,0.8424110642162311,0.5166666666666667,1.588712067230205,4.034620433107989
WN,MLPQR,A1p,1,S_gls_pert,0.7259222222222222,0.7441661910584223,0.24666666666666667,1.8186857252066284,5.211992025696253
WN,MLPQR,A1p,1,S_gls_pool,0.8584111111111111,0.8420882120647346,0.5366666666666666,0.7041366632348605,1.787144976356044
WN,MLPQR,A1p,1,S_gls_ema,0.8307666666666668,0.8167215237577202,0.38333333333333336,0.8261002861706266,2.094155024764947
WN,MLPQR,A1p,1,S_gls_hybrid,0.8239777777777777,0.8429363652042163,0.43666666666666665,0.892634777731012,2.286318982134112
WN,MLPQR,A1p,1,S_gls_emp,0.8440444444444445,0.8282216369063985,0.4866666666666667,0.9289119147554152,2.1822273216966175
WN,MLPQR,A1p,1,S_gls_b,0.7266,0.7449301522693296,0.24666666666666667,1.8311071094513882,5.227089958478881
WN,MLPQR,A1p,1,S_chi2,0.7342555555555556,0.7416589691169215,0.25333333333333335,1.08115147956585,2.0597227918076197
WN,MLPQR,A1p,1,S_maha,0.24233333333333332,0.47209026401520954,0.13333333333333333,68.24073907890443,62.06608855709822
WN,MLPQR,A2,1,S_max,0.43044444444444446,0.5096437853222814,0.0,2.3755924786202103,2.4668521454466226
WN,MLPQR,A2,1,S_max_raw,0.6732666666666667,0.6809204385294285,0.17,2.5094375206643478,2.8916195156770415
WN,MLPQR,A2,1,S_band,0.7013166666666667,0.7193876935829163,0.2833333333333333,0.23166666666666666,0.3202083333333333
WN,MLPQR,A2,1,S_mean,0.8376,0.8338529623774142,0.52,1.588712067230205,3.9232780488514942
WN,MLPQR,A2,1,S_gls_pert,0.7192777777777778,0.7397379326811189,0.25333333333333335,1.8186857252066284,5.051369172942002
WN,MLPQR,A2,1,S_gls_pool,0.841,0.8347166423012561,0.53,0.7041366632348605,1.7506464473516363
WN,MLPQR,A2,1,S_gls_ema,0.8152555555555555,0.8066821326380618,0.37333333333333335,0.8261002861706266,2.040912258957843
WN,MLPQR,A2,1,S_gls_hybrid,0.8098555555555556,0.8353213123594434,0.43,0.892634777731012,2.2644497610282857
WN,MLPQR,A2,1,S_gls_emp,0.8207777777777778,0.8207685764480599,0.49666666666666665,0.9289119147554152,2.164151461180583
WN,MLPQR,A2,1,S_gls_b,0.7227,0.7419534441018546,0.25333333333333335,1.8311071094513882,5.073970296677714
WN,MLPQR,A2,1,S_chi2,0.7133111111111112,0.7445749476286383,0.30666666666666664,1.08115147956585,2.3447729482122157
WN,MLPQR,A2,1,S_maha,0.6392333333333333,0.664547924093939,0.17333333333333334,68.24073907890443,112.21403920232183
WN,MLPQR,A3,1,S_max,0.5885611111111111,0.5531292569789216,0.0,2.3755924786202103,2.5712118068798704
WN,MLPQR,A3,1,S_max_raw,0.8833888888888888,0.8991963313797762,0.5933333333333334,2.5094375206643478,3.9488954249782813
WN,MLPQR,A3,1,S_band,0.5827944444444444,0.5586362734539247,0.05333333333333334,0.23166666666666666,0.25625
WN,MLPQR,A3,1,S_mean,0.5119555555555555,0.5067032700175569,0.06,1.588712067230205,1.6197688201351956
WN,MLPQR,A3,1,S_gls_pert,0.5119,0.5180266689729776,0.05333333333333334,1.8186857252066284,1.9263239553225424
WN,MLPQR,A3,1,S_gls_pool,0.5087444444444444,0.5056756964041375,0.06666666666666667,0.7041366632348605,0.7129601780367267
WN,MLPQR,A3,1,S_gls_ema,0.5035333333333333,0.506389204206371,0.04666666666666667,0.8261002861706266,0.832972997633803
WN,MLPQR,A3,1,S_gls_hybrid,0.5080777777777779,0.5162413230960077,0.07,0.892634777731012,0.9216957291821999
WN,MLPQR,A3,1,S_gls_emp,0.5046111111111111,0.5054421745267265,0.056666666666666664,0.9289119147554152,0.9385760850281819
WN,MLPQR,A3,1,S_gls_b,0.5155111111111111,0.5199603981189528,0.05333333333333334,1.8311071094513882,1.951357430954794
WN,MLPQR,A3,1,S_chi2,0.5375166666666666,0.5623269426478901,0.08666666666666667,1.08115147956585,1.2915471286207432
WN,MLPQR,A3,1,S_maha,0.6013222222222222,0.581118635119281,0.07666666666666666,68.24073907890443,81.73002538230217
WN,MLPQR,A4,1,S_max,0.7669944444444444,0.6836222777192718,0.0,2.3755924786202103,2.573260269410997
WN,MLPQR,A4,1,S_max_raw,0.9172111111111111,0.9182676570139372,0.6066666666666667,2.5094375206643478,3.8155324474117562
WN,MLPQR,A4,1,S_band,0.9267333333333333,0.9091458059868689,0.6433333333333333,0.23166666666666666,0.4270833333333333
WN,MLPQR,A4,1,S_mean,0.5371222222222222,0.5328643497317768,0.08,1.588712067230205,1.7458002800502754
WN,MLPQR,A4,1,S_gls_pert,0.5579,0.5567888895305013,0.06,1.8186857252066284,2.265531091811502
WN,MLPQR,A4,1,S_gls_pool,0.5518555555555555,0.5444858156833992,0.10666666666666667,0.7041366632348605,0.8013085322092265
WN,MLPQR,A4,1,S_gls_ema,0.5463888888888888,0.5395538251902359,0.07666666666666666,0.8261002861706266,0.9363444405624828
WN,MLPQR,A4,1,S_gls_hybrid,0.5604888888888889,0.5576633549373482,0.07666666666666666,0.892634777731012,1.0486924923458572
WN,MLPQR,A4,1,S_gls_emp,0.5523444444444444,0.5437361730537655,0.08,0.9289119147554152,1.0479638608085353
WN,MLPQR,A4,1,S_gls_b,0.5620222222222222,0.5596757334422734,0.06,1.8311071094513882,2.2944447266751955
WN,MLPQR,A4,1,S_chi2,0.9559444444444445,0.9501952889419217,0.8033333333333333,1.08115147956585,4.675706170096487
WN,MLPQR,A4,1,S_maha,0.8425222222222223,0.8054193063970609,0.24666666666666667,68.24073907890443,136.78103280574493
WN,MLPQR,A0,2,S_max,0.0008666666666666664,0.3076952189491145,0.0,2.3868431232896117,0.7166475758021503
WN,MLPQR,A0,2,S_max_raw,0.0023888888888888887,0.3077210760520082,0.0,2.569753025510725,0.7497543634804129
WN,MLPQR,A0,2,S_band,0.010683333333333317,0.47660002317447375,0.0,0.23208333333333334,0.0059375
WN,MLPQR,A0,2,S_mean,0.45305555555555554,0.4718333781830361,0.02,1.526941476894278,1.3568217046583517
WN,MLPQR,A0,2,S_gls_pert,0.44502222222222226,0.4619842799898991,0.013333333333333334,2.0173768845028532,1.6252968065244655
WN,MLPQR,A0,2,S_gls_pool,0.4445777777777778,0.46501863600815563,0.016666666666666666,0.6927706583101361,0.598553676514057
WN,MLPQR,A0,2,S_gls_ema,0.4454666666666667,0.4764914571006007,0.05,1.097588270581538,1.009595659714901
WN,MLPQR,A0,2,S_gls_hybrid,0.4215666666666667,0.45218182067818213,0.03,0.8991281622294366,0.7361086170721824
WN,MLPQR,A0,2,S_gls_emp,0.4391222222222222,0.46184137057282676,0.016666666666666666,0.869794239512572,0.7404370251270922
WN,MLPQR,A0,2,S_gls_b,0.44945555555555555,0.46331651474544605,0.013333333333333334,2.022958054984203,1.6345838046676657
WN,MLPQR,A0,2,S_chi2,0.9395777777777777,0.8801924377117675,0.77,1.1578275768159865,3.2750996884122157
WN,MLPQR,A0,2,S_maha,0.04355555555555555,0.3106139851210732,0.0,71.35756191839869,9.374395630796142
WN,MLPQR,A1,2,S_max,0.017877777777777774,0.3086210174906666,0.0,2.3868431232896117,1.1900175179165566
WN,MLPQR,A1,2,S_max_raw,0.03952222222222222,0.3100755301702123,0.0,2.569753025510725,1.2482637701967014
WN,MLPQR,A1,2,S_band,0.18629444444444443,0.4782807382012476,0.1,0.23208333333333334,0.10625
WN,MLPQR,A1,2,S_mean,0.8717777777777778,0.8767632363780691,0.51,1.526941476894278,4.056294090790758
WN,MLPQR,A1,2,S_gls_pert,0.7223444444444445,0.7315485834308229,0.25333333333333335,2.0173768845028532,5.335302950145557
WN,MLPQR,A1,2,S_gls_pool,0.8792888888888889,0.8810128415416343,0.53,0.6927706583101361,1.8666027257605537
WN,MLPQR,A1,2,S_gls_ema,0.830911111111111,0.7986047456747563,0.27666666666666667,1.097588270581538,2.9391123877665604
WN,MLPQR,A1,2,S_gls_hybrid,0.8418888888888889,0.855073890382509,0.5,0.8991281622294366,2.3477982072835464
WN,MLPQR,A1,2,S_gls_emp,0.8762111111111112,0.8758589591922642,0.5266666666666666,0.869794239512572,2.3042654144851307
WN,MLPQR,A1,2,S_gls_b,0.7238444444444444,0.7318135401399783,0.25333333333333335,2.022958054984203,5.352195503189971
WN,MLPQR,A1,2,S_chi2,0.7403444444444445,0.7194930363134773,0.22333333333333333,1.1578275768159865,2.1296688725412425
WN,MLPQR,A1,2,S_maha,0.2546555555555555,0.4805664756198878,0.16,71.35756191839869,65.23601251198079
WN,MLPQR,A1p,2,S_max,0.017877777777777774,0.3086210174906666,0.0,2.3868431232896117,1.1900175179165566
WN,MLPQR,A1p,2,S_max_raw,0.03952222222222222,0.3100755301702123,0.0,2.569753025510725,1.2482637701967014
WN,MLPQR,A1p,2,S_band,0.18629444444444443,0.4782807382012476,0.1,0.23208333333333334,0.10625
WN,MLPQR,A1p,2,S_mean,0.8717777777777778,0.8767632363780691,0.51,1.526941476894278,4.056294090790758
WN,MLPQR,A1p,2,S_gls_pert,0.7223444444444445,0.7315485834308229,0.25333333333333335,2.0173768845028532,5.335302950145557
WN,MLPQR,A1p,2,S_gls_pool,0.8792888888888889,0.8810128415416343,0.53,0.6927706583101361,1.8666027257605537
WN,MLPQR,A1p,2,S_gls_ema,0.830911111111111,0.7986047456747563,0.27666666666666667,1.097588270581538,2.9391123877665604
WN,MLPQR,A1p,2,S_gls_hybrid,0.8418888888888889,0.855073890382509,0.5,0.8991281622294366,2.3477982072835464
WN,MLPQR,A1p,2,S_gls_emp,0.8762111111111112,0.8758589591922642,0.5266666666666666,0.869794239512572,2.3042654144851307
WN,MLPQR,A1p,2,S_gls_b,0.7238444444444444,0.7318135401399783,0.25333333333333335,2.022958054984203,5.352195503189971
WN,MLPQR,A1p,2,S_chi2,0.7403444444444445,0.7194930363134773,0.22333333333333333,1.1578275768159865,2.1296688725412425
WN,MLPQR,A1p,2,S_maha,0.2546555555555555,0.4805664756198878,0.16,71.35756191839869,65.23601251198079
WN,MLPQR,A2,2,S_max,0.3971222222222222,0.4932428572920502,0.0,2.3868431232896117,2.453686999002764
WN,MLPQR,A2,2,S_max_raw,0.6460333333333335,0.6476159347113201,0.10666666666666667,2.569753025510725,2.9269206542207615
WN,MLPQR,A2,2,S_band,0.7140555555555554,0.7252557311510489,0.24,0.23208333333333334,0.3280208333333333
WN,MLPQR,A2,2,S_mean,0.8580666666666665,0.8640286696746726,0.4533333333333333,1.526941476894278,3.9283905319028554
WN,MLPQR,A2,2,S_gls_pert,0.7172888888888889,0.7223100109951522,0.22333333333333333,2.0173768845028532,5.126027869759544
WN,MLPQR,A2,2,S_gls_pool,0.8634777777777779,0.868780902178027,0.51,0.6927706583101361,1.8164262476821067
WN,MLPQR,A2,2,S_gls_ema,0.8190000000000002,0.790019091633958,0.29,1.097588270581538,2.85552323143029
WN,MLPQR,A2,2,S_gls_hybrid,0.8297444444444446,0.8431411657825392,0.45,0.8991281622294366,2.283524438905647
WN,MLPQR,A2,2,S_gls_emp,0.8595999999999999,0.8628645940097694,0.5,0.869794239512572,2.224636235541739
WN,MLPQR,A2,2,S_gls_b,0.7179888888888888,0.7222285649312774,0.22333333333333333,2.022958054984203,5.134191545468298
WN,MLPQR,A2,2,S_chi2,0.7218888888888889,0.7426077227162913,0.29,1.1578275768159865,2.480052016775097
WN,MLPQR,A2,2,S_maha,0.6109444444444445,0.6504030834492354,0.2,71.35756191839869,116.71810433348078
WN,MLPQR,A3,2,S_max,0.5673944444444445,0.5395506099560043,0.0,2.3868431232896117,2.562644761316425
WN,MLPQR,A3,2,S_max_raw,0.8761555555555556,0.8924655737331004,0.56,2.569753025510725,4.12354513719424
WN,MLPQR,A3,2,S_band,0.5730222222222223,0.5494088543510591,0.04,0.23208333333333334,0.2553125
WN,MLPQR,A3,2,S_mean,0.4983111111111111,0.5044864656805383,0.05333333333333334,1.526941476894278,1.5278066137543889
WN,MLPQR,A3,2,S_gls_pert,0.5126333333333333,0.5149115352167178,0.056666666666666664,2.0173768845028532,2.1103658166165755
WN,MLPQR,A3,2,S_gls_pool,0.5065444444444445,0.5088454755704641,0.04,0.6927706583101361,0.7045504099160792
WN,MLPQR,A3,2,S_gls_ema,0.5069333333333332,0.5088336295873908,0.05333333333333334,1.097588270581538,1.1245826071534872
WN,MLPQR,A3,2,S_gls_hybrid,0.504688888888889,0.5116674476959524,0.06,0.8991281622294366,0.9237026623179713
WN,MLPQR,A3,2,S_gls_emp,0.49639999999999995,0.5061565760618236,0.05333333333333334,0.869794239512572,0.8680668054247015
WN,MLPQR,A3,2,S_gls_b,0.5122222222222222,0.5158973384484797,0.056666666666666664,2.022958054984203,2.12448456407737
WN,MLPQR,A3,2,S_chi2,0.5523555555555556,0.5595435841219487,0.09666666666666666,1.1578275768159865,1.3943506191389294
WN,MLPQR,A3,2,S_maha,0.5899333333333333,0.567869784898658,0.07666666666666666,71.35756191839869,83.6606273312534
WN,MLPQR,A4,2,S_max,0.7368111111111111,0.6566362205011329,0.0,2.3868431232896117,2.572349551746266
WN,MLPQR,A4,2,S_max_raw,0.8934111111111109,0.8864406489428164,0.4766666666666667,2.569753025510725,3.8511202848036086
WN,MLPQR,A4,2,S_band,0.9271444444444444,0.9051454339036167,0.55,0.23208333333333334,0.43302083333333335
WN,MLPQR,A4,2,S_mean,0.5461333333333334,0.5438222095408313,0.06,1.526941476894278,1.7322609960296813
WN,MLPQR,A4,2,S_gls_pert,0.5551111111111111,0.5461650728778447,0.056666666666666664,2.0173768845028532,2.424967883844456
WN,MLPQR,A4,2,S_gls_pool,0.5621111111111111,0.5540101898128675,0.08333333333333333,0.6927706583101361,0.814106567183807
WN,MLPQR,A4,2,S_gls_ema,0.5483777777777777,0.5469464843705636,0.09333333333333334,1.097588270581538,1.260333619939508
WN,MLPQR,A4,2,S_gls_hybrid,0.5569222222222222,0.5621351898251734,0.09666666666666666,0.8991281622294366,1.0613213498646943
WN,MLPQR,A4,2,S_gls_emp,0.5658222222222222,0.5641563432074677,0.09333333333333334,0.869794239512572,1.0362646614586553
WN,MLPQR,A4,2,S_gls_b,0.5655666666666667,0.5525595945131103,0.056666666666666664,2.022958054984203,2.4828530130530444
WN,MLPQR,A4,2,S_chi2,0.955211111111111,0.9498608646013067,0.8133333333333334,1.1578275768159865,4.741794274046517
WN,MLPQR,A4,2,S_maha,0.8409777777777778,0.7944904059898856,0.23,71.35756191839869,143.53119894332806
WN,MLPQR_CAL,A0,0,S_max,0.0006999999999999988,0.30769665620544867,0.0,2.28247850598569,0.6968467171851604
WN,MLPQR_CAL,A0,0,S_max_raw,0.0024111111111111113,0.3077131456488353,0.0,2.5037807465405306,0.7334408304080902
WN,MLPQR_CAL,A0,0,S_band,0.006327777777777761,0.4887074054494362,0.0,0.20166666666666666,0.002395833333333333
WN,MLPQR_CAL,A0,0,S_mean,0.47273333333333334,0.48349842027356915,0.043333333333333335,1.5059978465843957,1.406331106561645
WN,MLPQR_CAL,A0,0,S_gls_pert,0.4712555555555556,0.47538734097375634,0.04666666666666667,1.7379626919198268,1.5109808801203253
WN,MLPQR_CAL,A0,0,S_gls_pool,0.4666888888888889,0.47300939828138,0.043333333333333335,0.6024697774225681,0.5458460717270361
WN,MLPQR_CAL,A0,0,S_gls_ema,0.4728222222222222,0.4715116771504881,0.04,0.64135793641941,0.5760759924394593
WN,MLPQR_CAL,A0,0,S_gls_hybrid,0.47050000000000003,0.46536591148375106,0.016666666666666666,0.8424886644830955,0.7446596255813355
WN,MLPQR_CAL,A0,0,S_gls_emp,0.4616666666666667,0.46970062874927765,0.03666666666666667,0.8939775737386464,0.7946426881572787
WN,MLPQR_CAL,A0,0,S_gls_b,0.46334444444444445,0.471239986023562,0.04666666666666667,1.77199641243667,1.519198359833172
WN,MLPQR_CAL,A0,0,S_chi2,0.9630000000000001,0.9393429583865918,0.9133333333333333,1.0288298764342703,3.3136822694978694
WN,MLPQR_CAL,A0,0,S_maha,0.03517777777777777,0.30970474892002675,0.0,66.85062542868747,7.895116511592911
WN,MLPQR_CAL,A1,0,S_max,0.018933333333333326,0.30896353043183,0.0,2.28247850598569,1.1330235344025106
WN,MLPQR_CAL,A1,0,S_max_raw,0.03002222222222222,0.3094926952371972,0.0,2.5037807465405306,1.195132285839982
WN,MLPQR_CAL,A1,0,S_band,0.15774444444444444,0.4731431822815879,0.08333333333333333,0.20166666666666666,0.07604166666666666
WN,MLPQR_CAL,A1,0,S_mean,0.8561888888888888,0.8669982751590906,0.5166666666666667,1.5059978465843957,3.866412947049596
WN,MLPQR_CAL,A1,0,S_gls_pert,0.7304777777777778,0.7404737120409935,0.2633333333333333,1.7379626919198268,4.80024725142669
WN,MLPQR_CAL,A1,0,S_gls_pool,0.8634444444444445,0.8667551230908374,0.5566666666666666,0.6024697774225681,1.5717775509521867
WN,MLPQR_CAL,A1,0,S_gls_ema,0.8451666666666666,0.8514725762285422,0.49666666666666665,0.64135793641941,1.6244047408616045
WN,MLPQR_CAL,A1,0,S_gls_hybrid,0.8315444444444444,0.8543536292501924,0.4866666666666667,0.8424886644830955,2.285043794749427
WN,MLPQR_CAL,A1,0,S_gls_emp,0.8543888888888889,0.8566208988940884,0.51,0.8939775737386464,2.247736984689589
WN,MLPQR_CAL,A1,0,S_gls_b,0.7235999999999999,0.7371526456675942,0.2633333333333333,1.77199641243667,4.804757988726444
WN,MLPQR_CAL,A1,0,S_chi2,0.7750222222222223,0.7819341484455937,0.43,1.0288298764342703,2.080437056048111
WN,MLPQR_CAL,A1,0,S_maha,0.23247777777777778,0.45018307536143914,0.12,66.85062542868747,52.20089704424313
WN,MLPQR_CAL,A1p,0,S_max,0.018933333333333326,0.30896353043183,0.0,2.28247850598569,1.1330235344025106
WN,MLPQR_CAL,A1p,0,S_max_raw,0.03002222222222222,0.3094926952371972,0.0,2.5037807465405306,1.195132285839982
WN,MLPQR_CAL,A1p,0,S_band,0.15774444444444444,0.4731431822815879,0.08333333333333333,0.20166666666666666,0.07604166666666666
WN,MLPQR_CAL,A1p,0,S_mean,0.8561888888888888,0.8669982751590906,0.5166666666666667,1.5059978465843957,3.866412947049596
WN,MLPQR_CAL,A1p,0,S_gls_pert,0.7304777777777778,0.7404737120409935,0.2633333333333333,1.7379626919198268,4.80024725142669
WN,MLPQR_CAL,A1p,0,S_gls_pool,0.8634444444444445,0.8667551230908374,0.5566666666666666,0.6024697774225681,1.5717775509521867
WN,MLPQR_CAL,A1p,0,S_gls_ema,0.8451666666666666,0.8514725762285422,0.49666666666666665,0.64135793641941,1.6244047408616045
WN,MLPQR_CAL,A1p,0,S_gls_hybrid,0.8315444444444444,0.8543536292501924,0.4866666666666667,0.8424886644830955,2.285043794749427
WN,MLPQR_CAL,A1p,0,S_gls_emp,0.8543888888888889,0.8566208988940884,0.51,0.8939775737386464,2.247736984689589
WN,MLPQR_CAL,A1p,0,S_gls_b,0.7235999999999999,0.7371526456675942,0.2633333333333333,1.77199641243667,4.804757988726444
WN,MLPQR_CAL,A1p,0,S_chi2,0.7750222222222223,0.7819341484455937,0.43,1.0288298764342703,2.080437056048111
WN,MLPQR_CAL,A1p,0,S_maha,0.23247777777777778,0.45018307536143914,0.12,66.85062542868747,52.20089704424313
WN,MLPQR_CAL,A2,0,S_max,0.6196611111111111,0.5982942432573798,0.06333333333333334,2.28247850598569,2.3924418349597842
WN,MLPQR_CAL,A2,0,S_max_raw,0.6420666666666666,0.6586790375595801,0.21,2.5037807465405306,2.864847065540987
WN,MLPQR_CAL,A2,0,S_band,0.7158555555555555,0.7348272832524839,0.33,0.20166666666666666,0.29770833333333335
WN,MLPQR_CAL,A2,0,S_mean,0.8501333333333332,0.8559401131385312,0.48333333333333334,1.5059978465843957,3.7455768809974326
WN,MLPQR_CAL,A2,0,S_gls_pert,0.7214666666666666,0.7341520135071926,0.25333333333333335,1.7379626919198268,4.690272876057779
WN,MLPQR_CAL,A2,0,S_gls_pool,0.8536777777777779,0.856989973028053,0.53,0.6024697774225681,1.5362946506440773
WN,MLPQR_CAL,A2,0,S_gls_ema,0.8372111111111111,0.8450559539188723,0.4866666666666667,0.64135793641941,1.6044571798676655
WN,MLPQR_CAL,A2,0,S_gls_hybrid,0.8215000000000001,0.8450841375172036,0.4633333333333333,0.8424886644830955,2.2337094878180292
WN,MLPQR_CAL,A2,0,S_gls_emp,0.8424111111111111,0.8464652806724455,0.48,0.8939775737386464,2.196733296986951
WN,MLPQR_CAL,A2,0,S_gls_b,0.7201,0.7334843244960032,0.25666666666666665,1.77199641243667,4.710744700229822
WN,MLPQR_CAL,A2,0,S_chi2,0.6513777777777778,0.7129340731735142,0.32666666666666666,1.0288298764342703,1.948374369454164
WN,MLPQR_CAL,A2,0,S_maha,0.6160444444444444,0.6430395527058455,0.17333333333333334,66.85062542868747,104.29396001694028
WN,MLPQR_CAL,A3,0,S_max,0.6947944444444445,0.6379986688178325,0.09666666666666666,2.28247850598569,2.4963479493177148
WN,MLPQR_CAL,A3,0,S_max_raw,0.8869388888888888,0.9030681062036882,0.6433333333333333,2.5037807465405306,3.949692089603145
WN,MLPQR_CAL,A3,0,S_band,0.5838500000000001,0.5601581062997756,0.08,0.20166666666666666,0.2271875
WN,MLPQR_CAL,A3,0,S_mean,0.5034277777777778,0.5080845601669957,0.05333333333333334,1.5059978465843957,1.5234787139664927
WN,MLPQR_CAL,A3,0,S_gls_pert,0.5160166666666666,0.5231979031309557,0.06,1.7379626919198268,1.9175405734659277
WN,MLPQR_CAL,A3,0,S_gls_pool,0.5102388888888889,0.5100310298128883,0.06,0.6024697774225681,0.6164854116902838
WN,MLPQR_CAL,A3,0,S_gls_ema,0.5140944444444444,0.5153285902365415,0.06666666666666667,0.64135793641941,0.6642960961575404
WN,MLPQR_CAL,A3,0,S_gls_hybrid,0.5120277777777777,0.520147009249218,0.07666666666666666,0.8424886644830955,0.8827960929464332
WN,MLPQR_CAL,A3,0,S_gls_emp,0.5045277777777778,0.509961972463574,0.06333333333333334,0.8939775737386464,0.9106778342820032
WN,MLPQR_CAL,A3,0,S_gls_b,0.5202055555555556,0.5245970626617459,0.06,1.77199641243667,1.9545572742367479
WN,MLPQR_CAL,A3,0,S_chi2,0.5164500000000001,0.5332138488445199,0.09333333333333334,1.0288298764342703,1.111953991689442
WN,MLPQR_CAL,A3,0,S_maha,0.5996277777777778,0.5750997649771012,0.07333333333333333,66.85062542868747,79.37796098632214
WN,MLPQR_CAL,A4,0,S_max,0.8346444444444444,0.7738804965466013,0.25333333333333335,2.28247850598569,2.574077114982513
WN,MLPQR_CAL,A4,0,S_max_raw,0.9026111111111111,0.9025194518410404,0.5966666666666667,2.5037807465405306,3.771147785267684
WN,MLPQR_CAL,A4,0,S_band,0.9329722222222222,0.9177177141403593,0.64,0.20166666666666666,0.39875
WN,MLPQR_CAL,A4,0,S_mean,0.5266777777777778,0.5310339281453396,0.06333333333333334,1.5059978465843957,1.6352160188694647
WN,MLPQR_CAL,A4,0,S_gls_pert,0.5444111111111112,0.5452395047440862,0.08333333333333333,1.7379626919198268,2.1601788933578168
WN,MLPQR_CAL,A4,0,S_gls_pool,0.5443333333333333,0.5444896286112626,0.08666666666666667,0.6024697774225681,0.6878464695269605
WN,MLPQR_CAL,A4,0,S_gls_ema,0.5447777777777778,0.5479640477721364,0.08333333333333333,0.64135793641941,0.7389036968530182
WN,MLPQR_CAL,A4,0,S_gls_hybrid,0.5538444444444445,0.553305279692844,0.07333333333333333,0.8424886644830955,0.9911775118873529
WN,MLPQR_CAL,A4,0,S_gls_emp,0.5408000000000001,0.5409970495036291,0.08333333333333333,0.8939775737386464,1.0042729889656237
WN,MLPQR_CAL,A4,0,S_gls_b,0.5499777777777779,0.5475037257125925,0.08333333333333333,1.77199641243667,2.2139033163256334
WN,MLPQR_CAL,A4,0,S_chi2,0.9373,0.9464830007256716,0.8,1.0288298764342703,3.8767092752345387
WN,MLPQR_CAL,A4,0,S_maha,0.8370333333333333,0.7910652858983884,0.21333333333333335,66.85062542868747,136.7189190313238
WN,MLPQR_CAL,A0,1,S_max,0.002116666666666667,0.30770321825155533,0.0,2.282252438135,0.6931526291646342
WN,MLPQR_CAL,A0,1,S_max_raw,0.0016666666666666666,0.307695936209634,0.0,2.5094375206643478,0.7341102335942772
WN,MLPQR_CAL,A0,1,S_band,0.005116666666666666,0.4935753330698792,0.0033333333333333335,0.201875,0.004375
WN,MLPQR_CAL,A0,1,S_mean,0.47068888888888893,0.4816373831857407,0.056666666666666664,1.5159099419209527,1.3890299308552396
WN,MLPQR_CAL,A0,1,S_gls_pert,0.46292222222222223,0.4775176131102492,0.03,1.728091250478523,1.513146870499306
WN,MLPQR_CAL,A0,1,S_gls_pool,0.4711333333333333,0.4756962089073455,0.05333333333333334,0.6652165571088324,0.5957923952132838
WN,MLPQR_CAL,A0,1,S_gls_ema,0.4682222222222222,0.47448229328974145,0.04,0.7813406434200914,0.6922745187590303
WN,MLPQR_CAL,A0,1,S_gls_hybrid,0.4515444444444444,0.4576740635417248,0.03,0.8425054296240629,0.7098172763096072
WN,MLPQR_CAL,A0,1,S_gls_emp,0.4326777777777777,0.4537628432030849,0.03666666666666667,0.8764555497245518,0.7209724985120528
WN,MLPQR_CAL,A0,1,S_gls_b,0.4542333333333333,0.47488858416901014,0.03,1.7428670868212441,1.5167432975971693
WN,MLPQR_CAL,A0,1,S_chi2,0.972588888888889,0.9523735875694589,0.9066666666666666,0.9652953963965853,3.3425473692449654
WN,MLPQR_CAL,A0,1,S_maha,0.033966666666666666,0.3099129585804292,0.0033333333333333335,62.055442099454076,7.818870497346097
WN,MLPQR_CAL,A1,1,S_max,0.010955555555555555,0.308172897115743,0.0,2.282252438135,1.129500506671276
WN,MLPQR_CAL,A1,1,S_max_raw,0.026055555555555557,0.30904554106386295,0.0,2.5094375206643478,1.208462412843339
WN,MLPQR_CAL,A1,1,S_band,0.14690555555555557,0.46406976774676173,0.07666666666666666,0.201875,0.0790625
WN,MLPQR_CAL,A1,1,S_mean,0.8586444444444444,0.849463983297382,0.5266666666666666,1.5159099419209527,3.897276938794051
WN,MLPQR_CAL,A1,1,S_gls_pert,0.7345666666666666,0.7493861558933546,0.24666666666666667,1.728091250478523,5.03431258803603
WN,MLPQR_CAL,A1,1,S_gls_pool,0.8673555555555557,0.8519998104437155,0.54,0.6652165571088324,1.737921938716889
WN,MLPQR_CAL,A1,1,S_gls_ema,0.8388111111111112,0.8254420858101053,0.41,0.7813406434200914,2.033156419282712
WN,MLPQR_CAL,A1,1,S_gls_hybrid,0.8337000000000001,0.8507600829630024,0.44333333333333336,0.8425054296240629,2.217443149670065
WN,MLPQR_CAL,A1,1,S_gls_emp,0.8545333333333333,0.8409244244276514,0.4866666666666667,0.8764555497245518,2.119602992461449
WN,MLPQR_CAL,A1,1,S_gls_b,0.7358555555555555,0.750483500094596,0.24666666666666667,1.7428670868212441,5.049592547573698
WN,MLPQR_CAL,A1,1,S_chi2,0.7670333333333332,0.7959821016226185,0.43333333333333335,0.9652953963965853,2.0569371980254134
WN,MLPQR_CAL,A1,1,S_maha,0.2456777777777778,0.47425795459286857,0.13666666666666666,62.055442099454076,57.469960626181056
WN,MLPQR_CAL,A1p,1,S_max,0.010955555555555555,0.308172897115743,0.0,2.282252438135,1.129500506671276
WN,MLPQR_CAL,A1p,1,S_max_raw,0.026055555555555557,0.30904554106386295,0.0,2.5094375206643478,1.208462412843339
WN,MLPQR_CAL,A1p,1,S_band,0.14690555555555557,0.46406976774676173,0.07666666666666666,0.201875,0.0790625
WN,MLPQR_CAL,A1p,1,S_mean,0.8586444444444444,0.849463983297382,0.5266666666666666,1.5159099419209527,3.897276938794051
WN,MLPQR_CAL,A1p,1,S_gls_pert,0.7345666666666666,0.7493861558933546,0.24666666666666667,1.728091250478523,5.03431258803603
WN,MLPQR_CAL,A1p,1,S_gls_pool,0.8673555555555557,0.8519998104437155,0.54,0.6652165571088324,1.737921938716889
WN,MLPQR_CAL,A1p,1,S_gls_ema,0.8388111111111112,0.8254420858101053,0.41,0.7813406434200914,2.033156419282712
WN,MLPQR_CAL,A1p,1,S_gls_hybrid,0.8337000000000001,0.8507600829630024,0.44333333333333336,0.8425054296240629,2.217443149670065
WN,MLPQR_CAL,A1p,1,S_gls_emp,0.8545333333333333,0.8409244244276514,0.4866666666666667,0.8764555497245518,2.119602992461449
WN,MLPQR_CAL,A1p,1,S_gls_b,0.7358555555555555,0.750483500094596,0.24666666666666667,1.7428670868212441,5.049592547573698
WN,MLPQR_CAL,A1p,1,S_chi2,0.7670333333333332,0.7959821016226185,0.43333333333333335,0.9652953963965853,2.0569371980254134
WN,MLPQR_CAL,A1p,1,S_maha,0.2456777777777778,0.47425795459286857,0.13666666666666666,62.055442099454076,57.469960626181056
WN,MLPQR_CAL,A2,1,S_max,0.6331,0.605767521495818,0.04666666666666667,2.282252438135,2.3973536182726987
WN,MLPQR_CAL,A2,1,S_max_raw,0.6732666666666667,0.6809204385294285,0.17,2.5094375206643478,2.8916195156770415
WN,MLPQR_CAL,A2,1,S_band,0.7168444444444445,0.7276986013448595,0.29,0.201875,0.2939583333333333
WN,MLPQR_CAL,A2,1,S_mean,0.8419777777777778,0.8403897514493108,0.5233333333333333,1.5159099419209527,3.787298865822215
WN,MLPQR_CAL,A2,1,S_gls_pert,0.7272888888888889,0.7448742724618982,0.2633333333333333,1.728091250478523,4.87333202345199
WN,MLPQR_CAL,A2,1,S_gls_pool,0.8502111111111111,0.8443059784969524,0.5433333333333333,0.6652165571088324,1.6997728512618122
WN,MLPQR_CAL,A2,1,S_gls_ema,0.8236000000000001,0.8157187345014519,0.4166666666666667,0.7813406434200914,1.97904338463119
WN,MLPQR_CAL,A2,1,S_gls_hybrid,0.8179444444444445,0.8425004424133999,0.43333333333333335,0.8425054296240629,2.1913654491848575
WN,MLPQR_CAL,A2,1,S_gls_emp,0.8319000000000001,0.8337551655066155,0.49333333333333335,0.8764555497245518,2.0978835774948177
WN,MLPQR_CAL,A2,1,S_gls_b,0.7300777777777778,0.7467654686788313,0.2633333333333333,1.7428670868212441,4.89569987567637
WN,MLPQR_CAL,A2,1,S_chi2,0.6873333333333334,0.7288407460229832,0.31666666666666665,0.9652953963965853,1.9481836939133435
WN,MLPQR_CAL,A2,1,S_maha,0.6411555555555556,0.6666018366439244,0.17333333333333334,62.055442099454076,102.74406426177521
WN,MLPQR_CAL,A3,1,S_max,0.6903722222222222,0.6191217222228583,0.07666666666666666,2.282252438135,2.4870145789258467
WN,MLPQR_CAL,A3,1,S_max_raw,0.8833888888888888,0.8991963313797762,0.5933333333333334,2.5094375206643478,3.9488954249782813
WN,MLPQR_CAL,A3,1,S_band,0.5914111111111111,0.5609146160542163,0.06,0.201875,0.22708333333333333
WN,MLPQR_CAL,A3,1,S_mean,0.5147,0.5091629615332744,0.06,1.5159099419209527,1.5581966130885168
WN,MLPQR_CAL,A3,1,S_gls_pert,0.5159555555555556,0.5217043793880963,0.05333333333333334,1.728091250478523,1.8526759413524663
WN,MLPQR_CAL,A3,1,S_gls_pool,0.5154111111111112,0.5104494538969252,0.07,0.6652165571088324,0.6848839330008195
WN,MLPQR_CAL,A3,1,S_gls_ema,0.5095444444444445,0.5105835048655611,0.04666666666666667,0.7813406434200914,0.7994565068067672
WN,MLPQR_CAL,A3,1,S_gls_hybrid,0.5093222222222222,0.5198652754738239,0.06333333333333334,0.8425054296240629,0.8782965298077567
WN,MLPQR_CAL,A3,1,S_gls_emp,0.5086111111111111,0.5102623398771026,0.05333333333333334,0.8764555497245518,0.8960540759134216
WN,MLPQR_CAL,A3,1,S_gls_b,0.5178777777777778,0.5227350084442945,0.05333333333333334,1.7428670868212441,1.8770790704256426
WN,MLPQR_CAL,A3,1,S_chi2,0.48019999999999996,0.5232492714838733,0.09,0.9652953963965853,0.9920944094640908
WN,MLPQR_CAL,A3,1,S_maha,0.6005777777777778,0.5806536803874132,0.07333333333333333,62.055442099454076,74.35870026366217
WN,MLPQR_CAL,A4,1,S_max,0.8320833333333334,0.7802017792265875,0.25666666666666665,2.282252438135,2.5556642593902876
WN,MLPQR_CAL,A4,1,S_max_raw,0.9172111111111111,0.9182676570139372,0.6066666666666667,2.5094375206643478,3.8155324474117562
WN,MLPQR_CAL,A4,1,S_band,0.93135,0.9083086080324334,0.6633333333333333,0.201875,0.40041666666666664
WN,MLPQR_CAL,A4,1,S_mean,0.5348,0.5317636151442091,0.08333333333333333,1.5159099419209527,1.659969241083233
WN,MLPQR_CAL,A4,1,S_gls_pert,0.556711111111111,0.5558255723001315,0.06333333333333334,1.728091250478523,2.141384199402362
WN,MLPQR_CAL,A4,1,S_gls_pool,0.5541999999999999,0.544507975530089,0.09333333333333334,0.6652165571088324,0.7581246692941571
WN,MLPQR_CAL,A4,1,S_gls_ema,0.5481333333333334,0.5399560818407145,0.08,0.7813406434200914,0.8850029426591451
WN,MLPQR_CAL,A4,1,S_gls_hybrid,0.5631777777777778,0.5578988358855499,0.07,0.8425054296240629,0.9900746222793292
WN,MLPQR_CAL,A4,1,S_gls_emp,0.5533888888888889,0.5432641384585195,0.06333333333333334,0.8764555497245518,0.9907080112439398
WN,MLPQR_CAL,A4,1,S_gls_b,0.5614888888888889,0.5591572619856476,0.06333333333333334,1.7428670868212441,2.1722043813243608
WN,MLPQR_CAL,A4,1,S_chi2,0.9390777777777778,0.9431807107239822,0.81,0.9652953963965853,3.8479667445594448
WN,MLPQR_CAL,A4,1,S_maha,0.8404555555555555,0.8034109999689278,0.22333333333333333,62.055442099454076,124.40882299776597
WN,MLPQR_CAL,A0,2,S_max,0.0008333333333333326,0.30769447768043146,0.0,2.3086487197780774,0.696947392137304
WN,MLPQR_CAL,A0,2,S_max_raw,0.0023888888888888887,0.3077210760520082,0.0,2.569753025510725,0.7497543634804129
WN,MLPQR_CAL,A0,2,S_band,0.009433333333333334,0.47956893361065867,0.0,0.21114583333333334,0.005
WN,MLPQR_CAL,A0,2,S_mean,0.4540777777777778,0.4719658808219233,0.023333333333333334,1.4743754540017653,1.3150422982666583
WN,MLPQR_CAL,A0,2,S_gls_pert,0.44572222222222224,0.46352806946068115,0.016666666666666666,1.9591420395294918,1.6036246756776487
WN,MLPQR_CAL,A0,2,S_gls_pool,0.4438444444444445,0.4664931800992731,0.03,0.6690959607124499,0.5806088837382332
WN,MLPQR_CAL,A0,2,S_gls_ema,0.4449444444444445,0.4760188458379402,0.04666666666666667,1.066247998296293,0.9807035119896168
WN,MLPQR_CAL,A0,2,S_gls_hybrid,0.4257444444444445,0.4559280738875727,0.03333333333333333,0.8684918492798537,0.7203376845695487
WN,MLPQR_CAL,A0,2,S_gls_emp,0.44385555555555556,0.46374355495881714,0.02666666666666667,0.8353329362980655,0.7199459741056627
WN,MLPQR_CAL,A0,2,S_gls_b,0.4493555555555555,0.4646094059570175,0.02,1.9670698080808189,1.614102548234491
WN,MLPQR_CAL,A0,2,S_chi2,0.9569666666666666,0.9114765940949008,0.9,1.0471420112500134,3.3155268525616157
WN,MLPQR_CAL,A0,2,S_maha,0.04907777777777778,0.3115705421088721,0.0,66.11316676066727,9.280462493946535
WN,MLPQR_CAL,A1,2,S_max,0.0242,0.30902770460471174,0.0,2.3086487197780774,1.177577661767753
WN,MLPQR_CAL,A1,2,S_max_raw,0.03952222222222222,0.3100755301702123,0.0,2.569753025510725,1.2482637701967014
WN,MLPQR_CAL,A1,2,S_band,0.17650555555555558,0.4838137088686654,0.09333333333333334,0.21114583333333334,0.09572916666666667
WN,MLPQR_CAL,A1,2,S_mean,0.8824666666666668,0.886924926628311,0.53,1.4743754540017653,4.04084066067204
WN,MLPQR_CAL,A1,2,S_gls_pert,0.7320444444444445,0.7378999662979315,0.25666666666666665,1.9591420395294918,5.318181356793195
WN,MLPQR_CAL,A1,2,S_gls_pool,0.8906444444444443,0.8924395963343464,0.5866666666666667,0.6690959607124499,1.8620618305686636
WN,MLPQR_CAL,A1,2,S_gls_ema,0.8450333333333335,0.8082285985806048,0.33666666666666667,1.066247998296293,2.9281402112037678
WN,MLPQR_CAL,A1,2,S_gls_hybrid,0.8542444444444445,0.8638829617693016,0.5266666666666666,0.8684918492798537,2.346566316882538
WN,MLPQR_CAL,A1,2,S_gls_emp,0.8887333333333333,0.8884745146870249,0.5566666666666666,0.8353329362980655,2.3036825788746484
WN,MLPQR_CAL,A1,2,S_gls_b,0.7323333333333333,0.7378051403706217,0.25666666666666665,1.9670698080808189,5.3314663502161865
WN,MLPQR_CAL,A1,2,S_chi2,0.7656666666666667,0.7605711137870146,0.3933333333333333,1.0471420112500134,2.0945819623833373
WN,MLPQR_CAL,A1,2,S_maha,0.2611555555555556,0.48787798284342976,0.16,66.11316676066727,64.0491341203584
WN,MLPQR_CAL,A1p,2,S_max,0.0242,0.30902770460471174,0.0,2.3086487197780774,1.177577661767753
WN,MLPQR_CAL,A1p,2,S_max_raw,0.03952222222222222,0.3100755301702123,0.0,2.569753025510725,1.2482637701967014
WN,MLPQR_CAL,A1p,2,S_band,0.17650555555555558,0.4838137088686654,0.09333333333333334,0.21114583333333334,0.09572916666666667
WN,MLPQR_CAL,A1p,2,S_mean,0.8824666666666668,0.886924926628311,0.53,1.4743754540017653,4.04084066067204
WN,MLPQR_CAL,A1p,2,S_gls_pert,0.7320444444444445,0.7378999662979315,0.25666666666666665,1.9591420395294918,5.318181356793195
WN,MLPQR_CAL,A1p,2,S_gls_pool,0.8906444444444443,0.8924395963343464,0.5866666666666667,0.6690959607124499,1.8620618305686636
WN,MLPQR_CAL,A1p,2,S_gls_ema,0.8450333333333335,0.8082285985806048,0.33666666666666667,1.066247998296293,2.9281402112037678
WN,MLPQR_CAL,A1p,2,S_gls_hybrid,0.8542444444444445,0.8638829617693016,0.5266666666666666,0.8684918492798537,2.346566316882538
WN,MLPQR_CAL,A1p,2,S_gls_emp,0.8887333333333333,0.8884745146870249,0.5566666666666666,0.8353329362980655,2.3036825788746484
WN,MLPQR_CAL,A1p,2,S_gls_b,0.7323333333333333,0.7378051403706217,0.25666666666666665,1.9670698080808189,5.3314663502161865
WN,MLPQR_CAL,A1p,2,S_chi2,0.7656666666666667,0.7605711137870146,0.3933333333333333,1.0471420112500134,2.0945819623833373
WN,MLPQR_CAL,A1p,2,S_maha,0.2611555555555556,0.48787798284342976,0.16,66.11316676066727,64.0491341203584
WN,MLPQR_CAL,A2,2,S_max,0.652911111111111,0.6578244818657124,0.15,2.3086487197780774,2.423309032407915
WN,MLPQR_CAL,A2,2,S_max_raw,0.6460333333333335,0.6476159347113201,0.10666666666666667,2.569753025510725,2.9269206542207615
WN,MLPQR_CAL,A2,2,S_band,0.7252000000000001,0.73736399380341,0.26,0.21114583333333334,0.3102083333333333
WN,MLPQR_CAL,A2,2,S_mean,0.8694111111111111,0.8755390953009572,0.4766666666666667,1.4743754540017653,3.9142556584949673
WN,MLPQR_CAL,A2,2,S_gls_pert,0.7293555555555555,0.729571474291006,0.22333333333333333,1.9591420395294918,5.117695838758563
WN,MLPQR_CAL,A2,2,S_gls_pool,0.8771666666666667,0.8818665193710482,0.5633333333333334,0.6690959607124499,1.8129144625000537
WN,MLPQR_CAL,A2,2,S_gls_ema,0.8348,0.7998759204442911,0.3333333333333333,1.066247998296293,2.846560934896
WN,MLPQR_CAL,A2,2,S_gls_hybrid,0.8445555555555556,0.8539823085501497,0.47333333333333333,0.8684918492798537,2.2833235489293147
WN,MLPQR_CAL,A2,2,S_gls_emp,0.8710444444444445,0.8747895344135198,0.51,0.8353329362980655,2.2227942873760043
WN,MLPQR_CAL,A2,2,S_gls_b,0.7276222222222223,0.7283852585186427,0.22666666666666666,1.9670698080808189,5.122365689506803
WN,MLPQR_CAL,A2,2,S_chi2,0.7135222222222223,0.7411836187698265,0.31666666666666665,1.0471420112500134,2.2132437466425667
WN,MLPQR_CAL,A2,2,S_maha,0.6168333333333333,0.6566398443721543,0.19666666666666666,66.11316676066727,111.13300583760201
WN,MLPQR_CAL,A3,2,S_max,0.7086111111111112,0.6427701399156933,0.10666666666666667,2.3086487197780774,2.5117863708830046
WN,MLPQR_CAL,A3,2,S_max_raw,0.8761555555555556,0.8924655737331004,0.56,2.569753025510725,4.12354513719424
WN,MLPQR_CAL,A3,2,S_band,0.5811333333333334,0.5553217857754406,0.043333333333333335,0.21114583333333334,0.2353125
WN,MLPQR_CAL,A3,2,S_mean,0.5067,0.5112118085809441,0.04666666666666667,1.4743754540017653,1.5081236596678607
WN,MLPQR_CAL,A3,2,S_gls_pert,0.5203,0.5209065762841862,0.056666666666666664,1.9591420395294918,2.0867779167231246
WN,MLPQR_CAL,A3,2,S_gls_pool,0.5130777777777777,0.5159831318026469,0.06333333333333334,0.6690959607124499,0.6946638034604633
WN,MLPQR_CAL,A3,2,S_gls_ema,0.5089111111111111,0.5117472117537254,0.05333333333333334,1.066247998296293,1.1126017586647734
WN,MLPQR_CAL,A3,2,S_gls_hybrid,0.5079111111111111,0.516761622268965,0.06666666666666667,0.8684918492798537,0.9063570907717936
WN,MLPQR_CAL,A3,2,S_gls_emp,0.5060888888888889,0.511845018620697,0.05333333333333334,0.8353329362980655,0.8555829797148787
WN,MLPQR_CAL,A3,2,S_gls_b,0.5198888888888888,0.5218137806132837,0.056666666666666664,1.9670698080808189,2.1040894700875445
WN,MLPQR_CAL,A3,2,S_chi2,0.5203222222222222,0.5341063933887914,0.09666666666666666,1.0471420112500134,1.154587931363476
WN,MLPQR_CAL,A3,2,S_maha,0.5898666666666667,0.570135684031486,0.07333333333333333,66.11316676066727,77.88845122879539
WN,MLPQR_CAL,A4,2,S_max,0.8352055555555554,0.7787364353404013,0.24666666666666667,2.3086487197780774,2.5757313918269924
WN,MLPQR_CAL,A4,2,S_max_raw,0.8934111111111109,0.8864406489428164,0.4766666666666667,2.569753025510725,3.8511202848036086
WN,MLPQR_CAL,A4,2,S_band,0.9332444444444444,0.9118452851689103,0.59,0.21114583333333334,0.4116666666666667
WN,MLPQR_CAL,A4,2,S_mean,0.5458888888888889,0.5414438476789505,0.05,1.4743754540017653,1.6674674559123723
WN,MLPQR_CAL,A4,2,S_gls_pert,0.5526333333333333,0.5446351632383026,0.06,1.9591420395294918,2.3500770468232575
WN,MLPQR_CAL,A4,2,S_gls_pool,0.5569333333333333,0.5501207301789734,0.08666666666666667,0.6690959607124499,0.7770245282573379
WN,MLPQR_CAL,A4,2,S_gls_ema,0.5441333333333334,0.5456778473924947,0.09333333333333334,1.066247998296293,1.2213345502326305
WN,MLPQR_CAL,A4,2,S_gls_hybrid,0.5541666666666667,0.55896800707944,0.09666666666666666,0.8684918492798537,1.0205571283865833
WN,MLPQR_CAL,A4,2,S_gls_emp,0.5654,0.5612711631461398,0.08,0.8353329362980655,0.9920928364061133
WN,MLPQR_CAL,A4,2,S_gls_b,0.5618444444444444,0.5505734442662205,0.06,1.9670698080808189,2.4069337221723104
WN,MLPQR_CAL,A4,2,S_chi2,0.9426555555555557,0.942253732629451,0.8133333333333334,1.0471420112500134,4.053953938815433
WN,MLPQR_CAL,A4,2,S_maha,0.8396444444444444,0.7938742416269688,0.2,66.11316676066727,133.4343906613244
WN,ORACLE,A0,0,S_max,0.0,0.5,0.0,2.2222552254854455,0.0
WN,ORACLE,A0,0,S_max_raw,0.0,0.5,0.0,2.3266540717707604,0.0
WN,ORACLE,A0,0,S_band,0.0016666666666666496,0.5,0.0,0.19875,0.0
WN,ORACLE,A0,0,S_mean,0.0,0.5,0.0,0.7535207943181704,0.0
WN,ORACLE,A0,0,S_gls_pert,0.0,0.5,0.0,0.7535207943181704,0.0
WN,ORACLE,A0,0,S_gls_pool,0.0,0.5,0.0,0.7535207943181704,0.0
WN,ORACLE,A0,0,S_gls_ema,0.0,0.5,0.0,0.7535207943181704,0.0
WN,ORACLE,A0,0,S_gls_hybrid,0.0,0.5,0.0,0.76837890603832,0.0
WN,ORACLE,A0,0,S_gls_emp,0.0,0.5,0.0,0.8166580655852753,0.0
WN,ORACLE,A0,0,S_gls_b,0.0,0.5,0.0,0.7535207943181704,0.0
WN,ORACLE,A0,0,S_chi2,1.0,1.0,1.0,0.7172492156538058,4.0
WN,ORACLE,A0,0,S_maha,0.0,0.5,0.0,30.687381539754835,0.0
WN,ORACLE,A1,0,S_max,0.0,0.5,0.0,2.2222552254854455,0.6987049837700042
WN,ORACLE,A1,0,S_max_raw,0.0,0.5,0.0,2.3266540717707604,0.70001063746742
WN,ORACLE,A1,0,S_band,0.0016666666666666496,0.5,0.0,0.19875,0.0
WN,ORACLE,A1,0,S_mean,1.0,1.0,1.0,0.7535207943181704,3.9524722565808537
WN,ORACLE,A1,0,S_gls_pert,1.0,1.0,1.0,0.7535207943181704,3.9524722565808506
WN,ORACLE,A1,0,S_gls_pool,1.0,1.0,1.0,0.7535207943181704,3.9524722565808506
WN,ORACLE,A1,0,S_gls_ema,1.0,1.0,1.0,0.7535207943181704,3.9524722565808506
WN,ORACLE,A1,0,S_gls_hybrid,1.0,1.0,1.0,0.76837890603832,4.01390207663053
WN,ORACLE,A1,0,S_gls_emp,1.0,1.0,1.0,0.8166580655852753,4.161950212370498
WN,ORACLE,A1,0,S_gls_b,1.0,1.0,1.0,0.7535207943181704,3.9524722565808506
WN,ORACLE,A1,0,S_chi2,0.9766666666666667,0.9771986970684039,1.0,0.7172492156538058,2.047245382619833
WN,ORACLE,A1,0,S_maha,0.013333333333333308,0.5033557046979866,0.0,30.687381539754835,15.622036939041328
WN,ORACLE,A1p,0,S_max,0.0,0.5,0.0,2.2222552254854455,0.6987049837700042
WN,ORACLE,A1p,0,S_max_raw,0.0,0.5,0.0,2.3266540717707604,0.70001063746742
WN,ORACLE,A1p,0,S_band,0.0016666666666666496,0.5,0.0,0.19875,0.0
WN,ORACLE,A1p,0,S_mean,1.0,1.0,1.0,0.7535207943181704,3.9524722565808537
WN,ORACLE,A1p,0,S_gls_pert,1.0,1.0,1.0,0.7535207943181704,3.9524722565808506
WN,ORACLE,A1p,0,S_gls_pool,1.0,1.0,1.0,0.7535207943181704,3.9524722565808506
WN,ORACLE,A1p,0,S_gls_ema,1.0,1.0,1.0,0.7535207943181704,3.9524722565808506
WN,ORACLE,A1p,0,S_gls_hybrid,1.0,1.0,1.0,0.76837890603832,4.01390207663053
WN,ORACLE,A1p,0,S_gls_emp,1.0,1.0,1.0,0.8166580655852753,4.161950212370498
WN,ORACLE,A1p,0,S_gls_b,1.0,1.0,1.0,0.7535207943181704,3.9524722565808506
WN,ORACLE,A1p,0,S_chi2,0.9766666666666667,0.9771986970684039,1.0,0.7172492156538058,2.047245382619833
WN,ORACLE,A1p,0,S_maha,0.013333333333333308,0.5033557046979866,0.0,30.687381539754835,15.622036939041328
WN,ORACLE,A2,0,S_max,0.6257055555555555,0.630998749391133,0.0,2.2222552254854455,2.491550464627048
WN,ORACLE,A2,0,S_max_raw,0.7729444444444443,0.7529704060217817,0.20666666666666667,2.3266540717707604,2.7801341312092713
WN,ORACLE,A2,0,S_band,0.8518777777777776,0.8387267958489425,0.38666666666666666,0.19875,0.3069791666666667
WN,ORACLE,A2,0,S_mean,0.9978555555555555,0.9979027376019897,0.99,0.7535207943181704,3.8503439861514273
WN,ORACLE,A2,0,S_gls_pert,0.9978555555555555,0.9979027376019897,0.99,0.7535207943181704,3.850343986151427
WN,ORACLE,A2,0,S_gls_pool,0.9978555555555555,0.9979027376019897,0.99,0.7535207943181704,3.850343986151427
WN,ORACLE,A2,0,S_gls_ema,0.9978555555555555,0.9979027376019897,0.99,0.7535207943181704,3.850343986151427
WN,ORACLE,A2,0,S_gls_hybrid,0.997311111111111,0.9973954874571158,0.9866666666666667,0.76837890603832,3.909379108854729
WN,ORACLE,A2,0,S_gls_emp,0.9964666666666666,0.9966093274910133,0.9833333333333333,0.8166580655852753,4.05353746089307
WN,ORACLE,A2,0,S_gls_b,0.9978555555555555,0.9979027376019897,0.99,0.7535207943181704,3.850343986151427
WN,ORACLE,A2,0,S_chi2,0.7812222222222223,0.8182186927398578,0.42333333333333334,0.7172492156538058,1.6496831341945226
WN,ORACLE,A2,0,S_maha,0.8786888888888889,0.8918905934550494,0.59,30.687381539754835,44.433204583250685
WN,ORACLE,A3,0,S_max,0.7073555555555556,0.6446441310583694,0.0,2.2222552254854455,2.561261931180274
WN,ORACLE,A3,0,S_max_raw,0.9551999999999999,0.963611665419744,0.82,2.3266540717707604,4.02687803014014
WN,ORACLE,A3,0,S_band,0.6065111111111111,0.5827870518113741,0.06,0.19875,0.22427083333333334
WN,ORACLE,A3,0,S_mean,0.5302444444444445,0.533487197497684,0.056666666666666664,0.7535207943181704,0.8196004107264401
WN,ORACLE,A3,0,S_gls_pert,0.5302444444444445,0.533487197497684,0.056666666666666664,0.7535207943181704,0.8196004107264401
WN,ORACLE,A3,0,S_gls_pool,0.5302444444444445,0.533487197497684,0.056666666666666664,0.7535207943181704,0.8196004107264401
WN,ORACLE,A3,0,S_gls_ema,0.5302444444444445,0.533487197497684,0.056666666666666664,0.7535207943181704,0.8196004107264401
WN,ORACLE,A3,0,S_gls_hybrid,0.5380666666666666,0.5351754798705453,0.05333333333333334,0.76837890603832,0.844306815024457
WN,ORACLE,A3,0,S_gls_emp,0.5429555555555555,0.5350127948613752,0.05333333333333334,0.8166580655852753,0.9042069369196798
WN,ORACLE,A3,0,S_gls_b,0.5302444444444445,0.533487197497684,0.056666666666666664,0.7535207943181704,0.8196004107264401
WN,ORACLE,A3,0,S_chi2,0.5440777777777777,0.5597365232077212,0.09,0.7172492156538058,0.8285616247699283
WN,ORACLE,A3,0,S_maha,0.7164222222222222,0.7006316734993583,0.18333333333333332,30.687381539754835,36.33417059184657
WN,ORACLE,A4,0,S_max,0.8651833333333334,0.7885651608927471,0.0,2.2222552254854455,2.5758293035489004
WN,ORACLE,A4,0,S_max_raw,0.9684555555555554,0.9677981456604677,0.8,2.3266540717707604,3.6840011834002886
WN,ORACLE,A4,0,S_band,0.97945,0.9741839275512643,0.82,0.19875,0.41802083333333334
WN,ORACLE,A4,0,S_mean,0.6115888888888888,0.6540765279379512,0.19,0.7535207943181704,1.1099790243341472
WN,ORACLE,A4,0,S_gls_pert,0.6115888888888888,0.6540765279379512,0.19,0.7535207943181704,1.109979024334147
WN,ORACLE,A4,0,S_gls_pool,0.6115888888888888,0.6540765279379512,0.19,0.7535207943181704,1.109979024334147
WN,ORACLE,A4,0,S_gls_ema,0.6115888888888888,0.6540765279379512,0.19,0.7535207943181704,1.109979024334147
WN,ORACLE,A4,0,S_gls_hybrid,0.6102444444444444,0.6513196756263998,0.18666666666666668,0.76837890603832,1.1281153959871473
WN,ORACLE,A4,0,S_gls_emp,0.6141888888888889,0.6500896394926323,0.18666666666666668,0.8166580655852753,1.1983594874605934
WN,ORACLE,A4,0,S_gls_b,0.6115888888888888,0.6540765279379512,0.19,0.7535207943181704,1.109979024334147
WN,ORACLE,A4,0,S_chi2,0.9892555555555556,0.9909153685226431,0.9433333333333334,0.7172492156538058,4.243514982503913
WN,ORACLE,A4,0,S_maha,0.9958444444444445,0.9960138109200335,0.9833333333333333,30.687381539754835,65.9481198600313
WN,ORACLE,A0,1,S_max,0.0,0.5,0.0,2.249561447146882,0.0
WN,ORACLE,A0,1,S_max_raw,0.0,0.5,0.0,2.363319229862328,0.0
WN,ORACLE,A0,1,S_band,0.0,0.5,0.0,0.1971875,0.0
WN,ORACLE,A0,1,S_mean,0.0,0.5,0.0,0.750359981813574,0.0
WN,ORACLE,A0,1,S_gls_pert,0.0,0.5,0.0,0.7503599818135739,0.0
WN,ORACLE,A0,1,S_gls_pool,0.0,0.5,0.0,0.7503599818135739,0.0
WN,ORACLE,A0,1,S_gls_ema,0.0,0.5,0.0,0.7503599818135739,0.0
WN,ORACLE,A0,1,S_gls_hybrid,0.0,0.5,0.0,0.7592096557304091,0.0
WN,ORACLE,A0,1,S_gls_emp,0.0,0.5,0.0,0.7943116513788374,0.0
WN,ORACLE,A0,1,S_gls_b,0.0,0.5,0.0,0.7503599818135739,0.0
WN,ORACLE,A0,1,S_chi2,1.0,1.0,1.0,0.7495877096827166,4.0
WN,ORACLE,A0,1,S_maha,0.0,0.5,0.0,30.267472046235465,0.0
WN,ORACLE,A1,1,S_max,0.0,0.5,0.0,2.249561447146882,0.6987049837700042
WN,ORACLE,A1,1,S_max_raw,0.0,0.5,0.0,2.363319229862328,0.70001063746742
WN,ORACLE,A1,1,S_band,0.0,0.5,0.0,0.1971875,0.0
WN,ORACLE,A1,1,S_mean,1.0,1.0,1.0,0.750359981813574,3.9524722565808537
WN,ORACLE,A1,1,S_gls_pert,1.0,1.0,1.0,0.7503599818135739,3.9524722565808506
WN,ORACLE,A1,1,S_gls_pool,1.0,1.0,1.0,0.7503599818135739,3.9524722565808506
WN,ORACLE,A1,1,S_gls_ema,1.0,1.0,1.0,0.7503599818135739,3.9524722565808506
WN,ORACLE,A1,1,S_gls_hybrid,1.0,1.0,1.0,0.7592096557304091,3.975848014154359
WN,ORACLE,A1,1,S_gls_emp,1.0,1.0,1.0,0.7943116513788374,4.055197953527398
WN,ORACLE,A1,1,S_gls_b,1.0,1.0,1.0,0.7503599818135739,3.9524722565808506
WN,ORACLE,A1,1,S_chi2,0.9866666666666667,0.9868421052631579,1.0,0.7495877096827166,2.047245382619833
WN,ORACLE,A1,1,S_maha,0.010000000000000009,0.5025125628140703,0.0,30.267472046235465,15.622036939041328
WN,ORACLE,A1p,1,S_max,0.0,0.5,0.0,2.249561447146882,0.6987049837700042
WN,ORACLE,A1p,1,S_max_raw,0.0,0.5,0.0,2.363319229862328,0.70001063746742
WN,ORACLE,A1p,1,S_band,0.0,0.5,0.0,0.1971875,0.0
WN,ORACLE,A1p,1,S_mean,1.0,1.0,1.0,0.750359981813574,3.9524722565808537
WN,ORACLE,A1p,1,S_gls_pert,1.0,1.0,1.0,0.7503599818135739,3.9524722565808506
WN,ORACLE,A1p,1,S_gls_pool,1.0,1.0,1.0,0.7503599818135739,3.9524722565808506
WN,ORACLE,A1p,1,S_gls_ema,1.0,1.0,1.0,0.7503599818135739,3.9524722565808506
WN,ORACLE,A1p,1,S_gls_hybrid,1.0,1.0,1.0,0.7592096557304091,3.975848014154359
WN,ORACLE,A1p,1,S_gls_emp,1.0,1.0,1.0,0.7943116513788374,4.055197953527398
WN,ORACLE,A1p,1,S_gls_b,1.0,1.0,1.0,0.7503599818135739,3.9524722565808506
WN,ORACLE,A1p,1,S_chi2,0.9866666666666667,0.9868421052631579,1.0,0.7495877096827166,2.047245382619833
WN,ORACLE,A1p,1,S_maha,0.010000000000000009,0.5025125628140703,0.0,30.267472046235465,15.622036939041328
WN,ORACLE,A2,1,S_max,0.5699666666666667,0.6027879920908976,0.0,2.249561447146882,2.464809254876267
WN,ORACLE,A2,1,S_max_raw,0.7360777777777778,0.7165818191031966,0.23333333333333334,2.363319229862328,2.776903712159471
WN,ORACLE,A2,1,S_band,0.8277888888888889,0.8160149810407097,0.35333333333333333,0.1971875,0.29604166666666665
WN,ORACLE,A2,1,S_mean,0.9961777777777778,0.9964211766920623,0.97,0.750359981813574,3.851156629846969
WN,ORACLE,A2,1,S_gls_pert,0.9961777777777778,0.9964211766920623,0.97,0.7503599818135739,3.851156629846968
WN,ORACLE,A2,1,S_gls_pool,0.9961777777777778,0.9964211766920623,0.97,0.7503599818135739,3.851156629846968
WN,ORACLE,A2,1,S_gls_ema,0.9961777777777778,0.9964211766920623,0.97,0.7503599818135739,3.851156629846968
WN,ORACLE,A2,1,S_gls_hybrid,0.9957666666666667,0.9960649764460832,0.9733333333333334,0.7592096557304091,3.8744323837992027
WN,ORACLE,A2,1,S_gls_emp,0.9946,0.9950414764796951,0.9733333333333334,0.7943116513788374,3.95174929302576
WN,ORACLE,A2,1,S_gls_b,0.9961777777777778,0.9964211766920623,0.97,0.7503599818135739,3.851156629846968
WN,ORACLE,A2,1,S_chi2,0.7561222222222223,0.8063063766571271,0.43333333333333335,0.7495877096827166,1.6020278044154532
WN,ORACLE,A2,1,S_maha,0.8791666666666667,0.8937756479971821,0.59,30.267472046235465,44.05465676248491
WN,ORACLE,A3,1,S_max,0.6826111111111111,0.6234358522375749,0.0,2.249561447146882,2.5640602695024524
WN,ORACLE,A3,1,S_max_raw,0.9504055555555555,0.9557510821808881,0.8233333333333334,2.363319229862328,3.9592846804702266
WN,ORACLE,A3,1,S_band,0.6064166666666667,0.5842495909214479,0.06,0.1971875,0.2234375
WN,ORACLE,A3,1,S_mean,0.5386055555555556,0.5404051456317478,0.07,0.750359981813574,0.8318904448135627
WN,ORACLE,A3,1,S_gls_pert,0.5386055555555556,0.5404051456317478,0.07,0.7503599818135739,0.8318904448135626
WN,ORACLE,A3,1,S_gls_pool,0.5386055555555556,0.5404051456317478,0.07,0.7503599818135739,0.8318904448135626
WN,ORACLE,A3,1,S_gls_ema,0.5386055555555556,0.5404051456317478,0.07,0.7503599818135739,0.8318904448135626
WN,ORACLE,A3,1,S_gls_hybrid,0.5354611111111112,0.5376227289889288,0.07,0.7592096557304091,0.8371498481265631
WN,ORACLE,A3,1,S_gls_emp,0.5297055555555557,0.5366595216343204,0.08666666666666667,0.7943116513788374,0.8688763058836645
WN,ORACLE,A3,1,S_gls_b,0.5386055555555556,0.5404051456317478,0.07,0.7503599818135739,0.8318904448135626
WN,ORACLE,A3,1,S_chi2,0.5047055555555555,0.5477289629577355,0.1,0.7495877096827166,0.799126778069706
WN,ORACLE,A3,1,S_maha,0.7095722222222223,0.702367848606358,0.19333333333333333,30.267472046235465,35.945810411597755
WN,ORACLE,A4,1,S_max,0.8390666666666667,0.7593134871515202,0.0,2.249561447146882,2.572131072010643
WN,ORACLE,A4,1,S_max_raw,0.9528444444444445,0.9480206362646568,0.79,2.363319229862328,3.6606089735654206
WN,ORACLE,A4,1,S_band,0.9759055555555556,0.9727594698618174,0.8533333333333334,0.1971875,0.41739583333333335
WN,ORACLE,A4,1,S_mean,0.6311888888888889,0.6645575918554774,0.17333333333333334,0.750359981813574,1.1349389496756939
WN,ORACLE,A4,1,S_gls_pert,0.6311888888888889,0.6645575918554774,0.17333333333333334,0.7503599818135739,1.1349389496756936
WN,ORACLE,A4,1,S_gls_pool,0.6311888888888889,0.6645575918554774,0.17333333333333334,0.7503599818135739,1.1349389496756936
WN,ORACLE,A4,1,S_gls_ema,0.6311888888888889,0.6645575918554774,0.17333333333333334,0.7503599818135739,1.1349389496756936
WN,ORACLE,A4,1,S_gls_hybrid,0.6333222222222222,0.6662475180652464,0.19,0.7592096557304091,1.1519801622730519
WN,ORACLE,A4,1,S_gls_emp,0.633511111111111,0.666004865635583,0.20666666666666667,0.7943116513788374,1.1969509227317123
WN,ORACLE,A4,1,S_gls_b,0.6311888888888889,0.6645575918554774,0.17333333333333334,0.7503599818135739,1.1349389496756936
WN,ORACLE,A4,1,S_chi2,0.9850666666666668,0.9882348008420381,0.9433333333333334,0.7495877096827166,4.173085191230839
WN,ORACLE,A4,1,S_maha,0.9940333333333333,0.9949103292910232,0.97,30.267472046235465,65.36332060976868
WN,ORACLE,A0,2,S_max,0.0,0.5,0.0,2.2429477816622794,0.0
WN,ORACLE,A0,2,S_max_raw,0.0,0.5,0.0,2.332035535420163,0.0
WN,ORACLE,A0,2,S_band,0.0,0.5,0.0,0.1965625,0.0
WN,ORACLE,A0,2,S_mean,0.0,0.5,0.0,0.8013141182654828,0.0
WN,ORACLE,A0,2,S_gls_pert,0.0,0.5,0.0,0.8013141182654827,0.0
WN,ORACLE,A0,2,S_gls_pool,0.0,0.5,0.0,0.8013141182654827,0.0
WN,ORACLE,A0,2,S_gls_ema,0.0,0.5,0.0,0.8013141182654827,0.0
WN,ORACLE,A0,2,S_gls_hybrid,0.0,0.5,0.0,0.8185374566900775,0.0
WN,ORACLE,A0,2,S_gls_emp,0.0,0.5,0.0,0.8581042841137745,0.0
WN,ORACLE,A0,2,S_gls_b,0.0,0.5,0.0,0.8013141182654827,0.0
WN,ORACLE,A0,2,S_chi2,1.0,1.0,1.0,0.7679426967736985,4.0
WN,ORACLE,A0,2,S_maha,0.0,0.5,0.0,30.7416395865312,0.0
WN,ORACLE,A1,2,S_max,0.0,0.5,0.0,2.2429477816622794,0.6987049837700042
WN,ORACLE,A1,2,S_max_raw,0.0,0.5,0.0,2.332035535420163,0.70001063746742
WN,ORACLE,A1,2,S_band,0.0,0.5,0.0,0.1965625,0.0
WN,ORACLE,A1,2,S_mean,1.0,1.0,1.0,0.8013141182654828,3.9524722565808537
WN,ORACLE,A1,2,S_gls_pert,1.0,1.0,1.0,0.8013141182654827,3.9524722565808506
WN,ORACLE,A1,2,S_gls_pool,1.0,1.0,1.0,0.8013141182654827,3.9524722565808506
WN,ORACLE,A1,2,S_gls_ema,1.0,1.0,1.0,0.8013141182654827,3.9524722565808506
WN,ORACLE,A1,2,S_gls_hybrid,1.0,1.0,1.0,0.8185374566900775,4.07326423214873
WN,ORACLE,A1,2,S_gls_emp,1.0,1.0,1.0,0.8581042841137745,4.257787257918071
WN,ORACLE,A1,2,S_gls_b,1.0,1.0,1.0,0.8013141182654827,3.9524722565808506
WN,ORACLE,A1,2,S_chi2,0.98,0.9803921568627451,1.0,0.7679426967736985,2.047245382619833
WN,ORACLE,A1,2,S_maha,0.0033333333333332993,0.5008347245409015,0.0,30.7416395865312,15.622036939041328
WN,ORACLE,A1p,2,S_max,0.0,0.5,0.0,2.2429477816622794,0.6987049837700042
WN,ORACLE,A1p,2,S_max_raw,0.0,0.5,0.0,2.332035535420163,0.70001063746742
WN,ORACLE,A1p,2,S_band,0.0,0.5,0.0,0.1965625,0.0
WN,ORACLE,A1p,2,S_mean,1.0,1.0,1.0,0.8013141182654828,3.9524722565808537
WN,ORACLE,A1p,2,S_gls_pert,1.0,1.0,1.0,0.8013141182654827,3.9524722565808506
WN,ORACLE,A1p,2,S_gls_pool,1.0,1.0,1.0,0.8013141182654827,3.9524722565808506
WN,ORACLE,A1p,2,S_gls_ema,1.0,1.0,1.0,0.8013141182654827,3.9524722565808506
WN,ORACLE,A1p,2,S_gls_hybrid,1.0,1.0,1.0,0.8185374566900775,4.07326423214873
WN,ORACLE,A1p,2,S_gls_emp,1.0,1.0,1.0,0.8581042841137745,4.257787257918071
WN,ORACLE,A1p,2,S_gls_b,1.0,1.0,1.0,0.8013141182654827,3.9524722565808506
WN,ORACLE,A1p,2,S_chi2,0.98,0.9803921568627451,1.0,0.7679426967736985,2.047245382619833
WN,ORACLE,A1p,2,S_maha,0.0033333333333332993,0.5008347245409015,0.0,30.7416395865312,15.622036939041328
WN,ORACLE,A2,2,S_max,0.5783166666666667,0.6068380057226348,0.0,2.2429477816622794,2.480437731050091
WN,ORACLE,A2,2,S_max_raw,0.7505666666666666,0.7307592094301789,0.2733333333333333,2.332035535420163,2.7477065020050895
WN,ORACLE,A2,2,S_band,0.8364555555555556,0.8131105840500826,0.38333333333333336,0.1965625,0.3047916666666667
WN,ORACLE,A2,2,S_mean,0.9944333333333333,0.9948576011689345,0.96,0.8013141182654828,3.83360165922134
WN,ORACLE,A2,2,S_gls_pert,0.9944333333333333,0.9948576011689345,0.96,0.8013141182654827,3.83360165922134
WN,ORACLE,A2,2,S_gls_pool,0.9944333333333333,0.9948576011689345,0.96,0.8013141182654827,3.83360165922134
WN,ORACLE,A2,2,S_gls_ema,0.9944333333333333,0.9948576011689345,0.96,0.8013141182654827,3.83360165922134
WN,ORACLE,A2,2,S_gls_hybrid,0.9943777777777778,0.9948053716710019,0.9666666666666667,0.8185374566900775,3.9433476299850803
WN,ORACLE,A2,2,S_gls_emp,0.9937888888888888,0.9943282944353686,0.9633333333333334,0.8581042841137745,4.114210369655342
WN,ORACLE,A2,2,S_gls_b,0.9944333333333333,0.9948576011689345,0.96,0.8013141182654827,3.83360165922134
WN,ORACLE,A2,2,S_chi2,0.7338777777777779,0.78434472305431,0.4166666666666667,0.7679426967736985,1.6076032420062862
WN,ORACLE,A2,2,S_maha,0.8723555555555556,0.8766393138586959,0.5066666666666667,30.7416395865312,44.40605607999757
WN,ORACLE,A3,2,S_max,0.6755277777777777,0.6184434039337585,0.0,2.2429477816622794,2.55613805119357
WN,ORACLE,A3,2,S_max_raw,0.9428277777777778,0.9550007582728793,0.8266666666666667,2.332035535420163,4.035298769010904
WN,ORACLE,A3,2,S_band,0.5931055555555557,0.5673926435031693,0.07666666666666666,0.1965625,0.22052083333333333
WN,ORACLE,A3,2,S_mean,0.5027666666666667,0.522027128552115,0.07,0.8013141182654828,0.8337324932696827
WN,ORACLE,A3,2,S_gls_pert,0.5027666666666667,0.522027128552115,0.07,0.8013141182654827,0.8337324932696825
WN,ORACLE,A3,2,S_gls_pool,0.5027666666666667,0.522027128552115,0.07,0.8013141182654827,0.8337324932696825
WN,ORACLE,A3,2,S_gls_ema,0.5027666666666667,0.522027128552115,0.07,0.8013141182654827,0.8337324932696825
WN,ORACLE,A3,2,S_gls_hybrid,0.5046111111111111,0.5246621416151619,0.07333333333333333,0.8185374566900775,0.8540278053771886
WN,ORACLE,A3,2,S_gls_emp,0.5017111111111111,0.5236571377029554,0.09,0.8581042841137745,0.8939270580382174
WN,ORACLE,A3,2,S_gls_b,0.5027666666666667,0.522027128552115,0.07,0.8013141182654827,0.8337324932696825
WN,ORACLE,A3,2,S_chi2,0.5156444444444445,0.5488266716472923,0.11666666666666667,0.7679426967736985,0.83642604120745
WN,ORACLE,A3,2,S_maha,0.6930888888888889,0.6790195909077003,0.19333333333333333,30.7416395865312,36.18616196226228
WN,ORACLE,A4,2,S_max,0.8403666666666667,0.760679863691284,0.0,2.2429477816622794,2.5719558161586638
WN,ORACLE,A4,2,S_max_raw,0.9643888888888889,0.9635571908737759,0.8366666666666667,2.332035535420163,3.7196845429916827
WN,ORACLE,A4,2,S_band,0.9789777777777778,0.9746932115006921,0.89,0.1965625,0.4221875
WN,ORACLE,A4,2,S_mean,0.6362222222222222,0.6746773484999218,0.20333333333333334,0.8013141182654828,1.2416088036739017
WN,ORACLE,A4,2,S_gls_pert,0.6362222222222222,0.6746773484999218,0.20333333333333334,0.8013141182654827,1.2416088036739015
WN,ORACLE,A4,2,S_gls_pool,0.6362222222222222,0.6746773484999218,0.20333333333333334,0.8013141182654827,1.2416088036739015
WN,ORACLE,A4,2,S_gls_ema,0.6362222222222222,0.6746773484999218,0.20333333333333334,0.8013141182654827,1.2416088036739015
WN,ORACLE,A4,2,S_gls_hybrid,0.6454111111111112,0.6771070961917309,0.21333333333333335,0.8185374566900775,1.2865212019850707
WN,ORACLE,A4,2,S_gls_emp,0.6529555555555556,0.6793124540976714,0.22,0.8581042841137745,1.3643601029646524
WN,ORACLE,A4,2,S_gls_b,0.6362222222222222,0.6746773484999218,0.20333333333333334,0.8013141182654827,1.2416088036739015
WN,ORACLE,A4,2,S_chi2,0.9916222222222222,0.9927655929368719,0.9566666666666667,0.7679426967736985,4.250316368470819
WN,ORACLE,A4,2,S_maha,0.9941111111111111,0.9954133088846512,0.9733333333333334,30.7416395865312,65.94381780389537
